2026-02-06 09:57:46 --- Monitor run started ---
2026-02-06 09:57:49 Active sessions: 5 / 15
2026-02-06 09:57:52 📝 Completed PRs found: 50
2026-02-06 09:57:52 Available slots: 10
2026-02-06 09:57:56 ✅ Launched: Editorial: Enrich Beach Data - Tags -> sessions/374701169556927797
2026-02-06 09:58:02 ✅ Launched: Editorial: Enrich Hiking Data - Tags -> sessions/7797745209073237697
2026-02-06 09:58:08 ✅ Launched: Editorial: Enrich Surf Data - Tags -> sessions/14736766842138383957
2026-02-06 09:58:14 ✅ Launched: Images: Mountain Snowdonia Brecon -> sessions/8580814823698281276
2026-02-06 09:58:20 ✅ Launched: Images: Surf Breaks Wales -> sessions/10144809958368636896
2026-02-06 09:58:26 ✅ Launched: Images: Wild Swimming Wales -> sessions/15933058686637137275
2026-02-06 09:58:34 ✅ Launched: Research: Kayak Paddle Operators Wales -> sessions/17406800926662514180
2026-02-06 09:58:39 ✅ Launched: Research: Equipment Hire Wales -> sessions/16340741645235967488
2026-02-06 09:58:45 ✅ Launched: Research: Glamping Wales -> sessions/16272211517934982198
2026-02-06 09:58:51 ✅ Launched: Research: Webcams Conditions Wales -> sessions/3665214360813488397
2026-02-06 09:58:53 Launched 10 tasks this run
2026-02-06 09:58:53 --- Monitor run complete ---
2026-02-06 10:10:04 --- Monitor run started ---
2026-02-06 10:10:07 Active sessions: 8 / 15
2026-02-06 10:10:10 📝 Completed PRs found: 44
2026-02-06 10:10:10 Available slots: 7
2026-02-06 10:10:13 ✅ Launched: Research: Wildlife Spotting Wales -> sessions/11900877461653797910
2026-02-06 10:10:19 ✅ Launched: Research: Bus Routes Adventures Wales -> sessions/17576128814089668881
2026-02-06 10:10:21 No more pending tasks
2026-02-06 10:10:21 Launched 2 tasks this run
2026-02-06 10:10:21 --- Monitor run complete ---
2026-02-06 10:20:03 --- Monitor run started ---
2026-02-06 10:20:06 Active sessions: 3 / 15
2026-02-06 10:20:09 📝 Completed PRs found: 54
2026-02-06 10:20:09 Available slots: 12
2026-02-06 10:20:09 No more pending tasks
2026-02-06 10:20:09 Launched 0 tasks this run
2026-02-06 10:20:09 --- Monitor run complete ---
2026-02-06 10:30:04 --- Monitor run started ---
2026-02-06 10:30:07 Active sessions: 1 / 15
2026-02-06 10:30:10 📝 Completed PRs found: 58
2026-02-06 10:30:10 Available slots: 14
2026-02-06 10:30:10 No more pending tasks
2026-02-06 10:30:10 Launched 0 tasks this run
2026-02-06 10:30:10 --- Monitor run complete ---
2026-02-06 10:40:03 --- Monitor run started ---
2026-02-06 10:40:06 Active sessions: 1 / 15
2026-02-06 10:40:09 📝 Completed PRs found: 58
2026-02-06 10:40:09 Available slots: 14
2026-02-06 10:40:09 No more pending tasks
2026-02-06 10:40:09 Launched 0 tasks this run
2026-02-06 10:40:09 --- Monitor run complete ---
2026-02-06 10:50:04 --- Monitor run started ---
2026-02-06 10:50:07 Active sessions: 1 / 15
2026-02-06 10:50:10 📝 Completed PRs found: 58
2026-02-06 10:50:10 Available slots: 14
2026-02-06 10:50:10 No more pending tasks
2026-02-06 10:50:10 Launched 0 tasks this run
2026-02-06 10:50:10 --- Monitor run complete ---
2026-02-06 11:00:04 --- Monitor run started ---
2026-02-06 11:00:07 Active sessions: 0 / 15
2026-02-06 11:00:10 📝 Completed PRs found: 58
2026-02-06 11:00:10 Available slots: 15
2026-02-06 11:00:10 No more pending tasks
2026-02-06 11:00:10 Launched 0 tasks this run
2026-02-06 11:00:10 --- Monitor run complete ---
2026-02-06 11:10:03 --- Monitor run started ---
2026-02-06 11:10:06 Active sessions: 0 / 15
2026-02-06 11:10:09 📝 Completed PRs found: 58
2026-02-06 11:10:10 Available slots: 15
2026-02-06 11:10:10 No more pending tasks
2026-02-06 11:10:10 Launched 0 tasks this run
2026-02-06 11:10:10 --- Monitor run complete ---
2026-02-06 11:20:04 --- Monitor run started ---
2026-02-06 11:20:07 Active sessions: 0 / 15
2026-02-06 11:20:10 📝 Completed PRs found: 58
2026-02-06 11:20:10 Available slots: 15
2026-02-06 11:20:10 No more pending tasks
2026-02-06 11:20:10 Launched 0 tasks this run
2026-02-06 11:20:10 --- Monitor run complete ---
2026-02-06 11:30:03 --- Monitor run started ---
2026-02-06 11:30:06 Active sessions: 0 / 15
2026-02-06 11:30:09 📝 Completed PRs found: 58
2026-02-06 11:30:09 Available slots: 15
2026-02-06 11:30:09 No more pending tasks
2026-02-06 11:30:09 Launched 0 tasks this run
2026-02-06 11:30:09 --- Monitor run complete ---
2026-02-06 11:40:04 --- Monitor run started ---
2026-02-06 11:40:07 Active sessions: 0 / 15
2026-02-06 11:40:09 📝 Completed PRs found: 58
2026-02-06 11:40:09 Available slots: 15
2026-02-06 11:40:09 No more pending tasks
2026-02-06 11:40:09 Launched 0 tasks this run
2026-02-06 11:40:09 --- Monitor run complete ---
2026-02-06 11:50:03 --- Monitor run started ---
2026-02-06 11:50:06 Active sessions: 0 / 15
2026-02-06 11:50:10 📝 Completed PRs found: 58
2026-02-06 11:50:10 Available slots: 15
2026-02-06 11:50:10 No more pending tasks
2026-02-06 11:50:10 Launched 0 tasks this run
2026-02-06 11:50:10 --- Monitor run complete ---
2026-02-06 12:00:03 --- Monitor run started ---
2026-02-06 12:00:07 Active sessions: 0 / 15
2026-02-06 12:00:10 📝 Completed PRs found: 58
2026-02-06 12:00:10 Available slots: 15
2026-02-06 12:00:10 No more pending tasks
2026-02-06 12:00:10 Launched 0 tasks this run
2026-02-06 12:00:10 --- Monitor run complete ---
2026-02-06 12:10:03 --- Monitor run started ---
2026-02-06 12:10:06 Active sessions: 0 / 15
2026-02-06 12:10:08 📝 Completed PRs found: 58
2026-02-06 12:10:08 Available slots: 15
2026-02-06 12:10:08 No more pending tasks
2026-02-06 12:10:08 Launched 0 tasks this run
2026-02-06 12:10:08 --- Monitor run complete ---
2026-02-06 12:20:03 --- Monitor run started ---
2026-02-06 12:20:06 Active sessions: 0 / 15
2026-02-06 12:20:09 📝 Completed PRs found: 58
2026-02-06 12:20:09 Available slots: 15
2026-02-06 12:20:09 No more pending tasks
2026-02-06 12:20:09 Launched 0 tasks this run
2026-02-06 12:20:09 --- Monitor run complete ---
2026-02-06 12:30:04 --- Monitor run started ---
2026-02-06 12:30:06 Active sessions: 0 / 15
2026-02-06 12:30:10 📝 Completed PRs found: 58
2026-02-06 12:30:10 Available slots: 15
2026-02-06 12:30:10 No more pending tasks
2026-02-06 12:30:10 Launched 0 tasks this run
2026-02-06 12:30:10 --- Monitor run complete ---
2026-02-06 12:40:03 --- Monitor run started ---
2026-02-06 12:40:06 Active sessions: 0 / 15
2026-02-06 12:40:09 📝 Completed PRs found: 58
2026-02-06 12:40:09 Available slots: 15
2026-02-06 12:40:09 No more pending tasks
2026-02-06 12:40:09 Launched 0 tasks this run
2026-02-06 12:40:09 --- Monitor run complete ---
2026-02-06 12:50:04 --- Monitor run started ---
2026-02-06 12:50:07 Active sessions: 0 / 15
2026-02-06 12:50:10 📝 Completed PRs found: 58
2026-02-06 12:50:10 Available slots: 15
2026-02-06 12:50:10 No more pending tasks
2026-02-06 12:50:10 Launched 0 tasks this run
2026-02-06 12:50:10 --- Monitor run complete ---
2026-02-06 13:00:04 --- Monitor run started ---
2026-02-06 13:00:07 Active sessions: 0 / 15
2026-02-06 13:00:10 📝 Completed PRs found: 58
2026-02-06 13:00:10 Available slots: 15
2026-02-06 13:00:10 No more pending tasks
2026-02-06 13:00:10 Launched 0 tasks this run
2026-02-06 13:00:10 --- Monitor run complete ---
2026-02-06 13:10:04 --- Monitor run started ---
2026-02-06 13:10:07 Active sessions: 0 / 15
2026-02-06 13:10:10 📝 Completed PRs found: 58
2026-02-06 13:10:10 Available slots: 15
2026-02-06 13:10:10 No more pending tasks
2026-02-06 13:10:10 Launched 0 tasks this run
2026-02-06 13:10:10 --- Monitor run complete ---
2026-02-06 13:20:04 --- Monitor run started ---
2026-02-06 13:20:07 Active sessions: 0 / 15
2026-02-06 13:20:10 📝 Completed PRs found: 58
2026-02-06 13:20:10 Available slots: 15
2026-02-06 13:20:10 No more pending tasks
2026-02-06 13:20:10 Launched 0 tasks this run
2026-02-06 13:20:10 --- Monitor run complete ---
2026-02-06 13:30:03 --- Monitor run started ---
2026-02-06 13:30:07 Active sessions: 0 / 15
2026-02-06 13:30:11 📝 Completed PRs found: 58
2026-02-06 13:30:11 Available slots: 15
2026-02-06 13:30:11 No more pending tasks
2026-02-06 13:30:11 Launched 0 tasks this run
2026-02-06 13:30:11 --- Monitor run complete ---
2026-02-06 13:40:04 --- Monitor run started ---
2026-02-06 13:40:07 Active sessions: 0 / 15
2026-02-06 13:40:10 📝 Completed PRs found: 58
2026-02-06 13:40:10 Available slots: 15
2026-02-06 13:40:10 No more pending tasks
2026-02-06 13:40:10 Launched 0 tasks this run
2026-02-06 13:40:10 --- Monitor run complete ---
2026-02-06 13:50:04 --- Monitor run started ---
2026-02-06 13:50:04 Active sessions:  / 15
2026-02-06 13:50:05 Available slots: 15
2026-02-06 13:50:05 No more pending tasks
2026-02-06 13:50:05 Launched 0 tasks this run
2026-02-06 13:50:05 --- Monitor run complete ---
2026-02-06 14:00:04 --- Monitor run started ---
2026-02-06 14:00:05 Active sessions:  / 15
2026-02-06 14:00:05 Available slots: 15
2026-02-06 14:00:05 No more pending tasks
2026-02-06 14:00:05 Launched 0 tasks this run
2026-02-06 14:00:05 --- Monitor run complete ---
2026-02-06 14:10:03 --- Monitor run started ---
2026-02-06 14:10:04 Active sessions:  / 15
2026-02-06 14:10:05 Available slots: 15
2026-02-06 14:10:05 No more pending tasks
2026-02-06 14:10:05 Launched 0 tasks this run
2026-02-06 14:10:05 --- Monitor run complete ---
2026-02-06 14:20:11 --- Monitor run started ---
2026-02-06 14:20:11 Active sessions:  / 15
2026-02-06 14:20:12 Available slots: 15
2026-02-06 14:20:12 No more pending tasks
2026-02-06 14:20:12 Launched 0 tasks this run
2026-02-06 14:20:12 --- Monitor run complete ---
2026-02-06 14:30:04 --- Monitor run started ---
2026-02-06 14:30:04 Active sessions:  / 15
2026-02-06 14:30:05 Available slots: 15
2026-02-06 14:30:05 No more pending tasks
2026-02-06 14:30:05 Launched 0 tasks this run
2026-02-06 14:30:05 --- Monitor run complete ---
2026-02-06 14:40:04 --- Monitor run started ---
2026-02-06 14:40:04 Active sessions:  / 15
2026-02-06 14:40:05 Available slots: 15
2026-02-06 14:40:05 No more pending tasks
2026-02-06 14:40:05 Launched 0 tasks this run
2026-02-06 14:40:05 --- Monitor run complete ---
2026-02-06 14:50:03 --- Monitor run started ---
2026-02-06 14:50:03 Active sessions:  / 15
2026-02-06 14:50:04 Available slots: 15
2026-02-06 14:50:04 No more pending tasks
2026-02-06 14:50:04 Launched 0 tasks this run
2026-02-06 14:50:04 --- Monitor run complete ---
2026-02-06 15:00:04 --- Monitor run started ---
2026-02-06 15:00:05 Active sessions:  / 15
2026-02-06 15:00:05 Available slots: 15
2026-02-06 15:00:05 No more pending tasks
2026-02-06 15:00:05 Launched 0 tasks this run
2026-02-06 15:00:05 --- Monitor run complete ---
2026-02-06 15:10:04 --- Monitor run started ---
2026-02-06 15:10:04 Active sessions:  / 15
2026-02-06 15:10:05 Available slots: 15
2026-02-06 15:10:05 No more pending tasks
2026-02-06 15:10:05 Launched 0 tasks this run
2026-02-06 15:10:05 --- Monitor run complete ---
2026-02-06 15:20:04 --- Monitor run started ---
2026-02-06 15:20:04 Active sessions:  / 15
2026-02-06 15:20:05 Available slots: 15
2026-02-06 15:20:05 No more pending tasks
2026-02-06 15:20:05 Launched 0 tasks this run
2026-02-06 15:20:05 --- Monitor run complete ---
2026-02-06 15:30:04 --- Monitor run started ---
2026-02-06 15:30:05 Active sessions:  / 15
2026-02-06 15:30:06 Available slots: 15
2026-02-06 15:30:06 No more pending tasks
2026-02-06 15:30:06 Launched 0 tasks this run
2026-02-06 15:30:06 --- Monitor run complete ---
2026-02-06 15:40:05 --- Monitor run started ---
2026-02-06 15:40:05 Active sessions:  / 15
2026-02-06 15:40:06 Available slots: 15
2026-02-06 15:40:06 No more pending tasks
2026-02-06 15:40:06 Launched 0 tasks this run
2026-02-06 15:40:06 --- Monitor run complete ---
2026-02-06 15:50:04 --- Monitor run started ---
2026-02-06 15:50:04 Active sessions:  / 15
2026-02-06 15:50:05 Available slots: 15
2026-02-06 15:50:05 No more pending tasks
2026-02-06 15:50:05 Launched 0 tasks this run
2026-02-06 15:50:05 --- Monitor run complete ---
2026-02-06 16:00:03 --- Monitor run started ---
2026-02-06 16:00:04 Active sessions:  / 15
2026-02-06 16:00:04 Available slots: 15
2026-02-06 16:00:04 No more pending tasks
2026-02-06 16:00:04 Launched 0 tasks this run
2026-02-06 16:00:04 --- Monitor run complete ---
2026-02-06 16:10:04 --- Monitor run started ---
2026-02-06 16:10:04 Active sessions:  / 15
2026-02-06 16:10:05 Available slots: 15
2026-02-06 16:10:05 No more pending tasks
2026-02-06 16:10:05 Launched 0 tasks this run
2026-02-06 16:10:05 --- Monitor run complete ---
2026-02-06 16:20:04 --- Monitor run started ---
2026-02-06 16:20:05 Active sessions:  / 15
2026-02-06 16:20:05 Available slots: 15
2026-02-06 16:20:05 No more pending tasks
2026-02-06 16:20:05 Launched 0 tasks this run
2026-02-06 16:20:05 --- Monitor run complete ---
2026-02-06 16:30:04 --- Monitor run started ---
2026-02-06 16:30:04 Active sessions:  / 15
2026-02-06 16:30:05 Available slots: 15
2026-02-06 16:30:05 No more pending tasks
2026-02-06 16:30:05 Launched 0 tasks this run
2026-02-06 16:30:05 --- Monitor run complete ---
2026-02-06 16:40:03 --- Monitor run started ---
2026-02-06 16:40:04 Active sessions:  / 15
2026-02-06 16:40:04 Available slots: 15
2026-02-06 16:40:04 No more pending tasks
2026-02-06 16:40:04 Launched 0 tasks this run
2026-02-06 16:40:04 --- Monitor run complete ---
2026-02-06 16:50:04 --- Monitor run started ---
2026-02-06 16:50:04 Active sessions:  / 15
2026-02-06 16:50:05 Available slots: 15
2026-02-06 16:50:05 No more pending tasks
2026-02-06 16:50:05 Launched 0 tasks this run
2026-02-06 16:50:05 --- Monitor run complete ---
2026-02-06 17:00:03 --- Monitor run started ---
2026-02-06 17:00:04 Active sessions:  / 15
2026-02-06 17:00:04 Available slots: 15
2026-02-06 17:00:04 No more pending tasks
2026-02-06 17:00:04 Launched 0 tasks this run
2026-02-06 17:00:04 --- Monitor run complete ---
2026-02-06 17:10:04 --- Monitor run started ---
2026-02-06 17:10:05 Active sessions:  / 15
2026-02-06 17:10:06 Available slots: 15
2026-02-06 17:10:06 No more pending tasks
2026-02-06 17:10:06 Launched 0 tasks this run
2026-02-06 17:10:06 --- Monitor run complete ---
2026-02-06 17:20:04 --- Monitor run started ---
2026-02-06 17:20:05 Active sessions:  / 15
2026-02-06 17:20:05 Available slots: 15
2026-02-06 17:20:05 No more pending tasks
2026-02-06 17:20:05 Launched 0 tasks this run
2026-02-06 17:20:05 --- Monitor run complete ---
2026-02-06 17:30:04 --- Monitor run started ---
2026-02-06 17:30:04 Active sessions:  / 15
2026-02-06 17:30:05 Available slots: 15
2026-02-06 17:30:05 No more pending tasks
2026-02-06 17:30:05 Launched 0 tasks this run
2026-02-06 17:30:05 --- Monitor run complete ---
2026-02-06 17:40:04 --- Monitor run started ---
2026-02-06 17:40:04 Active sessions:  / 15
2026-02-06 17:40:05 Available slots: 15
2026-02-06 17:40:05 No more pending tasks
2026-02-06 17:40:05 Launched 0 tasks this run
2026-02-06 17:40:05 --- Monitor run complete ---
2026-02-06 17:50:04 --- Monitor run started ---
2026-02-06 17:50:05 Active sessions:  / 15
2026-02-06 17:50:05 Available slots: 15
2026-02-06 17:50:05 No more pending tasks
2026-02-06 17:50:05 Launched 0 tasks this run
2026-02-06 17:50:05 --- Monitor run complete ---
2026-02-06 18:00:05 --- Monitor run started ---
2026-02-06 18:00:05 Active sessions:  / 15
2026-02-06 18:00:06 Available slots: 15
2026-02-06 18:00:06 No more pending tasks
2026-02-06 18:00:06 Launched 0 tasks this run
2026-02-06 18:00:06 --- Monitor run complete ---
2026-02-06 18:10:04 --- Monitor run started ---
2026-02-06 18:10:04 Active sessions:  / 15
2026-02-06 18:10:05 Available slots: 15
2026-02-06 18:10:05 No more pending tasks
2026-02-06 18:10:05 Launched 0 tasks this run
2026-02-06 18:10:05 --- Monitor run complete ---
2026-02-06 18:20:03 --- Monitor run started ---
2026-02-06 18:20:04 Active sessions:  / 15
2026-02-06 18:20:04 Available slots: 15
2026-02-06 18:20:04 No more pending tasks
2026-02-06 18:20:04 Launched 0 tasks this run
2026-02-06 18:20:04 --- Monitor run complete ---
2026-02-06 18:30:04 --- Monitor run started ---
2026-02-06 18:30:05 Active sessions:  / 15
2026-02-06 18:30:06 Available slots: 15
2026-02-06 18:30:06 No more pending tasks
2026-02-06 18:30:06 Launched 0 tasks this run
2026-02-06 18:30:06 --- Monitor run complete ---
2026-02-06 18:40:03 --- Monitor run started ---
2026-02-06 18:40:04 Active sessions:  / 15
2026-02-06 18:40:04 Available slots: 15
2026-02-06 18:40:04 No more pending tasks
2026-02-06 18:40:04 Launched 0 tasks this run
2026-02-06 18:40:04 --- Monitor run complete ---
2026-02-06 18:50:04 --- Monitor run started ---
2026-02-06 18:50:05 Active sessions:  / 15
2026-02-06 18:50:05 Available slots: 15
2026-02-06 18:50:05 No more pending tasks
2026-02-06 18:50:05 Launched 0 tasks this run
2026-02-06 18:50:05 --- Monitor run complete ---
2026-02-06 19:00:04 --- Monitor run started ---
2026-02-06 19:00:05 Active sessions:  / 15
2026-02-06 19:00:06 Available slots: 15
2026-02-06 19:00:06 No more pending tasks
2026-02-06 19:00:06 Launched 0 tasks this run
2026-02-06 19:00:06 --- Monitor run complete ---
2026-02-06 19:10:03 --- Monitor run started ---
2026-02-06 19:10:04 Active sessions:  / 15
2026-02-06 19:10:04 Available slots: 15
2026-02-06 19:10:04 No more pending tasks
2026-02-06 19:10:04 Launched 0 tasks this run
2026-02-06 19:10:04 --- Monitor run complete ---
2026-02-06 19:20:11 --- Monitor run started ---
2026-02-06 19:20:12 Active sessions:  / 15
2026-02-06 19:20:12 Available slots: 15
2026-02-06 19:20:12 No more pending tasks
2026-02-06 19:20:12 Launched 0 tasks this run
2026-02-06 19:20:12 --- Monitor run complete ---
2026-02-06 19:30:04 --- Monitor run started ---
2026-02-06 19:30:04 Active sessions:  / 15
2026-02-06 19:30:05 Available slots: 15
2026-02-06 19:30:05 No more pending tasks
2026-02-06 19:30:05 Launched 0 tasks this run
2026-02-06 19:30:05 --- Monitor run complete ---
2026-02-06 22:00:04 --- Monitor run started ---
2026-02-06 22:00:05 Active sessions:  / 15
2026-02-06 22:00:05 Available slots: 15
2026-02-06 22:00:05 No more pending tasks
2026-02-06 22:00:05 Launched 0 tasks this run
2026-02-06 22:00:05 --- Monitor run complete ---
2026-02-06 22:10:03 --- Monitor run started ---
2026-02-06 22:10:04 Active sessions:  / 15
2026-02-06 22:10:04 Available slots: 15
2026-02-06 22:10:04 No more pending tasks
2026-02-06 22:10:04 Launched 0 tasks this run
2026-02-06 22:10:04 --- Monitor run complete ---
2026-02-06 22:20:03 --- Monitor run started ---
2026-02-06 22:20:04 Active sessions:  / 15
2026-02-06 22:20:04 Available slots: 15
2026-02-06 22:20:04 No more pending tasks
2026-02-06 22:20:04 Launched 0 tasks this run
2026-02-06 22:20:04 --- Monitor run complete ---
2026-02-06 22:30:03 --- Monitor run started ---
2026-02-06 22:30:04 Active sessions:  / 15
2026-02-06 22:30:04 Available slots: 15
2026-02-06 22:30:04 No more pending tasks
2026-02-06 22:30:04 Launched 0 tasks this run
2026-02-06 22:30:04 --- Monitor run complete ---
2026-02-06 22:40:04 --- Monitor run started ---
2026-02-06 22:40:04 Active sessions:  / 15
2026-02-06 22:40:05 Available slots: 15
2026-02-06 22:40:05 No more pending tasks
2026-02-06 22:40:05 Launched 0 tasks this run
2026-02-06 22:40:05 --- Monitor run complete ---
2026-02-06 22:50:03 --- Monitor run started ---
2026-02-06 22:50:04 Active sessions:  / 15
2026-02-06 22:50:04 Available slots: 15
2026-02-06 22:50:04 No more pending tasks
2026-02-06 22:50:04 Launched 0 tasks this run
2026-02-06 22:50:04 --- Monitor run complete ---
2026-02-06 23:00:03 --- Monitor run started ---
2026-02-06 23:00:04 Active sessions:  / 15
2026-02-06 23:00:05 Available slots: 15
2026-02-06 23:00:05 No more pending tasks
2026-02-06 23:00:05 Launched 0 tasks this run
2026-02-06 23:00:05 --- Monitor run complete ---
2026-02-06 23:10:04 --- Monitor run started ---
2026-02-06 23:10:04 Active sessions:  / 15
2026-02-06 23:10:05 Available slots: 15
2026-02-06 23:10:05 No more pending tasks
2026-02-06 23:10:05 Launched 0 tasks this run
2026-02-06 23:10:05 --- Monitor run complete ---
2026-02-06 23:20:03 --- Monitor run started ---
2026-02-06 23:20:04 Active sessions:  / 15
2026-02-06 23:20:05 Available slots: 15
2026-02-06 23:20:05 No more pending tasks
2026-02-06 23:20:05 Launched 0 tasks this run
2026-02-06 23:20:05 --- Monitor run complete ---
2026-02-06 23:30:04 --- Monitor run started ---
2026-02-06 23:30:05 Active sessions:  / 15
2026-02-06 23:30:05 Available slots: 15
2026-02-06 23:30:05 No more pending tasks
2026-02-06 23:30:05 Launched 0 tasks this run
2026-02-06 23:30:05 --- Monitor run complete ---
2026-02-06 23:40:04 --- Monitor run started ---
2026-02-06 23:40:04 Active sessions:  / 15
2026-02-06 23:40:05 Available slots: 15
2026-02-06 23:40:05 No more pending tasks
2026-02-06 23:40:05 Launched 0 tasks this run
2026-02-06 23:40:05 --- Monitor run complete ---
2026-02-06 23:50:27 --- Monitor run started ---
2026-02-06 23:50:28 Active sessions:  / 15
2026-02-06 23:50:28 Available slots: 15
2026-02-06 23:50:28 No more pending tasks
2026-02-06 23:50:28 Launched 0 tasks this run
2026-02-06 23:50:28 --- Monitor run complete ---
2026-02-07 00:00:03 --- Monitor run started ---
2026-02-07 00:00:04 Active sessions:  / 15
2026-02-07 00:00:04 Available slots: 15
2026-02-07 00:00:04 No more pending tasks
2026-02-07 00:00:04 Launched 0 tasks this run
2026-02-07 00:00:04 --- Monitor run complete ---
2026-02-07 00:10:03 --- Monitor run started ---
2026-02-07 00:10:04 Active sessions:  / 15
2026-02-07 00:10:04 Available slots: 15
2026-02-07 00:10:04 No more pending tasks
2026-02-07 00:10:04 Launched 0 tasks this run
2026-02-07 00:10:04 --- Monitor run complete ---
2026-02-07 00:20:04 --- Monitor run started ---
2026-02-07 00:20:04 Active sessions:  / 15
2026-02-07 00:20:05 Available slots: 15
2026-02-07 00:20:05 No more pending tasks
2026-02-07 00:20:05 Launched 0 tasks this run
2026-02-07 00:20:05 --- Monitor run complete ---
2026-02-07 00:30:03 --- Monitor run started ---
2026-02-07 00:30:03 Active sessions:  / 15
2026-02-07 00:30:04 Available slots: 15
2026-02-07 00:30:04 No more pending tasks
2026-02-07 00:30:04 Launched 0 tasks this run
2026-02-07 00:30:04 --- Monitor run complete ---
2026-02-07 00:40:03 --- Monitor run started ---
2026-02-07 00:40:04 Active sessions:  / 15
2026-02-07 00:40:05 Available slots: 15
2026-02-07 00:40:05 No more pending tasks
2026-02-07 00:40:05 Launched 0 tasks this run
2026-02-07 00:40:05 --- Monitor run complete ---
2026-02-07 00:50:03 --- Monitor run started ---
2026-02-07 00:50:04 Active sessions:  / 15
2026-02-07 00:50:05 Available slots: 15
2026-02-07 00:50:05 No more pending tasks
2026-02-07 00:50:05 Launched 0 tasks this run
2026-02-07 00:50:05 --- Monitor run complete ---
2026-02-07 01:00:03 --- Monitor run started ---
2026-02-07 01:00:04 Active sessions:  / 15
2026-02-07 01:00:04 Available slots: 15
2026-02-07 01:00:04 No more pending tasks
2026-02-07 01:00:04 Launched 0 tasks this run
2026-02-07 01:00:04 --- Monitor run complete ---
2026-02-07 01:10:04 --- Monitor run started ---
2026-02-07 01:10:04 Active sessions:  / 15
2026-02-07 01:10:05 Available slots: 15
2026-02-07 01:10:05 No more pending tasks
2026-02-07 01:10:05 Launched 0 tasks this run
2026-02-07 01:10:05 --- Monitor run complete ---
2026-02-07 01:20:04 --- Monitor run started ---
2026-02-07 01:20:04 Active sessions:  / 15
2026-02-07 01:20:05 Available slots: 15
2026-02-07 01:20:05 No more pending tasks
2026-02-07 01:20:05 Launched 0 tasks this run
2026-02-07 01:20:05 --- Monitor run complete ---
2026-02-07 01:30:03 --- Monitor run started ---
2026-02-07 01:30:03 Active sessions:  / 15
2026-02-07 01:30:04 Available slots: 15
2026-02-07 01:30:04 No more pending tasks
2026-02-07 01:30:04 Launched 0 tasks this run
2026-02-07 01:30:04 --- Monitor run complete ---
2026-02-07 01:40:04 --- Monitor run started ---
2026-02-07 01:40:05 Active sessions:  / 15
2026-02-07 01:40:05 Available slots: 15
2026-02-07 01:40:05 No more pending tasks
2026-02-07 01:40:05 Launched 0 tasks this run
2026-02-07 01:40:05 --- Monitor run complete ---
2026-02-07 01:50:04 --- Monitor run started ---
2026-02-07 01:50:05 Active sessions:  / 15
2026-02-07 01:50:05 Available slots: 15
2026-02-07 01:50:05 No more pending tasks
2026-02-07 01:50:05 Launched 0 tasks this run
2026-02-07 01:50:05 --- Monitor run complete ---
2026-02-07 02:00:05 --- Monitor run started ---
2026-02-07 02:00:05 Active sessions:  / 15
2026-02-07 02:00:06 Available slots: 15
2026-02-07 02:00:06 No more pending tasks
2026-02-07 02:00:06 Launched 0 tasks this run
2026-02-07 02:00:06 --- Monitor run complete ---
2026-02-07 02:10:04 --- Monitor run started ---
2026-02-07 02:10:05 Active sessions:  / 15
2026-02-07 02:10:05 Available slots: 15
2026-02-07 02:10:05 No more pending tasks
2026-02-07 02:10:05 Launched 0 tasks this run
2026-02-07 02:10:05 --- Monitor run complete ---
2026-02-07 02:20:03 --- Monitor run started ---
2026-02-07 02:20:04 Active sessions:  / 15
2026-02-07 02:20:05 Available slots: 15
2026-02-07 02:20:05 No more pending tasks
2026-02-07 02:20:05 Launched 0 tasks this run
2026-02-07 02:20:05 --- Monitor run complete ---
2026-02-07 02:30:04 --- Monitor run started ---
2026-02-07 02:30:04 Active sessions:  / 15
2026-02-07 02:30:05 Available slots: 15
2026-02-07 02:30:05 No more pending tasks
2026-02-07 02:30:05 Launched 0 tasks this run
2026-02-07 02:30:05 --- Monitor run complete ---
2026-02-07 02:40:03 --- Monitor run started ---
2026-02-07 02:40:04 Active sessions:  / 15
2026-02-07 02:40:04 Available slots: 15
2026-02-07 02:40:04 No more pending tasks
2026-02-07 02:40:04 Launched 0 tasks this run
2026-02-07 02:40:04 --- Monitor run complete ---
2026-02-07 02:50:06 --- Monitor run started ---
2026-02-07 02:50:06 Active sessions:  / 15
2026-02-07 02:50:07 Available slots: 15
2026-02-07 02:50:07 No more pending tasks
2026-02-07 02:50:07 Launched 0 tasks this run
2026-02-07 02:50:07 --- Monitor run complete ---
2026-02-07 03:00:04 --- Monitor run started ---
2026-02-07 03:00:04 Active sessions:  / 15
2026-02-07 03:00:05 Available slots: 15
2026-02-07 03:00:05 No more pending tasks
2026-02-07 03:00:05 Launched 0 tasks this run
2026-02-07 03:00:05 --- Monitor run complete ---
2026-02-07 03:10:04 --- Monitor run started ---
2026-02-07 03:10:04 Active sessions:  / 15
2026-02-07 03:10:05 Available slots: 15
2026-02-07 03:10:05 No more pending tasks
2026-02-07 03:10:05 Launched 0 tasks this run
2026-02-07 03:10:05 --- Monitor run complete ---
2026-02-07 03:20:03 --- Monitor run started ---
2026-02-07 03:20:04 Active sessions:  / 15
2026-02-07 03:20:04 Available slots: 15
2026-02-07 03:20:04 No more pending tasks
2026-02-07 03:20:04 Launched 0 tasks this run
2026-02-07 03:20:04 --- Monitor run complete ---
2026-02-07 03:30:03 --- Monitor run started ---
2026-02-07 03:30:04 Active sessions:  / 15
2026-02-07 03:30:05 Available slots: 15
2026-02-07 03:30:05 No more pending tasks
2026-02-07 03:30:05 Launched 0 tasks this run
2026-02-07 03:30:05 --- Monitor run complete ---
2026-02-07 03:40:03 --- Monitor run started ---
2026-02-07 03:40:04 Active sessions:  / 15
2026-02-07 03:40:04 Available slots: 15
2026-02-07 03:40:04 No more pending tasks
2026-02-07 03:40:04 Launched 0 tasks this run
2026-02-07 03:40:04 --- Monitor run complete ---
2026-02-07 03:50:04 --- Monitor run started ---
2026-02-07 03:50:04 Active sessions:  / 15
2026-02-07 03:50:05 Available slots: 15
2026-02-07 03:50:05 No more pending tasks
2026-02-07 03:50:05 Launched 0 tasks this run
2026-02-07 03:50:05 --- Monitor run complete ---
2026-02-07 04:00:03 --- Monitor run started ---
2026-02-07 04:00:04 Active sessions:  / 15
2026-02-07 04:00:04 Available slots: 15
2026-02-07 04:00:04 No more pending tasks
2026-02-07 04:00:04 Launched 0 tasks this run
2026-02-07 04:00:04 --- Monitor run complete ---
2026-02-07 04:10:04 --- Monitor run started ---
2026-02-07 04:10:04 Active sessions:  / 15
2026-02-07 04:10:05 Available slots: 15
2026-02-07 04:10:05 No more pending tasks
2026-02-07 04:10:05 Launched 0 tasks this run
2026-02-07 04:10:05 --- Monitor run complete ---
2026-02-07 04:20:04 --- Monitor run started ---
2026-02-07 04:20:04 Active sessions:  / 15
2026-02-07 04:20:05 Available slots: 15
2026-02-07 04:20:05 No more pending tasks
2026-02-07 04:20:05 Launched 0 tasks this run
2026-02-07 04:20:05 --- Monitor run complete ---
2026-02-07 04:30:03 --- Monitor run started ---
2026-02-07 04:30:04 Active sessions:  / 15
2026-02-07 04:30:04 Available slots: 15
2026-02-07 04:30:04 No more pending tasks
2026-02-07 04:30:04 Launched 0 tasks this run
2026-02-07 04:30:04 --- Monitor run complete ---
2026-02-07 04:40:04 --- Monitor run started ---
2026-02-07 04:40:05 Active sessions:  / 15
2026-02-07 04:40:05 Available slots: 15
2026-02-07 04:40:05 No more pending tasks
2026-02-07 04:40:05 Launched 0 tasks this run
2026-02-07 04:40:05 --- Monitor run complete ---
2026-02-07 04:50:04 --- Monitor run started ---
2026-02-07 04:50:05 Active sessions:  / 15
2026-02-07 04:50:05 Available slots: 15
2026-02-07 04:50:05 No more pending tasks
2026-02-07 04:50:05 Launched 0 tasks this run
2026-02-07 04:50:05 --- Monitor run complete ---
2026-02-07 05:00:05 --- Monitor run started ---
2026-02-07 05:00:05 Active sessions:  / 15
2026-02-07 05:00:06 Available slots: 15
2026-02-07 05:00:06 No more pending tasks
2026-02-07 05:00:06 Launched 0 tasks this run
2026-02-07 05:00:06 --- Monitor run complete ---
2026-02-07 05:10:03 --- Monitor run started ---
2026-02-07 05:10:04 Active sessions:  / 15
2026-02-07 05:10:04 Available slots: 15
2026-02-07 05:10:04 No more pending tasks
2026-02-07 05:10:04 Launched 0 tasks this run
2026-02-07 05:10:04 --- Monitor run complete ---
2026-02-07 05:20:04 --- Monitor run started ---
2026-02-07 05:20:04 Active sessions:  / 15
2026-02-07 05:20:05 Available slots: 15
2026-02-07 05:20:05 No more pending tasks
2026-02-07 05:20:05 Launched 0 tasks this run
2026-02-07 05:20:05 --- Monitor run complete ---
2026-02-07 05:30:04 --- Monitor run started ---
2026-02-07 05:30:05 Active sessions:  / 15
2026-02-07 05:30:05 Available slots: 15
2026-02-07 05:30:05 No more pending tasks
2026-02-07 05:30:05 Launched 0 tasks this run
2026-02-07 05:30:05 --- Monitor run complete ---
2026-02-07 05:40:04 --- Monitor run started ---
2026-02-07 05:40:04 Active sessions:  / 15
2026-02-07 05:40:05 Available slots: 15
2026-02-07 05:40:05 No more pending tasks
2026-02-07 05:40:05 Launched 0 tasks this run
2026-02-07 05:40:05 --- Monitor run complete ---
2026-02-07 05:50:04 --- Monitor run started ---
2026-02-07 05:50:05 Active sessions:  / 15
2026-02-07 05:50:05 Available slots: 15
2026-02-07 05:50:05 No more pending tasks
2026-02-07 05:50:05 Launched 0 tasks this run
2026-02-07 05:50:05 --- Monitor run complete ---
2026-02-07 06:00:04 --- Monitor run started ---
2026-02-07 06:00:05 Active sessions:  / 15
2026-02-07 06:00:05 Available slots: 15
2026-02-07 06:00:05 No more pending tasks
2026-02-07 06:00:05 Launched 0 tasks this run
2026-02-07 06:00:05 --- Monitor run complete ---
2026-02-07 06:10:04 --- Monitor run started ---
2026-02-07 06:10:04 Active sessions:  / 15
2026-02-07 06:10:05 Available slots: 15
2026-02-07 06:10:05 No more pending tasks
2026-02-07 06:10:05 Launched 0 tasks this run
2026-02-07 06:10:05 --- Monitor run complete ---
2026-02-07 06:20:04 --- Monitor run started ---
2026-02-07 06:20:04 Active sessions:  / 15
2026-02-07 06:20:05 Available slots: 15
2026-02-07 06:20:05 No more pending tasks
2026-02-07 06:20:05 Launched 0 tasks this run
2026-02-07 06:20:05 --- Monitor run complete ---
2026-02-07 06:30:04 --- Monitor run started ---
2026-02-07 06:30:04 Active sessions:  / 15
2026-02-07 06:30:05 Available slots: 15
2026-02-07 06:30:05 No more pending tasks
2026-02-07 06:30:05 Launched 0 tasks this run
2026-02-07 06:30:05 --- Monitor run complete ---
2026-02-07 06:40:04 --- Monitor run started ---
2026-02-07 06:40:04 Active sessions:  / 15
2026-02-07 06:40:05 Available slots: 15
2026-02-07 06:40:05 No more pending tasks
2026-02-07 06:40:05 Launched 0 tasks this run
2026-02-07 06:40:05 --- Monitor run complete ---
2026-02-07 06:50:04 --- Monitor run started ---
2026-02-07 06:50:04 Active sessions:  / 15
2026-02-07 06:50:05 Available slots: 15
2026-02-07 06:50:05 No more pending tasks
2026-02-07 06:50:05 Launched 0 tasks this run
2026-02-07 06:50:05 --- Monitor run complete ---
2026-02-07 07:00:04 --- Monitor run started ---
2026-02-07 07:00:04 Active sessions:  / 15
2026-02-07 07:00:05 Available slots: 15
2026-02-07 07:00:05 No more pending tasks
2026-02-07 07:00:05 Launched 0 tasks this run
2026-02-07 07:00:05 --- Monitor run complete ---
2026-02-07 07:10:03 --- Monitor run started ---
2026-02-07 07:10:04 Active sessions:  / 15
2026-02-07 07:10:04 Available slots: 15
2026-02-07 07:10:04 No more pending tasks
2026-02-07 07:10:04 Launched 0 tasks this run
2026-02-07 07:10:04 --- Monitor run complete ---
2026-02-07 07:20:04 --- Monitor run started ---
2026-02-07 07:20:04 Active sessions:  / 15
2026-02-07 07:20:05 Available slots: 15
2026-02-07 07:20:05 No more pending tasks
2026-02-07 07:20:05 Launched 0 tasks this run
2026-02-07 07:20:05 --- Monitor run complete ---
2026-02-07 07:30:05 --- Monitor run started ---
2026-02-07 07:30:05 Active sessions:  / 15
2026-02-07 07:30:06 Available slots: 15
2026-02-07 07:30:06 No more pending tasks
2026-02-07 07:30:06 Launched 0 tasks this run
2026-02-07 07:30:06 --- Monitor run complete ---
2026-02-07 07:40:03 --- Monitor run started ---
2026-02-07 07:40:03 Active sessions:  / 15
2026-02-07 07:40:04 Available slots: 15
2026-02-07 07:40:04 No more pending tasks
2026-02-07 07:40:04 Launched 0 tasks this run
2026-02-07 07:40:04 --- Monitor run complete ---
2026-02-07 07:50:04 --- Monitor run started ---
2026-02-07 07:50:05 Active sessions:  / 15
2026-02-07 07:50:06 Available slots: 15
2026-02-07 07:50:06 No more pending tasks
2026-02-07 07:50:06 Launched 0 tasks this run
2026-02-07 07:50:06 --- Monitor run complete ---
2026-02-07 08:01:07 --- Monitor run started ---
2026-02-07 08:01:08 Active sessions:  / 15
2026-02-07 08:01:08 Available slots: 15
2026-02-07 08:01:08 No more pending tasks
2026-02-07 08:01:08 Launched 0 tasks this run
2026-02-07 08:01:08 --- Monitor run complete ---
2026-02-07 08:10:05 --- Monitor run started ---
2026-02-07 08:10:05 Active sessions:  / 15
2026-02-07 08:10:06 Available slots: 15
2026-02-07 08:10:06 No more pending tasks
2026-02-07 08:10:06 Launched 0 tasks this run
2026-02-07 08:10:06 --- Monitor run complete ---
2026-02-07 08:20:03 --- Monitor run started ---
2026-02-07 08:20:04 Active sessions:  / 15
2026-02-07 08:20:04 Available slots: 15
2026-02-07 08:20:04 No more pending tasks
2026-02-07 08:20:04 Launched 0 tasks this run
2026-02-07 08:20:04 --- Monitor run complete ---
2026-02-07 08:30:03 --- Monitor run started ---
2026-02-07 08:30:04 Active sessions:  / 15
2026-02-07 08:30:04 Available slots: 15
2026-02-07 08:30:04 No more pending tasks
2026-02-07 08:30:04 Launched 0 tasks this run
2026-02-07 08:30:04 --- Monitor run complete ---
2026-02-07 08:40:04 --- Monitor run started ---
2026-02-07 08:40:05 Active sessions:  / 15
2026-02-07 08:40:05 Available slots: 15
2026-02-07 08:40:05 No more pending tasks
2026-02-07 08:40:05 Launched 0 tasks this run
2026-02-07 08:40:05 --- Monitor run complete ---
2026-02-07 08:50:05 --- Monitor run started ---
2026-02-07 08:50:05 Active sessions:  / 15
2026-02-07 08:50:06 Available slots: 15
2026-02-07 08:50:06 No more pending tasks
2026-02-07 08:50:06 Launched 0 tasks this run
2026-02-07 08:50:06 --- Monitor run complete ---
2026-02-07 09:00:03 --- Monitor run started ---
2026-02-07 09:00:04 Active sessions:  / 15
2026-02-07 09:00:04 Available slots: 15
2026-02-07 09:00:04 No more pending tasks
2026-02-07 09:00:04 Launched 0 tasks this run
2026-02-07 09:00:04 --- Monitor run complete ---
2026-02-07 09:10:03 --- Monitor run started ---
2026-02-07 09:10:04 Active sessions:  / 15
2026-02-07 09:10:04 Available slots: 15
2026-02-07 09:10:04 No more pending tasks
2026-02-07 09:10:04 Launched 0 tasks this run
2026-02-07 09:10:04 --- Monitor run complete ---
2026-02-07 09:20:03 --- Monitor run started ---
2026-02-07 09:20:04 Active sessions:  / 15
2026-02-07 09:20:04 Available slots: 15
2026-02-07 09:20:04 No more pending tasks
2026-02-07 09:20:04 Launched 0 tasks this run
2026-02-07 09:20:04 --- Monitor run complete ---
2026-02-07 09:30:04 --- Monitor run started ---
2026-02-07 09:30:04 Active sessions:  / 15
2026-02-07 09:30:05 Available slots: 15
2026-02-07 09:30:05 No more pending tasks
2026-02-07 09:30:05 Launched 0 tasks this run
2026-02-07 09:30:05 --- Monitor run complete ---
2026-02-07 09:40:04 --- Monitor run started ---
2026-02-07 09:40:04 Active sessions:  / 15
2026-02-07 09:40:05 Available slots: 15
2026-02-07 09:40:05 No more pending tasks
2026-02-07 09:40:05 Launched 0 tasks this run
2026-02-07 09:40:05 --- Monitor run complete ---
2026-02-07 09:50:03 --- Monitor run started ---
2026-02-07 09:50:04 Active sessions:  / 15
2026-02-07 09:50:05 Available slots: 15
2026-02-07 09:50:05 No more pending tasks
2026-02-07 09:50:05 Launched 0 tasks this run
2026-02-07 09:50:05 --- Monitor run complete ---
2026-02-07 10:00:05 --- Monitor run started ---
2026-02-07 10:00:06 Active sessions:  / 15
2026-02-07 10:00:06 Available slots: 15
2026-02-07 10:00:06 No more pending tasks
2026-02-07 10:00:06 Launched 0 tasks this run
2026-02-07 10:00:06 --- Monitor run complete ---
2026-02-07 10:10:03 --- Monitor run started ---
2026-02-07 10:10:03 Active sessions:  / 15
2026-02-07 10:10:04 Available slots: 15
2026-02-07 10:10:04 No more pending tasks
2026-02-07 10:10:04 Launched 0 tasks this run
2026-02-07 10:10:04 --- Monitor run complete ---
2026-02-07 10:20:03 --- Monitor run started ---
2026-02-07 10:20:04 Active sessions:  / 15
2026-02-07 10:20:05 Available slots: 15
2026-02-07 10:20:05 No more pending tasks
2026-02-07 10:20:05 Launched 0 tasks this run
2026-02-07 10:20:05 --- Monitor run complete ---
2026-02-07 10:30:04 --- Monitor run started ---
2026-02-07 10:30:05 Active sessions:  / 15
2026-02-07 10:30:05 Available slots: 15
2026-02-07 10:30:05 No more pending tasks
2026-02-07 10:30:05 Launched 0 tasks this run
2026-02-07 10:30:05 --- Monitor run complete ---
2026-02-07 10:40:17 --- Monitor run started ---
2026-02-07 10:40:17 Active sessions:  / 15
2026-02-07 10:40:18 Available slots: 15
2026-02-07 10:40:18 No more pending tasks
2026-02-07 10:40:18 Launched 0 tasks this run
2026-02-07 10:40:18 --- Monitor run complete ---
2026-02-07 10:50:04 --- Monitor run started ---
2026-02-07 10:50:04 Active sessions:  / 15
2026-02-07 10:50:05 Available slots: 15
2026-02-07 10:50:05 No more pending tasks
2026-02-07 10:50:05 Launched 0 tasks this run
2026-02-07 10:50:05 --- Monitor run complete ---
2026-02-07 11:00:03 --- Monitor run started ---
2026-02-07 11:00:04 Active sessions:  / 15
2026-02-07 11:00:04 Available slots: 15
2026-02-07 11:00:04 No more pending tasks
2026-02-07 11:00:04 Launched 0 tasks this run
2026-02-07 11:00:04 --- Monitor run complete ---
2026-02-07 11:10:04 --- Monitor run started ---
2026-02-07 11:10:04 Active sessions:  / 15
2026-02-07 11:10:05 Available slots: 15
2026-02-07 11:10:05 No more pending tasks
2026-02-07 11:10:05 Launched 0 tasks this run
2026-02-07 11:10:05 --- Monitor run complete ---
2026-02-07 11:20:03 --- Monitor run started ---
2026-02-07 11:20:04 Active sessions:  / 15
2026-02-07 11:20:05 Available slots: 15
2026-02-07 11:20:05 No more pending tasks
2026-02-07 11:20:05 Launched 0 tasks this run
2026-02-07 11:20:05 --- Monitor run complete ---
2026-02-07 11:30:03 --- Monitor run started ---
2026-02-07 11:30:04 Active sessions:  / 15
2026-02-07 11:30:04 Available slots: 15
2026-02-07 11:30:04 No more pending tasks
2026-02-07 11:30:04 Launched 0 tasks this run
2026-02-07 11:30:04 --- Monitor run complete ---
2026-02-07 11:40:06 --- Monitor run started ---
2026-02-07 11:40:07 Active sessions:  / 15
2026-02-07 11:40:08 Available slots: 15
2026-02-07 11:40:08 No more pending tasks
2026-02-07 11:40:08 Launched 0 tasks this run
2026-02-07 11:40:08 --- Monitor run complete ---
2026-02-07 11:50:04 --- Monitor run started ---
2026-02-07 11:50:04 Active sessions:  / 15
2026-02-07 11:50:05 Available slots: 15
2026-02-07 11:50:05 No more pending tasks
2026-02-07 11:50:05 Launched 0 tasks this run
2026-02-07 11:50:05 --- Monitor run complete ---
2026-02-07 12:00:04 --- Monitor run started ---
2026-02-07 12:00:05 Active sessions:  / 15
2026-02-07 12:00:05 Available slots: 15
2026-02-07 12:00:05 No more pending tasks
2026-02-07 12:00:05 Launched 0 tasks this run
2026-02-07 12:00:05 --- Monitor run complete ---
2026-02-07 12:10:03 --- Monitor run started ---
2026-02-07 12:10:03 Active sessions:  / 15
2026-02-07 12:10:04 Available slots: 15
2026-02-07 12:10:04 No more pending tasks
2026-02-07 12:10:04 Launched 0 tasks this run
2026-02-07 12:10:04 --- Monitor run complete ---
2026-02-07 12:20:04 --- Monitor run started ---
2026-02-07 12:20:05 Active sessions:  / 15
2026-02-07 12:20:05 Available slots: 15
2026-02-07 12:20:05 No more pending tasks
2026-02-07 12:20:05 Launched 0 tasks this run
2026-02-07 12:20:05 --- Monitor run complete ---
2026-02-07 12:30:05 --- Monitor run started ---
2026-02-07 12:30:05 Active sessions:  / 15
2026-02-07 12:30:06 Available slots: 15
2026-02-07 12:30:06 No more pending tasks
2026-02-07 12:30:06 Launched 0 tasks this run
2026-02-07 12:30:06 --- Monitor run complete ---
2026-02-07 12:40:03 --- Monitor run started ---
2026-02-07 12:40:04 Active sessions:  / 15
2026-02-07 12:40:04 Available slots: 15
2026-02-07 12:40:04 No more pending tasks
2026-02-07 12:40:04 Launched 0 tasks this run
2026-02-07 12:40:04 --- Monitor run complete ---
2026-02-07 12:50:04 --- Monitor run started ---
2026-02-07 12:50:04 Active sessions:  / 15
2026-02-07 12:50:05 Available slots: 15
2026-02-07 12:50:05 No more pending tasks
2026-02-07 12:50:05 Launched 0 tasks this run
2026-02-07 12:50:05 --- Monitor run complete ---
2026-02-07 13:00:04 --- Monitor run started ---
2026-02-07 13:00:04 Active sessions:  / 15
2026-02-07 13:00:05 Available slots: 15
2026-02-07 13:00:05 No more pending tasks
2026-02-07 13:00:05 Launched 0 tasks this run
2026-02-07 13:00:05 --- Monitor run complete ---
2026-02-07 13:10:03 --- Monitor run started ---
2026-02-07 13:10:03 Active sessions:  / 15
2026-02-07 13:10:04 Available slots: 15
2026-02-07 13:10:04 No more pending tasks
2026-02-07 13:10:04 Launched 0 tasks this run
2026-02-07 13:10:04 --- Monitor run complete ---
2026-02-07 13:20:03 --- Monitor run started ---
2026-02-07 13:20:04 Active sessions:  / 15
2026-02-07 13:20:04 Available slots: 15
2026-02-07 13:20:04 No more pending tasks
2026-02-07 13:20:04 Launched 0 tasks this run
2026-02-07 13:20:04 --- Monitor run complete ---
2026-02-07 13:30:03 --- Monitor run started ---
2026-02-07 13:30:04 Active sessions:  / 15
2026-02-07 13:30:05 Available slots: 15
2026-02-07 13:30:05 No more pending tasks
2026-02-07 13:30:05 Launched 0 tasks this run
2026-02-07 13:30:05 --- Monitor run complete ---
2026-02-07 13:40:05 --- Monitor run started ---
2026-02-07 13:40:06 Active sessions:  / 15
2026-02-07 13:40:07 Available slots: 15
2026-02-07 13:40:07 No more pending tasks
2026-02-07 13:40:07 Launched 0 tasks this run
2026-02-07 13:40:07 --- Monitor run complete ---
2026-02-07 13:50:04 --- Monitor run started ---
2026-02-07 13:50:04 Active sessions:  / 15
2026-02-07 13:50:05 Available slots: 15
2026-02-07 13:50:05 No more pending tasks
2026-02-07 13:50:05 Launched 0 tasks this run
2026-02-07 13:50:05 --- Monitor run complete ---
2026-02-07 14:00:04 --- Monitor run started ---
2026-02-07 14:00:05 Active sessions:  / 15
2026-02-07 14:00:05 Available slots: 15
2026-02-07 14:00:05 No more pending tasks
2026-02-07 14:00:05 Launched 0 tasks this run
2026-02-07 14:00:05 --- Monitor run complete ---
2026-02-07 14:10:05 --- Monitor run started ---
2026-02-07 14:10:05 Active sessions:  / 15
2026-02-07 14:10:06 Available slots: 15
2026-02-07 14:10:06 No more pending tasks
2026-02-07 14:10:06 Launched 0 tasks this run
2026-02-07 14:10:06 --- Monitor run complete ---
2026-02-07 14:20:03 --- Monitor run started ---
2026-02-07 14:20:04 Active sessions:  / 15
2026-02-07 14:20:05 Available slots: 15
2026-02-07 14:20:05 No more pending tasks
2026-02-07 14:20:05 Launched 0 tasks this run
2026-02-07 14:20:05 --- Monitor run complete ---
2026-02-07 14:30:05 --- Monitor run started ---
2026-02-07 14:30:05 Active sessions:  / 15
2026-02-07 14:30:06 Available slots: 15
2026-02-07 14:30:06 No more pending tasks
2026-02-07 14:30:06 Launched 0 tasks this run
2026-02-07 14:30:06 --- Monitor run complete ---
2026-02-07 14:40:04 --- Monitor run started ---
2026-02-07 14:40:05 Active sessions:  / 15
2026-02-07 14:40:06 Available slots: 15
2026-02-07 14:40:06 No more pending tasks
2026-02-07 14:40:06 Launched 0 tasks this run
2026-02-07 14:40:06 --- Monitor run complete ---
2026-02-07 14:50:04 --- Monitor run started ---
2026-02-07 14:50:04 Active sessions:  / 15
2026-02-07 14:50:05 Available slots: 15
2026-02-07 14:50:05 No more pending tasks
2026-02-07 14:50:05 Launched 0 tasks this run
2026-02-07 14:50:05 --- Monitor run complete ---
2026-02-07 15:00:03 --- Monitor run started ---
2026-02-07 15:00:04 Active sessions:  / 15
2026-02-07 15:00:04 Available slots: 15
2026-02-07 15:00:04 No more pending tasks
2026-02-07 15:00:04 Launched 0 tasks this run
2026-02-07 15:00:04 --- Monitor run complete ---
2026-02-07 15:10:03 --- Monitor run started ---
2026-02-07 15:10:04 Active sessions:  / 15
2026-02-07 15:10:05 Available slots: 15
2026-02-07 15:10:05 No more pending tasks
2026-02-07 15:10:05 Launched 0 tasks this run
2026-02-07 15:10:05 --- Monitor run complete ---
2026-02-07 15:20:04 --- Monitor run started ---
2026-02-07 15:20:05 Active sessions:  / 15
2026-02-07 15:20:05 Available slots: 15
2026-02-07 15:20:05 No more pending tasks
2026-02-07 15:20:05 Launched 0 tasks this run
2026-02-07 15:20:05 --- Monitor run complete ---
2026-02-07 15:30:04 --- Monitor run started ---
2026-02-07 15:30:05 Active sessions:  / 15
2026-02-07 15:30:05 Available slots: 15
2026-02-07 15:30:05 No more pending tasks
2026-02-07 15:30:05 Launched 0 tasks this run
2026-02-07 15:30:05 --- Monitor run complete ---
2026-02-07 15:40:04 --- Monitor run started ---
2026-02-07 15:40:04 Active sessions:  / 15
2026-02-07 15:40:05 Available slots: 15
2026-02-07 15:40:05 No more pending tasks
2026-02-07 15:40:05 Launched 0 tasks this run
2026-02-07 15:40:05 --- Monitor run complete ---
2026-02-07 15:50:04 --- Monitor run started ---
2026-02-07 15:50:04 Active sessions:  / 15
2026-02-07 15:50:05 Available slots: 15
2026-02-07 15:50:05 No more pending tasks
2026-02-07 15:50:05 Launched 0 tasks this run
2026-02-07 15:50:05 --- Monitor run complete ---
2026-02-07 16:00:04 --- Monitor run started ---
2026-02-07 16:00:04 Active sessions:  / 15
2026-02-07 16:00:05 Available slots: 15
2026-02-07 16:00:05 No more pending tasks
2026-02-07 16:00:05 Launched 0 tasks this run
2026-02-07 16:00:05 --- Monitor run complete ---
2026-02-07 16:10:03 --- Monitor run started ---
2026-02-07 16:10:04 Active sessions:  / 15
2026-02-07 16:10:05 Available slots: 15
2026-02-07 16:10:05 No more pending tasks
2026-02-07 16:10:05 Launched 0 tasks this run
2026-02-07 16:10:05 --- Monitor run complete ---
2026-02-07 16:20:04 --- Monitor run started ---
2026-02-07 16:20:04 Active sessions:  / 15
2026-02-07 16:20:05 Available slots: 15
2026-02-07 16:20:05 No more pending tasks
2026-02-07 16:20:05 Launched 0 tasks this run
2026-02-07 16:20:05 --- Monitor run complete ---
2026-02-07 16:30:04 --- Monitor run started ---
2026-02-07 16:30:05 Active sessions:  / 15
2026-02-07 16:30:05 Available slots: 15
2026-02-07 16:30:05 No more pending tasks
2026-02-07 16:30:05 Launched 0 tasks this run
2026-02-07 16:30:05 --- Monitor run complete ---
2026-02-07 16:40:03 --- Monitor run started ---
2026-02-07 16:40:04 Active sessions:  / 15
2026-02-07 16:40:04 Available slots: 15
2026-02-07 16:40:04 No more pending tasks
2026-02-07 16:40:04 Launched 0 tasks this run
2026-02-07 16:40:04 --- Monitor run complete ---
2026-02-07 16:50:04 --- Monitor run started ---
2026-02-07 16:50:05 Active sessions:  / 15
2026-02-07 16:50:06 Available slots: 15
2026-02-07 16:50:06 No more pending tasks
2026-02-07 16:50:06 Launched 0 tasks this run
2026-02-07 16:50:06 --- Monitor run complete ---
2026-02-07 17:00:03 --- Monitor run started ---
2026-02-07 17:00:04 Active sessions:  / 15
2026-02-07 17:00:05 Available slots: 15
2026-02-07 17:00:05 No more pending tasks
2026-02-07 17:00:05 Launched 0 tasks this run
2026-02-07 17:00:05 --- Monitor run complete ---
2026-02-07 17:10:04 --- Monitor run started ---
2026-02-07 17:10:04 Active sessions:  / 15
2026-02-07 17:10:05 Available slots: 15
2026-02-07 17:10:05 No more pending tasks
2026-02-07 17:10:05 Launched 0 tasks this run
2026-02-07 17:10:05 --- Monitor run complete ---
2026-02-07 17:20:04 --- Monitor run started ---
2026-02-07 17:20:04 Active sessions:  / 15
2026-02-07 17:20:05 Available slots: 15
2026-02-07 17:20:05 No more pending tasks
2026-02-07 17:20:05 Launched 0 tasks this run
2026-02-07 17:20:05 --- Monitor run complete ---
2026-02-07 17:30:04 --- Monitor run started ---
2026-02-07 17:30:04 Active sessions:  / 15
2026-02-07 17:30:05 Available slots: 15
2026-02-07 17:30:05 No more pending tasks
2026-02-07 17:30:05 Launched 0 tasks this run
2026-02-07 17:30:05 --- Monitor run complete ---
2026-02-07 17:40:03 --- Monitor run started ---
2026-02-07 17:40:04 Active sessions:  / 15
2026-02-07 17:40:04 Available slots: 15
2026-02-07 17:40:04 No more pending tasks
2026-02-07 17:40:04 Launched 0 tasks this run
2026-02-07 17:40:04 --- Monitor run complete ---
2026-02-07 17:50:05 --- Monitor run started ---
2026-02-07 17:50:05 Active sessions:  / 15
2026-02-07 17:50:06 Available slots: 15
2026-02-07 17:50:06 No more pending tasks
2026-02-07 17:50:06 Launched 0 tasks this run
2026-02-07 17:50:06 --- Monitor run complete ---
2026-02-07 18:00:03 --- Monitor run started ---
2026-02-07 18:00:04 Active sessions:  / 15
2026-02-07 18:00:05 Available slots: 15
2026-02-07 18:00:05 No more pending tasks
2026-02-07 18:00:05 Launched 0 tasks this run
2026-02-07 18:00:05 --- Monitor run complete ---
2026-02-07 18:10:04 --- Monitor run started ---
2026-02-07 18:10:05 Active sessions:  / 15
2026-02-07 18:10:05 Available slots: 15
2026-02-07 18:10:05 No more pending tasks
2026-02-07 18:10:05 Launched 0 tasks this run
2026-02-07 18:10:05 --- Monitor run complete ---
2026-02-07 18:20:04 --- Monitor run started ---
2026-02-07 18:20:05 Active sessions:  / 15
2026-02-07 18:20:05 Available slots: 15
2026-02-07 18:20:05 No more pending tasks
2026-02-07 18:20:05 Launched 0 tasks this run
2026-02-07 18:20:05 --- Monitor run complete ---
2026-02-07 18:30:05 --- Monitor run started ---
2026-02-07 18:30:05 Active sessions:  / 15
2026-02-07 18:30:06 Available slots: 15
2026-02-07 18:30:06 No more pending tasks
2026-02-07 18:30:06 Launched 0 tasks this run
2026-02-07 18:30:06 --- Monitor run complete ---
2026-02-07 18:40:04 --- Monitor run started ---
2026-02-07 18:40:04 Active sessions:  / 15
2026-02-07 18:40:05 Available slots: 15
2026-02-07 18:40:05 No more pending tasks
2026-02-07 18:40:05 Launched 0 tasks this run
2026-02-07 18:40:05 --- Monitor run complete ---
2026-02-07 18:50:04 --- Monitor run started ---
2026-02-07 18:50:04 Active sessions:  / 15
2026-02-07 18:50:05 Available slots: 15
2026-02-07 18:50:05 No more pending tasks
2026-02-07 18:50:05 Launched 0 tasks this run
2026-02-07 18:50:05 --- Monitor run complete ---
2026-02-07 19:00:04 --- Monitor run started ---
2026-02-07 19:00:04 Active sessions:  / 15
2026-02-07 19:00:05 Available slots: 15
2026-02-07 19:00:05 No more pending tasks
2026-02-07 19:00:05 Launched 0 tasks this run
2026-02-07 19:00:05 --- Monitor run complete ---
2026-02-07 19:10:04 --- Monitor run started ---
2026-02-07 19:10:05 Active sessions:  / 15
2026-02-07 19:10:05 Available slots: 15
2026-02-07 19:10:05 No more pending tasks
2026-02-07 19:10:05 Launched 0 tasks this run
2026-02-07 19:10:05 --- Monitor run complete ---
2026-02-07 19:20:03 --- Monitor run started ---
2026-02-07 19:20:03 Active sessions:  / 15
2026-02-07 19:20:04 Available slots: 15
2026-02-07 19:20:04 No more pending tasks
2026-02-07 19:20:04 Launched 0 tasks this run
2026-02-07 19:20:04 --- Monitor run complete ---
2026-02-07 19:30:05 --- Monitor run started ---
2026-02-07 19:30:06 Active sessions:  / 15
2026-02-07 19:30:06 Available slots: 15
2026-02-07 19:30:06 No more pending tasks
2026-02-07 19:30:06 Launched 0 tasks this run
2026-02-07 19:30:06 --- Monitor run complete ---
2026-02-07 19:40:04 --- Monitor run started ---
2026-02-07 19:40:04 Active sessions:  / 15
2026-02-07 19:40:05 Available slots: 15
2026-02-07 19:40:05 No more pending tasks
2026-02-07 19:40:05 Launched 0 tasks this run
2026-02-07 19:40:05 --- Monitor run complete ---
2026-02-07 19:50:03 --- Monitor run started ---
2026-02-07 19:50:04 Active sessions:  / 15
2026-02-07 19:50:04 Available slots: 15
2026-02-07 19:50:05 No more pending tasks
2026-02-07 19:50:05 Launched 0 tasks this run
2026-02-07 19:50:05 --- Monitor run complete ---
2026-02-07 20:00:04 --- Monitor run started ---
2026-02-07 20:00:05 Active sessions:  / 15
2026-02-07 20:00:05 Available slots: 15
2026-02-07 20:00:05 No more pending tasks
2026-02-07 20:00:05 Launched 0 tasks this run
2026-02-07 20:00:05 --- Monitor run complete ---
2026-02-07 20:10:03 --- Monitor run started ---
2026-02-07 20:10:04 Active sessions:  / 15
2026-02-07 20:10:05 Available slots: 15
2026-02-07 20:10:05 No more pending tasks
2026-02-07 20:10:05 Launched 0 tasks this run
2026-02-07 20:10:05 --- Monitor run complete ---
2026-02-07 20:20:03 --- Monitor run started ---
2026-02-07 20:20:04 Active sessions:  / 15
2026-02-07 20:20:04 Available slots: 15
2026-02-07 20:20:04 No more pending tasks
2026-02-07 20:20:04 Launched 0 tasks this run
2026-02-07 20:20:04 --- Monitor run complete ---
2026-02-07 20:30:03 --- Monitor run started ---
2026-02-07 20:30:04 Active sessions:  / 15
2026-02-07 20:30:05 Available slots: 15
2026-02-07 20:30:05 No more pending tasks
2026-02-07 20:30:05 Launched 0 tasks this run
2026-02-07 20:30:05 --- Monitor run complete ---
2026-02-07 20:38:38 --- Monitor run started ---
2026-02-07 20:38:38 Active sessions:  / 15
2026-02-07 20:38:39 Available slots: 15
2026-02-07 20:38:39 ❌ Failed: Fix: Attraction Images - Bounce Below, Zip World, etc -> Request had invalid authentication credentials. Expected OAuth 2 access token, login cookie or other valid authentication credential. See https://developers.google.com/identity/sign-in/web/devconsole-project.
2026-02-07 20:38:39 Launched 0 tasks this run
2026-02-07 20:38:39 --- Monitor run complete ---
2026-02-07 20:40:07 --- Monitor run started ---
2026-02-07 20:40:07 Active sessions:  / 15
2026-02-07 20:40:08 Available slots: 15
2026-02-07 20:40:08 ❌ Failed: Fix: Attraction Images - Bounce Below, Zip World, etc -> Request had invalid authentication credentials. Expected OAuth 2 access token, login cookie or other valid authentication credential. See https://developers.google.com/identity/sign-in/web/devconsole-project.
2026-02-07 20:40:08 Launched 0 tasks this run
2026-02-07 20:40:08 --- Monitor run complete ---
2026-02-07 20:41:34 --- Monitor run started ---
2026-02-07 20:41:37 Active sessions: 0 / 15
2026-02-07 20:41:41 Available slots: 15
2026-02-07 20:41:45 ✅ Launched: Fix: Attraction Images - Bounce Below, Zip World, etc -> sessions/9662478115464896858
2026-02-07 20:41:47 No more pending tasks
2026-02-07 20:41:47 Launched 1 tasks this run
2026-02-07 20:41:47 --- Monitor run complete ---
2026-02-07 20:50:03 --- Monitor run started ---
2026-02-07 20:50:06 Active sessions: 1 / 15
2026-02-07 20:50:10 Available slots: 14
2026-02-07 20:50:10 No more pending tasks
2026-02-07 20:50:10 Launched 0 tasks this run
2026-02-07 20:50:10 --- Monitor run complete ---
2026-02-07 20:50:40 --- Monitor run started ---
2026-02-07 20:50:43 Active sessions: 1 / 15
2026-02-07 20:50:46 Available slots: 14
2026-02-07 20:50:51 ✅ Launched: Images: Quirky Accommodation - 25 Properties -> sessions/14488229416816641698
2026-02-07 20:50:53 No more pending tasks
2026-02-07 20:50:53 Launched 1 tasks this run
2026-02-07 20:50:53 --- Monitor run complete ---
2026-02-07 21:00:04 --- Monitor run started ---
2026-02-07 21:00:07 Active sessions: 2 / 15
2026-02-07 21:00:10 Available slots: 13
2026-02-07 21:00:10 No more pending tasks
2026-02-07 21:00:10 Launched 0 tasks this run
2026-02-07 21:00:10 --- Monitor run complete ---
2026-02-07 21:10:04 --- Monitor run started ---
2026-02-07 21:10:08 Active sessions: 2 / 15
2026-02-07 21:10:11 Available slots: 13
2026-02-07 21:10:11 No more pending tasks
2026-02-07 21:10:11 Launched 0 tasks this run
2026-02-07 21:10:11 --- Monitor run complete ---
2026-02-07 21:20:04 --- Monitor run started ---
2026-02-07 21:20:07 Active sessions: 2 / 15
2026-02-07 21:20:11 Available slots: 13
2026-02-07 21:20:11 No more pending tasks
2026-02-07 21:20:11 Launched 0 tasks this run
2026-02-07 21:20:11 --- Monitor run complete ---
2026-02-07 21:30:04 --- Monitor run started ---
2026-02-07 21:30:07 Active sessions: 1 / 15
2026-02-07 21:30:10 📝 Completed PRs found: 1
2026-02-07 21:30:10 Available slots: 14
2026-02-07 21:30:10 No more pending tasks
2026-02-07 21:30:10 Launched 0 tasks this run
2026-02-07 21:30:10 --- Monitor run complete ---
2026-02-07 21:40:03 --- Monitor run started ---
2026-02-07 21:40:06 Active sessions: 1 / 15
2026-02-07 21:40:09 📝 Completed PRs found: 1
2026-02-07 21:40:09 Available slots: 14
2026-02-07 21:40:09 No more pending tasks
2026-02-07 21:40:09 Launched 0 tasks this run
2026-02-07 21:40:09 --- Monitor run complete ---
2026-02-07 21:50:04 --- Monitor run started ---
2026-02-07 21:50:07 Active sessions: 1 / 15
2026-02-07 21:50:10 📝 Completed PRs found: 1
2026-02-07 21:50:10 Available slots: 14
2026-02-07 21:50:10 No more pending tasks
2026-02-07 21:50:10 Launched 0 tasks this run
2026-02-07 21:50:10 --- Monitor run complete ---
2026-02-07 22:00:04 --- Monitor run started ---
2026-02-07 22:00:07 Active sessions: 1 / 15
2026-02-07 22:00:10 📝 Completed PRs found: 1
2026-02-07 22:00:10 Available slots: 14
2026-02-07 22:00:10 No more pending tasks
2026-02-07 22:00:10 Launched 0 tasks this run
2026-02-07 22:00:10 --- Monitor run complete ---
2026-02-07 22:10:04 --- Monitor run started ---
2026-02-07 22:10:07 Active sessions: 1 / 15
2026-02-07 22:10:11 📝 Completed PRs found: 1
2026-02-07 22:10:11 Available slots: 14
2026-02-07 22:10:11 No more pending tasks
2026-02-07 22:10:11 Launched 0 tasks this run
2026-02-07 22:10:11 --- Monitor run complete ---
2026-02-07 22:20:04 --- Monitor run started ---
2026-02-07 22:20:07 Active sessions: 1 / 15
2026-02-07 22:20:10 📝 Completed PRs found: 1
2026-02-07 22:20:10 Available slots: 14
2026-02-07 22:20:10 No more pending tasks
2026-02-07 22:20:10 Launched 0 tasks this run
2026-02-07 22:20:10 --- Monitor run complete ---
2026-02-07 22:30:03 --- Monitor run started ---
2026-02-07 22:30:07 Active sessions: 0 / 15
2026-02-07 22:30:10 📝 Completed PRs found: 1
2026-02-07 22:30:10 Available slots: 15
2026-02-07 22:30:10 No more pending tasks
2026-02-07 22:30:10 Launched 0 tasks this run
2026-02-07 22:30:10 --- Monitor run complete ---
2026-02-07 22:40:04 --- Monitor run started ---
2026-02-07 22:40:08 Active sessions: 0 / 15
2026-02-07 22:40:11 📝 Completed PRs found: 1
2026-02-07 22:40:11 Available slots: 15
2026-02-07 22:40:11 No more pending tasks
2026-02-07 22:40:11 Launched 0 tasks this run
2026-02-07 22:40:11 --- Monitor run complete ---
2026-02-07 22:50:03 --- Monitor run started ---
2026-02-07 22:50:07 Active sessions: 0 / 15
2026-02-07 22:50:10 📝 Completed PRs found: 1
2026-02-07 22:50:10 Available slots: 15
2026-02-07 22:50:10 No more pending tasks
2026-02-07 22:50:10 Launched 0 tasks this run
2026-02-07 22:50:10 --- Monitor run complete ---
2026-02-07 23:00:03 --- Monitor run started ---
2026-02-07 23:00:06 Active sessions: 0 / 15
2026-02-07 23:00:10 📝 Completed PRs found: 1
2026-02-07 23:00:10 Available slots: 15
2026-02-07 23:00:10 No more pending tasks
2026-02-07 23:00:10 Launched 0 tasks this run
2026-02-07 23:00:10 --- Monitor run complete ---
2026-02-07 23:10:03 --- Monitor run started ---
2026-02-07 23:10:06 Active sessions: 0 / 15
2026-02-07 23:10:10 📝 Completed PRs found: 1
2026-02-07 23:10:10 Available slots: 15
2026-02-07 23:10:10 No more pending tasks
2026-02-07 23:10:10 Launched 0 tasks this run
2026-02-07 23:10:10 --- Monitor run complete ---
2026-02-07 23:20:04 --- Monitor run started ---
2026-02-07 23:20:07 Active sessions: 0 / 15
2026-02-07 23:20:11 📝 Completed PRs found: 1
2026-02-07 23:20:11 Available slots: 15
2026-02-07 23:20:11 No more pending tasks
2026-02-07 23:20:11 Launched 0 tasks this run
2026-02-07 23:20:11 --- Monitor run complete ---
2026-02-07 23:30:04 --- Monitor run started ---
2026-02-07 23:30:07 Active sessions: 0 / 15
2026-02-07 23:30:10 📝 Completed PRs found: 1
2026-02-07 23:30:10 Available slots: 15
2026-02-07 23:30:10 No more pending tasks
2026-02-07 23:30:10 Launched 0 tasks this run
2026-02-07 23:30:10 --- Monitor run complete ---
2026-02-07 23:40:04 --- Monitor run started ---
2026-02-07 23:40:07 Active sessions: 0 / 15
2026-02-07 23:40:10 📝 Completed PRs found: 1
2026-02-07 23:40:10 Available slots: 15
2026-02-07 23:40:10 No more pending tasks
2026-02-07 23:40:10 Launched 0 tasks this run
2026-02-07 23:40:10 --- Monitor run complete ---
2026-02-07 23:50:06 --- Monitor run started ---
2026-02-07 23:50:09 Active sessions: 0 / 15
2026-02-07 23:50:13 📝 Completed PRs found: 1
2026-02-07 23:50:13 Available slots: 15
2026-02-07 23:50:13 No more pending tasks
2026-02-07 23:50:13 Launched 0 tasks this run
2026-02-07 23:50:13 --- Monitor run complete ---
2026-02-08 00:00:04 --- Monitor run started ---
2026-02-08 00:00:07 Active sessions: 0 / 15
2026-02-08 00:00:11 📝 Completed PRs found: 1
2026-02-08 00:00:11 Available slots: 15
2026-02-08 00:00:11 No more pending tasks
2026-02-08 00:00:11 Launched 0 tasks this run
2026-02-08 00:00:11 --- Monitor run complete ---
2026-02-08 00:10:04 --- Monitor run started ---
2026-02-08 00:10:09 Active sessions: 0 / 15
2026-02-08 00:10:12 📝 Completed PRs found: 1
2026-02-08 00:10:12 Available slots: 15
2026-02-08 00:10:12 No more pending tasks
2026-02-08 00:10:12 Launched 0 tasks this run
2026-02-08 00:10:12 --- Monitor run complete ---
2026-02-08 00:20:03 --- Monitor run started ---
2026-02-08 00:20:08 Active sessions: 0 / 15
2026-02-08 00:20:12 📝 Completed PRs found: 1
2026-02-08 00:20:12 Available slots: 15
2026-02-08 00:20:12 No more pending tasks
2026-02-08 00:20:12 Launched 0 tasks this run
2026-02-08 00:20:12 --- Monitor run complete ---
2026-02-08 00:30:08 --- Monitor run started ---
2026-02-08 00:30:12 Active sessions: 0 / 15
2026-02-08 00:30:16 📝 Completed PRs found: 1
2026-02-08 00:30:16 Available slots: 15
2026-02-08 00:30:16 No more pending tasks
2026-02-08 00:30:16 Launched 0 tasks this run
2026-02-08 00:30:16 --- Monitor run complete ---
2026-02-08 00:40:04 --- Monitor run started ---
2026-02-08 00:40:08 Active sessions: 0 / 15
2026-02-08 00:40:12 📝 Completed PRs found: 1
2026-02-08 00:40:12 Available slots: 15
2026-02-08 00:40:12 No more pending tasks
2026-02-08 00:40:12 Launched 0 tasks this run
2026-02-08 00:40:12 --- Monitor run complete ---
2026-02-08 00:50:04 --- Monitor run started ---
2026-02-08 00:50:07 Active sessions: 0 / 15
2026-02-08 00:50:11 📝 Completed PRs found: 1
2026-02-08 00:50:11 Available slots: 15
2026-02-08 00:50:11 No more pending tasks
2026-02-08 00:50:11 Launched 0 tasks this run
2026-02-08 00:50:11 --- Monitor run complete ---
2026-02-08 01:00:04 --- Monitor run started ---
2026-02-08 01:00:08 Active sessions: 0 / 15
2026-02-08 01:00:11 📝 Completed PRs found: 1
2026-02-08 01:00:11 Available slots: 15
2026-02-08 01:00:11 No more pending tasks
2026-02-08 01:00:11 Launched 0 tasks this run
2026-02-08 01:00:11 --- Monitor run complete ---
2026-02-08 01:10:03 --- Monitor run started ---
2026-02-08 01:10:05 Active sessions: 0 / 15
2026-02-08 01:10:08 📝 Completed PRs found: 1
2026-02-08 01:10:08 Available slots: 15
2026-02-08 01:10:08 No more pending tasks
2026-02-08 01:10:08 Launched 0 tasks this run
2026-02-08 01:10:08 --- Monitor run complete ---
2026-02-08 01:20:03 --- Monitor run started ---
2026-02-08 01:20:07 Active sessions: 0 / 15
2026-02-08 01:20:10 📝 Completed PRs found: 1
2026-02-08 01:20:10 Available slots: 15
2026-02-08 01:20:10 No more pending tasks
2026-02-08 01:20:10 Launched 0 tasks this run
2026-02-08 01:20:10 --- Monitor run complete ---
2026-02-08 01:30:03 --- Monitor run started ---
2026-02-08 01:30:07 Active sessions: 0 / 15
2026-02-08 01:30:10 📝 Completed PRs found: 1
2026-02-08 01:30:10 Available slots: 15
2026-02-08 01:30:10 No more pending tasks
2026-02-08 01:30:10 Launched 0 tasks this run
2026-02-08 01:30:10 --- Monitor run complete ---
2026-02-08 01:40:05 --- Monitor run started ---
2026-02-08 01:40:08 Active sessions: 0 / 15
2026-02-08 01:40:12 📝 Completed PRs found: 1
2026-02-08 01:40:12 Available slots: 15
2026-02-08 01:40:12 No more pending tasks
2026-02-08 01:40:12 Launched 0 tasks this run
2026-02-08 01:40:12 --- Monitor run complete ---
2026-02-08 01:50:03 --- Monitor run started ---
2026-02-08 01:50:08 Active sessions: 0 / 15
2026-02-08 01:50:13 📝 Completed PRs found: 1
2026-02-08 01:50:13 Available slots: 15
2026-02-08 01:50:13 No more pending tasks
2026-02-08 01:50:13 Launched 0 tasks this run
2026-02-08 01:50:13 --- Monitor run complete ---
2026-02-08 02:00:03 --- Monitor run started ---
2026-02-08 02:00:09 Active sessions: 0 / 15
2026-02-08 02:00:13 📝 Completed PRs found: 1
2026-02-08 02:00:13 Available slots: 15
2026-02-08 02:00:13 No more pending tasks
2026-02-08 02:00:13 Launched 0 tasks this run
2026-02-08 02:00:13 --- Monitor run complete ---
2026-02-08 02:10:05 --- Monitor run started ---
2026-02-08 02:10:06 Active sessions:  / 15
2026-02-08 02:10:06 Available slots: 15
2026-02-08 02:10:06 No more pending tasks
2026-02-08 02:10:06 Launched 0 tasks this run
2026-02-08 02:10:06 --- Monitor run complete ---
2026-02-08 02:20:04 --- Monitor run started ---
2026-02-08 02:20:05 Active sessions:  / 15
2026-02-08 02:20:05 Available slots: 15
2026-02-08 02:20:05 No more pending tasks
2026-02-08 02:20:05 Launched 0 tasks this run
2026-02-08 02:20:05 --- Monitor run complete ---
2026-02-08 02:30:04 --- Monitor run started ---
2026-02-08 02:30:05 Active sessions:  / 15
2026-02-08 02:30:05 Available slots: 15
2026-02-08 02:30:05 No more pending tasks
2026-02-08 02:30:05 Launched 0 tasks this run
2026-02-08 02:30:05 --- Monitor run complete ---
2026-02-08 02:40:03 --- Monitor run started ---
2026-02-08 02:40:03 Active sessions:  / 15
2026-02-08 02:40:04 Available slots: 15
2026-02-08 02:40:04 No more pending tasks
2026-02-08 02:40:04 Launched 0 tasks this run
2026-02-08 02:40:04 --- Monitor run complete ---
2026-02-08 02:50:04 --- Monitor run started ---
2026-02-08 02:50:04 Active sessions:  / 15
2026-02-08 02:50:05 Available slots: 15
2026-02-08 02:50:05 No more pending tasks
2026-02-08 02:50:05 Launched 0 tasks this run
2026-02-08 02:50:05 --- Monitor run complete ---
2026-02-08 03:00:03 --- Monitor run started ---
2026-02-08 03:00:04 Active sessions:  / 15
2026-02-08 03:00:04 Available slots: 15
2026-02-08 03:00:04 No more pending tasks
2026-02-08 03:00:04 Launched 0 tasks this run
2026-02-08 03:00:04 --- Monitor run complete ---
2026-02-08 03:10:04 --- Monitor run started ---
2026-02-08 03:10:04 Active sessions:  / 15
2026-02-08 03:10:05 Available slots: 15
2026-02-08 03:10:05 No more pending tasks
2026-02-08 03:10:05 Launched 0 tasks this run
2026-02-08 03:10:05 --- Monitor run complete ---
2026-02-08 03:20:04 --- Monitor run started ---
2026-02-08 03:20:05 Active sessions:  / 15
2026-02-08 03:20:05 Available slots: 15
2026-02-08 03:20:05 No more pending tasks
2026-02-08 03:20:05 Launched 0 tasks this run
2026-02-08 03:20:05 --- Monitor run complete ---
2026-02-08 03:30:05 --- Monitor run started ---
2026-02-08 03:30:05 Active sessions:  / 15
2026-02-08 03:30:06 Available slots: 15
2026-02-08 03:30:06 No more pending tasks
2026-02-08 03:30:06 Launched 0 tasks this run
2026-02-08 03:30:06 --- Monitor run complete ---
2026-02-08 03:40:03 --- Monitor run started ---
2026-02-08 03:40:04 Active sessions:  / 15
2026-02-08 03:40:04 Available slots: 15
2026-02-08 03:40:04 No more pending tasks
2026-02-08 03:40:04 Launched 0 tasks this run
2026-02-08 03:40:04 --- Monitor run complete ---
2026-02-08 03:50:04 --- Monitor run started ---
2026-02-08 03:50:05 Active sessions:  / 15
2026-02-08 03:50:05 Available slots: 15
2026-02-08 03:50:05 No more pending tasks
2026-02-08 03:50:05 Launched 0 tasks this run
2026-02-08 03:50:05 --- Monitor run complete ---
2026-02-08 04:00:04 --- Monitor run started ---
2026-02-08 04:00:04 Active sessions:  / 15
2026-02-08 04:00:05 Available slots: 15
2026-02-08 04:00:05 No more pending tasks
2026-02-08 04:00:05 Launched 0 tasks this run
2026-02-08 04:00:05 --- Monitor run complete ---
2026-02-08 04:10:05 --- Monitor run started ---
2026-02-08 04:10:06 Active sessions:  / 15
2026-02-08 04:10:06 Available slots: 15
2026-02-08 04:10:06 No more pending tasks
2026-02-08 04:10:06 Launched 0 tasks this run
2026-02-08 04:10:06 --- Monitor run complete ---
2026-02-08 04:20:04 --- Monitor run started ---
2026-02-08 04:20:04 Active sessions:  / 15
2026-02-08 04:20:05 Available slots: 15
2026-02-08 04:20:05 No more pending tasks
2026-02-08 04:20:05 Launched 0 tasks this run
2026-02-08 04:20:05 --- Monitor run complete ---
2026-02-08 04:30:04 --- Monitor run started ---
2026-02-08 04:30:04 Active sessions:  / 15
2026-02-08 04:30:05 Available slots: 15
2026-02-08 04:30:05 No more pending tasks
2026-02-08 04:30:05 Launched 0 tasks this run
2026-02-08 04:30:05 --- Monitor run complete ---
2026-02-08 04:40:03 --- Monitor run started ---
2026-02-08 04:40:04 Active sessions:  / 15
2026-02-08 04:40:04 Available slots: 15
2026-02-08 04:40:04 No more pending tasks
2026-02-08 04:40:04 Launched 0 tasks this run
2026-02-08 04:40:04 --- Monitor run complete ---
2026-02-08 04:50:03 --- Monitor run started ---
2026-02-08 04:50:04 Active sessions:  / 15
2026-02-08 04:50:04 Available slots: 15
2026-02-08 04:50:04 No more pending tasks
2026-02-08 04:50:04 Launched 0 tasks this run
2026-02-08 04:50:04 --- Monitor run complete ---
2026-02-08 05:00:03 --- Monitor run started ---
2026-02-08 05:00:04 Active sessions:  / 15
2026-02-08 05:00:04 Available slots: 15
2026-02-08 05:00:04 No more pending tasks
2026-02-08 05:00:04 Launched 0 tasks this run
2026-02-08 05:00:04 --- Monitor run complete ---
2026-02-08 05:10:03 --- Monitor run started ---
2026-02-08 05:10:04 Active sessions:  / 15
2026-02-08 05:10:05 Available slots: 15
2026-02-08 05:10:05 No more pending tasks
2026-02-08 05:10:05 Launched 0 tasks this run
2026-02-08 05:10:05 --- Monitor run complete ---
2026-02-08 05:20:04 --- Monitor run started ---
2026-02-08 05:20:05 Active sessions:  / 15
2026-02-08 05:20:05 Available slots: 15
2026-02-08 05:20:05 No more pending tasks
2026-02-08 05:20:05 Launched 0 tasks this run
2026-02-08 05:20:05 --- Monitor run complete ---
2026-02-08 05:30:03 --- Monitor run started ---
2026-02-08 05:30:04 Active sessions:  / 15
2026-02-08 05:30:04 Available slots: 15
2026-02-08 05:30:04 No more pending tasks
2026-02-08 05:30:04 Launched 0 tasks this run
2026-02-08 05:30:04 --- Monitor run complete ---
2026-02-08 05:40:03 --- Monitor run started ---
2026-02-08 05:40:04 Active sessions:  / 15
2026-02-08 05:40:04 Available slots: 15
2026-02-08 05:40:04 No more pending tasks
2026-02-08 05:40:04 Launched 0 tasks this run
2026-02-08 05:40:04 --- Monitor run complete ---
2026-02-08 05:50:03 --- Monitor run started ---
2026-02-08 05:50:04 Active sessions:  / 15
2026-02-08 05:50:04 Available slots: 15
2026-02-08 05:50:04 No more pending tasks
2026-02-08 05:50:04 Launched 0 tasks this run
2026-02-08 05:50:04 --- Monitor run complete ---
2026-02-08 06:00:04 --- Monitor run started ---
2026-02-08 06:00:05 Active sessions:  / 15
2026-02-08 06:00:05 Available slots: 15
2026-02-08 06:00:05 No more pending tasks
2026-02-08 06:00:05 Launched 0 tasks this run
2026-02-08 06:00:05 --- Monitor run complete ---
2026-02-08 06:10:03 --- Monitor run started ---
2026-02-08 06:10:04 Active sessions:  / 15
2026-02-08 06:10:04 Available slots: 15
2026-02-08 06:10:04 No more pending tasks
2026-02-08 06:10:04 Launched 0 tasks this run
2026-02-08 06:10:04 --- Monitor run complete ---
2026-02-08 06:20:04 --- Monitor run started ---
2026-02-08 06:20:04 Active sessions:  / 15
2026-02-08 06:20:05 Available slots: 15
2026-02-08 06:20:05 No more pending tasks
2026-02-08 06:20:05 Launched 0 tasks this run
2026-02-08 06:20:05 --- Monitor run complete ---
2026-02-08 06:30:04 --- Monitor run started ---
2026-02-08 06:30:04 Active sessions:  / 15
2026-02-08 06:30:05 Available slots: 15
2026-02-08 06:30:05 No more pending tasks
2026-02-08 06:30:05 Launched 0 tasks this run
2026-02-08 06:30:05 --- Monitor run complete ---
2026-02-08 06:40:03 --- Monitor run started ---
2026-02-08 06:40:04 Active sessions:  / 15
2026-02-08 06:40:05 Available slots: 15
2026-02-08 06:40:05 No more pending tasks
2026-02-08 06:40:05 Launched 0 tasks this run
2026-02-08 06:40:05 --- Monitor run complete ---
2026-02-08 06:50:03 --- Monitor run started ---
2026-02-08 06:50:04 Active sessions:  / 15
2026-02-08 06:50:05 Available slots: 15
2026-02-08 06:50:05 No more pending tasks
2026-02-08 06:50:05 Launched 0 tasks this run
2026-02-08 06:50:05 --- Monitor run complete ---
2026-02-08 07:00:06 --- Monitor run started ---
2026-02-08 07:00:07 Active sessions:  / 15
2026-02-08 07:00:07 Available slots: 15
2026-02-08 07:00:07 No more pending tasks
2026-02-08 07:00:07 Launched 0 tasks this run
2026-02-08 07:00:07 --- Monitor run complete ---
2026-02-08 07:10:04 --- Monitor run started ---
2026-02-08 07:10:04 Active sessions:  / 15
2026-02-08 07:10:05 Available slots: 15
2026-02-08 07:10:05 No more pending tasks
2026-02-08 07:10:05 Launched 0 tasks this run
2026-02-08 07:10:05 --- Monitor run complete ---
2026-02-08 07:20:03 --- Monitor run started ---
2026-02-08 07:20:04 Active sessions:  / 15
2026-02-08 07:20:04 Available slots: 15
2026-02-08 07:20:04 No more pending tasks
2026-02-08 07:20:04 Launched 0 tasks this run
2026-02-08 07:20:04 --- Monitor run complete ---
2026-02-08 07:30:03 --- Monitor run started ---
2026-02-08 07:30:04 Active sessions:  / 15
2026-02-08 07:30:04 Available slots: 15
2026-02-08 07:30:04 No more pending tasks
2026-02-08 07:30:04 Launched 0 tasks this run
2026-02-08 07:30:04 --- Monitor run complete ---
2026-02-08 07:40:03 --- Monitor run started ---
2026-02-08 07:40:04 Active sessions:  / 15
2026-02-08 07:40:04 Available slots: 15
2026-02-08 07:40:04 No more pending tasks
2026-02-08 07:40:04 Launched 0 tasks this run
2026-02-08 07:40:04 --- Monitor run complete ---
2026-02-08 07:50:03 --- Monitor run started ---
2026-02-08 07:50:04 Active sessions:  / 15
2026-02-08 07:50:04 Available slots: 15
2026-02-08 07:50:04 No more pending tasks
2026-02-08 07:50:04 Launched 0 tasks this run
2026-02-08 07:50:04 --- Monitor run complete ---
2026-02-08 08:01:40 --- Monitor run started ---
2026-02-08 08:01:41 Active sessions:  / 15
2026-02-08 08:01:42 Available slots: 15
2026-02-08 08:01:42 No more pending tasks
2026-02-08 08:01:42 Launched 0 tasks this run
2026-02-08 08:01:42 --- Monitor run complete ---
2026-02-08 08:10:03 --- Monitor run started ---
2026-02-08 08:10:04 Active sessions:  / 15
2026-02-08 08:10:04 Available slots: 15
2026-02-08 08:10:04 No more pending tasks
2026-02-08 08:10:04 Launched 0 tasks this run
2026-02-08 08:10:04 --- Monitor run complete ---
2026-02-08 08:20:03 --- Monitor run started ---
2026-02-08 08:20:04 Active sessions:  / 15
2026-02-08 08:20:04 Available slots: 15
2026-02-08 08:20:04 No more pending tasks
2026-02-08 08:20:04 Launched 0 tasks this run
2026-02-08 08:20:04 --- Monitor run complete ---
2026-02-08 08:30:03 --- Monitor run started ---
2026-02-08 08:30:04 Active sessions:  / 15
2026-02-08 08:30:04 Available slots: 15
2026-02-08 08:30:04 No more pending tasks
2026-02-08 08:30:04 Launched 0 tasks this run
2026-02-08 08:30:04 --- Monitor run complete ---
2026-02-08 08:40:03 --- Monitor run started ---
2026-02-08 08:40:04 Active sessions:  / 15
2026-02-08 08:40:05 Available slots: 15
2026-02-08 08:40:05 No more pending tasks
2026-02-08 08:40:05 Launched 0 tasks this run
2026-02-08 08:40:05 --- Monitor run complete ---
2026-02-08 08:50:04 --- Monitor run started ---
2026-02-08 08:50:05 Active sessions:  / 15
2026-02-08 08:50:05 Available slots: 15
2026-02-08 08:50:05 No more pending tasks
2026-02-08 08:50:05 Launched 0 tasks this run
2026-02-08 08:50:05 --- Monitor run complete ---
2026-02-08 09:00:03 --- Monitor run started ---
2026-02-08 09:00:04 Active sessions:  / 15
2026-02-08 09:00:04 Available slots: 15
2026-02-08 09:00:04 No more pending tasks
2026-02-08 09:00:04 Launched 0 tasks this run
2026-02-08 09:00:04 --- Monitor run complete ---
2026-02-08 09:10:04 --- Monitor run started ---
2026-02-08 09:10:04 Active sessions:  / 15
2026-02-08 09:10:05 Available slots: 15
2026-02-08 09:10:05 No more pending tasks
2026-02-08 09:10:05 Launched 0 tasks this run
2026-02-08 09:10:05 --- Monitor run complete ---
2026-02-08 09:20:04 --- Monitor run started ---
2026-02-08 09:20:04 Active sessions:  / 15
2026-02-08 09:20:05 Available slots: 15
2026-02-08 09:20:05 No more pending tasks
2026-02-08 09:20:05 Launched 0 tasks this run
2026-02-08 09:20:05 --- Monitor run complete ---
2026-02-08 09:30:04 --- Monitor run started ---
2026-02-08 09:30:04 Active sessions:  / 15
2026-02-08 09:30:05 Available slots: 15
2026-02-08 09:30:05 No more pending tasks
2026-02-08 09:30:05 Launched 0 tasks this run
2026-02-08 09:30:05 --- Monitor run complete ---
2026-02-08 09:40:04 --- Monitor run started ---
2026-02-08 09:40:04 Active sessions:  / 15
2026-02-08 09:40:05 Available slots: 15
2026-02-08 09:40:05 No more pending tasks
2026-02-08 09:40:05 Launched 0 tasks this run
2026-02-08 09:40:05 --- Monitor run complete ---
2026-02-08 09:50:03 --- Monitor run started ---
2026-02-08 09:50:04 Active sessions:  / 15
2026-02-08 09:50:05 Available slots: 15
2026-02-08 09:50:05 No more pending tasks
2026-02-08 09:50:05 Launched 0 tasks this run
2026-02-08 09:50:05 --- Monitor run complete ---
2026-02-08 10:00:03 --- Monitor run started ---
2026-02-08 10:00:03 Active sessions:  / 15
2026-02-08 10:00:04 Available slots: 15
2026-02-08 10:00:04 No more pending tasks
2026-02-08 10:00:04 Launched 0 tasks this run
2026-02-08 10:00:04 --- Monitor run complete ---
2026-02-08 10:10:04 --- Monitor run started ---
2026-02-08 10:10:05 Active sessions:  / 15
2026-02-08 10:10:05 Available slots: 15
2026-02-08 10:10:05 No more pending tasks
2026-02-08 10:10:05 Launched 0 tasks this run
2026-02-08 10:10:05 --- Monitor run complete ---
2026-02-08 10:20:04 --- Monitor run started ---
2026-02-08 10:20:04 Active sessions:  / 15
2026-02-08 10:20:05 Available slots: 15
2026-02-08 10:20:05 No more pending tasks
2026-02-08 10:20:05 Launched 0 tasks this run
2026-02-08 10:20:05 --- Monitor run complete ---
2026-02-08 10:30:03 --- Monitor run started ---
2026-02-08 10:30:04 Active sessions:  / 15
2026-02-08 10:30:04 Available slots: 15
2026-02-08 10:30:04 No more pending tasks
2026-02-08 10:30:04 Launched 0 tasks this run
2026-02-08 10:30:04 --- Monitor run complete ---
2026-02-08 10:40:04 --- Monitor run started ---
2026-02-08 10:40:04 Active sessions:  / 15
2026-02-08 10:40:05 Available slots: 15
2026-02-08 10:40:05 No more pending tasks
2026-02-08 10:40:05 Launched 0 tasks this run
2026-02-08 10:40:05 --- Monitor run complete ---
2026-02-08 10:50:04 --- Monitor run started ---
2026-02-08 10:50:04 Active sessions:  / 15
2026-02-08 10:50:05 Available slots: 15
2026-02-08 10:50:05 No more pending tasks
2026-02-08 10:50:05 Launched 0 tasks this run
2026-02-08 10:50:05 --- Monitor run complete ---
2026-02-08 11:00:03 --- Monitor run started ---
2026-02-08 11:00:04 Active sessions:  / 15
2026-02-08 11:00:04 Available slots: 15
2026-02-08 11:00:04 No more pending tasks
2026-02-08 11:00:04 Launched 0 tasks this run
2026-02-08 11:00:04 --- Monitor run complete ---
2026-02-08 11:10:05 --- Monitor run started ---
2026-02-08 11:10:05 Active sessions:  / 15
2026-02-08 11:10:06 Available slots: 15
2026-02-08 11:10:06 No more pending tasks
2026-02-08 11:10:06 Launched 0 tasks this run
2026-02-08 11:10:06 --- Monitor run complete ---
2026-02-08 11:20:04 --- Monitor run started ---
2026-02-08 11:20:04 Active sessions:  / 15
2026-02-08 11:20:05 Available slots: 15
2026-02-08 11:20:05 No more pending tasks
2026-02-08 11:20:05 Launched 0 tasks this run
2026-02-08 11:20:05 --- Monitor run complete ---
2026-02-08 11:30:05 --- Monitor run started ---
2026-02-08 11:30:05 Active sessions:  / 15
2026-02-08 11:30:06 Available slots: 15
2026-02-08 11:30:06 No more pending tasks
2026-02-08 11:30:06 Launched 0 tasks this run
2026-02-08 11:30:06 --- Monitor run complete ---
2026-02-08 11:40:04 --- Monitor run started ---
2026-02-08 11:40:05 Active sessions:  / 15
2026-02-08 11:40:05 Available slots: 15
2026-02-08 11:40:05 No more pending tasks
2026-02-08 11:40:05 Launched 0 tasks this run
2026-02-08 11:40:05 --- Monitor run complete ---
2026-02-08 11:50:05 --- Monitor run started ---
2026-02-08 11:50:05 Active sessions:  / 15
2026-02-08 11:50:06 Available slots: 15
2026-02-08 11:50:06 No more pending tasks
2026-02-08 11:50:06 Launched 0 tasks this run
2026-02-08 11:50:06 --- Monitor run complete ---
2026-02-08 12:00:03 --- Monitor run started ---
2026-02-08 12:00:04 Active sessions:  / 15
2026-02-08 12:00:04 Available slots: 15
2026-02-08 12:00:04 No more pending tasks
2026-02-08 12:00:04 Launched 0 tasks this run
2026-02-08 12:00:04 --- Monitor run complete ---
2026-02-08 12:10:04 --- Monitor run started ---
2026-02-08 12:10:05 Active sessions:  / 15
2026-02-08 12:10:05 Available slots: 15
2026-02-08 12:10:05 No more pending tasks
2026-02-08 12:10:05 Launched 0 tasks this run
2026-02-08 12:10:05 --- Monitor run complete ---
2026-02-08 12:20:03 --- Monitor run started ---
2026-02-08 12:20:04 Active sessions:  / 15
2026-02-08 12:20:04 Available slots: 15
2026-02-08 12:20:04 No more pending tasks
2026-02-08 12:20:04 Launched 0 tasks this run
2026-02-08 12:20:04 --- Monitor run complete ---
2026-02-08 12:30:05 --- Monitor run started ---
2026-02-08 12:30:05 Active sessions:  / 15
2026-02-08 12:30:06 Available slots: 15
2026-02-08 12:30:06 No more pending tasks
2026-02-08 12:30:06 Launched 0 tasks this run
2026-02-08 12:30:06 --- Monitor run complete ---
2026-02-08 12:40:04 --- Monitor run started ---
2026-02-08 12:40:04 Active sessions:  / 15
2026-02-08 12:40:05 Available slots: 15
2026-02-08 12:40:05 No more pending tasks
2026-02-08 12:40:05 Launched 0 tasks this run
2026-02-08 12:40:05 --- Monitor run complete ---
2026-02-08 12:50:03 --- Monitor run started ---
2026-02-08 12:50:04 Active sessions:  / 15
2026-02-08 12:50:04 Available slots: 15
2026-02-08 12:50:04 No more pending tasks
2026-02-08 12:50:04 Launched 0 tasks this run
2026-02-08 12:50:04 --- Monitor run complete ---
2026-02-08 13:00:03 --- Monitor run started ---
2026-02-08 13:00:04 Active sessions:  / 15
2026-02-08 13:00:04 Available slots: 15
2026-02-08 13:00:04 No more pending tasks
2026-02-08 13:00:04 Launched 0 tasks this run
2026-02-08 13:00:04 --- Monitor run complete ---
2026-02-08 13:10:03 --- Monitor run started ---
2026-02-08 13:10:03 Active sessions:  / 15
2026-02-08 13:10:04 Available slots: 15
2026-02-08 13:10:04 No more pending tasks
2026-02-08 13:10:04 Launched 0 tasks this run
2026-02-08 13:10:04 --- Monitor run complete ---
2026-02-08 13:20:09 --- Monitor run started ---
2026-02-08 13:20:10 Active sessions:  / 15
2026-02-08 13:20:10 Available slots: 15
2026-02-08 13:20:10 No more pending tasks
2026-02-08 13:20:10 Launched 0 tasks this run
2026-02-08 13:20:10 --- Monitor run complete ---
2026-02-08 13:30:03 --- Monitor run started ---
2026-02-08 13:30:04 Active sessions:  / 15
2026-02-08 13:30:04 Available slots: 15
2026-02-08 13:30:04 No more pending tasks
2026-02-08 13:30:04 Launched 0 tasks this run
2026-02-08 13:30:04 --- Monitor run complete ---
2026-02-08 13:40:03 --- Monitor run started ---
2026-02-08 13:40:04 Active sessions:  / 15
2026-02-08 13:40:04 Available slots: 15
2026-02-08 13:40:04 No more pending tasks
2026-02-08 13:40:04 Launched 0 tasks this run
2026-02-08 13:40:04 --- Monitor run complete ---
2026-02-08 13:50:05 --- Monitor run started ---
2026-02-08 13:50:05 Active sessions:  / 15
2026-02-08 13:50:06 Available slots: 15
2026-02-08 13:50:06 No more pending tasks
2026-02-08 13:50:06 Launched 0 tasks this run
2026-02-08 13:50:06 --- Monitor run complete ---
2026-02-08 14:00:04 --- Monitor run started ---
2026-02-08 14:00:05 Active sessions:  / 15
2026-02-08 14:00:05 Available slots: 15
2026-02-08 14:00:05 No more pending tasks
2026-02-08 14:00:05 Launched 0 tasks this run
2026-02-08 14:00:05 --- Monitor run complete ---
2026-02-08 14:10:04 --- Monitor run started ---
2026-02-08 14:10:04 Active sessions:  / 15
2026-02-08 14:10:05 Available slots: 15
2026-02-08 14:10:05 No more pending tasks
2026-02-08 14:10:05 Launched 0 tasks this run
2026-02-08 14:10:05 --- Monitor run complete ---
2026-02-08 14:20:04 --- Monitor run started ---
2026-02-08 14:20:04 Active sessions:  / 15
2026-02-08 14:20:05 Available slots: 15
2026-02-08 14:20:05 No more pending tasks
2026-02-08 14:20:05 Launched 0 tasks this run
2026-02-08 14:20:05 --- Monitor run complete ---
2026-02-08 14:30:04 --- Monitor run started ---
2026-02-08 14:30:04 Active sessions:  / 15
2026-02-08 14:30:05 Available slots: 15
2026-02-08 14:30:05 No more pending tasks
2026-02-08 14:30:05 Launched 0 tasks this run
2026-02-08 14:30:05 --- Monitor run complete ---
2026-02-08 14:40:03 --- Monitor run started ---
2026-02-08 14:40:04 Active sessions:  / 15
2026-02-08 14:40:04 Available slots: 15
2026-02-08 14:40:04 No more pending tasks
2026-02-08 14:40:04 Launched 0 tasks this run
2026-02-08 14:40:04 --- Monitor run complete ---
2026-02-08 14:50:03 --- Monitor run started ---
2026-02-08 14:50:03 Active sessions:  / 15
2026-02-08 14:50:04 Available slots: 15
2026-02-08 14:50:04 No more pending tasks
2026-02-08 14:50:04 Launched 0 tasks this run
2026-02-08 14:50:04 --- Monitor run complete ---
2026-02-08 15:00:04 --- Monitor run started ---
2026-02-08 15:00:05 Active sessions:  / 15
2026-02-08 15:00:05 Available slots: 15
2026-02-08 15:00:05 No more pending tasks
2026-02-08 15:00:05 Launched 0 tasks this run
2026-02-08 15:00:05 --- Monitor run complete ---
2026-02-08 15:10:04 --- Monitor run started ---
2026-02-08 15:10:04 Active sessions:  / 15
2026-02-08 15:10:05 Available slots: 15
2026-02-08 15:10:05 No more pending tasks
2026-02-08 15:10:05 Launched 0 tasks this run
2026-02-08 15:10:05 --- Monitor run complete ---
2026-02-08 15:20:03 --- Monitor run started ---
2026-02-08 15:20:03 Active sessions:  / 15
2026-02-08 15:20:04 Available slots: 15
2026-02-08 15:20:04 No more pending tasks
2026-02-08 15:20:04 Launched 0 tasks this run
2026-02-08 15:20:04 --- Monitor run complete ---
2026-02-08 15:30:04 --- Monitor run started ---
2026-02-08 15:30:05 Active sessions:  / 15
2026-02-08 15:30:05 Available slots: 15
2026-02-08 15:30:05 No more pending tasks
2026-02-08 15:30:05 Launched 0 tasks this run
2026-02-08 15:30:05 --- Monitor run complete ---
2026-02-08 15:40:04 --- Monitor run started ---
2026-02-08 15:40:04 Active sessions:  / 15
2026-02-08 15:40:05 Available slots: 15
2026-02-08 15:40:05 No more pending tasks
2026-02-08 15:40:05 Launched 0 tasks this run
2026-02-08 15:40:05 --- Monitor run complete ---
2026-02-08 15:50:04 --- Monitor run started ---
2026-02-08 15:50:04 Active sessions:  / 15
2026-02-08 15:50:05 Available slots: 15
2026-02-08 15:50:05 No more pending tasks
2026-02-08 15:50:05 Launched 0 tasks this run
2026-02-08 15:50:05 --- Monitor run complete ---
2026-02-08 16:00:05 --- Monitor run started ---
2026-02-08 16:00:05 Active sessions:  / 15
2026-02-08 16:00:06 Available slots: 15
2026-02-08 16:00:06 No more pending tasks
2026-02-08 16:00:06 Launched 0 tasks this run
2026-02-08 16:00:06 --- Monitor run complete ---
2026-02-08 16:10:04 --- Monitor run started ---
2026-02-08 16:10:05 Active sessions:  / 15
2026-02-08 16:10:05 Available slots: 15
2026-02-08 16:10:05 No more pending tasks
2026-02-08 16:10:05 Launched 0 tasks this run
2026-02-08 16:10:05 --- Monitor run complete ---
2026-02-08 16:20:03 --- Monitor run started ---
2026-02-08 16:20:04 Active sessions:  / 15
2026-02-08 16:20:05 Available slots: 15
2026-02-08 16:20:05 No more pending tasks
2026-02-08 16:20:05 Launched 0 tasks this run
2026-02-08 16:20:05 --- Monitor run complete ---
2026-02-08 16:30:04 --- Monitor run started ---
2026-02-08 16:30:04 Active sessions:  / 15
2026-02-08 16:30:05 Available slots: 15
2026-02-08 16:30:05 No more pending tasks
2026-02-08 16:30:05 Launched 0 tasks this run
2026-02-08 16:30:05 --- Monitor run complete ---
2026-02-08 16:40:04 --- Monitor run started ---
2026-02-08 16:40:05 Active sessions:  / 15
2026-02-08 16:40:05 Available slots: 15
2026-02-08 16:40:05 No more pending tasks
2026-02-08 16:40:05 Launched 0 tasks this run
2026-02-08 16:40:05 --- Monitor run complete ---
2026-02-08 16:50:04 --- Monitor run started ---
2026-02-08 16:50:04 Active sessions:  / 15
2026-02-08 16:50:05 Available slots: 15
2026-02-08 16:50:05 No more pending tasks
2026-02-08 16:50:05 Launched 0 tasks this run
2026-02-08 16:50:05 --- Monitor run complete ---
2026-02-08 17:00:05 --- Monitor run started ---
2026-02-08 17:00:05 Active sessions:  / 15
2026-02-08 17:00:06 Available slots: 15
2026-02-08 17:00:06 No more pending tasks
2026-02-08 17:00:06 Launched 0 tasks this run
2026-02-08 17:00:06 --- Monitor run complete ---
2026-02-08 17:10:04 --- Monitor run started ---
2026-02-08 17:10:05 Active sessions:  / 15
2026-02-08 17:10:05 Available slots: 15
2026-02-08 17:10:05 No more pending tasks
2026-02-08 17:10:05 Launched 0 tasks this run
2026-02-08 17:10:05 --- Monitor run complete ---
2026-02-08 17:20:03 --- Monitor run started ---
2026-02-08 17:20:04 Active sessions:  / 15
2026-02-08 17:20:04 Available slots: 15
2026-02-08 17:20:04 No more pending tasks
2026-02-08 17:20:04 Launched 0 tasks this run
2026-02-08 17:20:04 --- Monitor run complete ---
2026-02-08 17:30:04 --- Monitor run started ---
2026-02-08 17:30:05 Active sessions:  / 15
2026-02-08 17:30:05 Available slots: 15
2026-02-08 17:30:05 No more pending tasks
2026-02-08 17:30:05 Launched 0 tasks this run
2026-02-08 17:30:05 --- Monitor run complete ---
2026-02-08 17:40:03 --- Monitor run started ---
2026-02-08 17:40:04 Active sessions:  / 15
2026-02-08 17:40:04 Available slots: 15
2026-02-08 17:40:04 No more pending tasks
2026-02-08 17:40:04 Launched 0 tasks this run
2026-02-08 17:40:04 --- Monitor run complete ---
2026-02-08 17:50:03 --- Monitor run started ---
2026-02-08 17:50:04 Active sessions:  / 15
2026-02-08 17:50:05 Available slots: 15
2026-02-08 17:50:05 No more pending tasks
2026-02-08 17:50:05 Launched 0 tasks this run
2026-02-08 17:50:05 --- Monitor run complete ---
2026-02-08 18:00:04 --- Monitor run started ---
2026-02-08 18:00:04 Active sessions:  / 15
2026-02-08 18:00:05 Available slots: 15
2026-02-08 18:00:05 No more pending tasks
2026-02-08 18:00:05 Launched 0 tasks this run
2026-02-08 18:00:05 --- Monitor run complete ---
2026-02-08 18:10:04 --- Monitor run started ---
2026-02-08 18:10:04 Active sessions:  / 15
2026-02-08 18:10:05 Available slots: 15
2026-02-08 18:10:05 No more pending tasks
2026-02-08 18:10:05 Launched 0 tasks this run
2026-02-08 18:10:05 --- Monitor run complete ---
2026-02-08 18:20:03 --- Monitor run started ---
2026-02-08 18:20:04 Active sessions:  / 15
2026-02-08 18:20:04 Available slots: 15
2026-02-08 18:20:04 No more pending tasks
2026-02-08 18:20:04 Launched 0 tasks this run
2026-02-08 18:20:04 --- Monitor run complete ---
2026-02-08 18:30:04 --- Monitor run started ---
2026-02-08 18:30:05 Active sessions:  / 15
2026-02-08 18:30:05 Available slots: 15
2026-02-08 18:30:05 No more pending tasks
2026-02-08 18:30:05 Launched 0 tasks this run
2026-02-08 18:30:05 --- Monitor run complete ---
2026-02-08 18:40:03 --- Monitor run started ---
2026-02-08 18:40:04 Active sessions:  / 15
2026-02-08 18:40:04 Available slots: 15
2026-02-08 18:40:04 No more pending tasks
2026-02-08 18:40:04 Launched 0 tasks this run
2026-02-08 18:40:04 --- Monitor run complete ---
2026-02-08 18:50:03 --- Monitor run started ---
2026-02-08 18:50:04 Active sessions:  / 15
2026-02-08 18:50:05 Available slots: 15
2026-02-08 18:50:05 No more pending tasks
2026-02-08 18:50:05 Launched 0 tasks this run
2026-02-08 18:50:05 --- Monitor run complete ---
2026-02-08 19:00:04 --- Monitor run started ---
2026-02-08 19:00:04 Active sessions:  / 15
2026-02-08 19:00:05 Available slots: 15
2026-02-08 19:00:05 No more pending tasks
2026-02-08 19:00:05 Launched 0 tasks this run
2026-02-08 19:00:05 --- Monitor run complete ---
2026-02-08 19:10:05 --- Monitor run started ---
2026-02-08 19:10:05 Active sessions:  / 15
2026-02-08 19:10:06 Available slots: 15
2026-02-08 19:10:06 No more pending tasks
2026-02-08 19:10:06 Launched 0 tasks this run
2026-02-08 19:10:06 --- Monitor run complete ---
2026-02-08 19:20:03 --- Monitor run started ---
2026-02-08 19:20:04 Active sessions:  / 15
2026-02-08 19:20:04 Available slots: 15
2026-02-08 19:20:04 No more pending tasks
2026-02-08 19:20:04 Launched 0 tasks this run
2026-02-08 19:20:04 --- Monitor run complete ---
2026-02-08 19:30:04 --- Monitor run started ---
2026-02-08 19:30:04 Active sessions:  / 15
2026-02-08 19:30:05 Available slots: 15
2026-02-08 19:30:05 No more pending tasks
2026-02-08 19:30:05 Launched 0 tasks this run
2026-02-08 19:30:05 --- Monitor run complete ---
2026-02-08 19:40:04 --- Monitor run started ---
2026-02-08 19:40:05 Active sessions:  / 15
2026-02-08 19:40:05 Available slots: 15
2026-02-08 19:40:05 No more pending tasks
2026-02-08 19:40:05 Launched 0 tasks this run
2026-02-08 19:40:05 --- Monitor run complete ---
2026-02-08 19:50:04 --- Monitor run started ---
2026-02-08 19:50:05 Active sessions:  / 15
2026-02-08 19:50:05 Available slots: 15
2026-02-08 19:50:05 No more pending tasks
2026-02-08 19:50:05 Launched 0 tasks this run
2026-02-08 19:50:05 --- Monitor run complete ---
2026-02-08 20:00:07 --- Monitor run started ---
2026-02-08 20:00:08 Active sessions:  / 15
2026-02-08 20:00:09 Available slots: 15
2026-02-08 20:00:09 No more pending tasks
2026-02-08 20:00:09 Launched 0 tasks this run
2026-02-08 20:00:09 --- Monitor run complete ---
2026-02-08 20:10:04 --- Monitor run started ---
2026-02-08 20:10:05 Active sessions:  / 15
2026-02-08 20:10:05 Available slots: 15
2026-02-08 20:10:05 No more pending tasks
2026-02-08 20:10:05 Launched 0 tasks this run
2026-02-08 20:10:05 --- Monitor run complete ---
2026-02-08 20:20:03 --- Monitor run started ---
2026-02-08 20:20:04 Active sessions:  / 15
2026-02-08 20:20:04 Available slots: 15
2026-02-08 20:20:04 No more pending tasks
2026-02-08 20:20:04 Launched 0 tasks this run
2026-02-08 20:20:04 --- Monitor run complete ---
2026-02-08 20:30:04 --- Monitor run started ---
2026-02-08 20:30:04 Active sessions:  / 15
2026-02-08 20:30:05 Available slots: 15
2026-02-08 20:30:05 No more pending tasks
2026-02-08 20:30:05 Launched 0 tasks this run
2026-02-08 20:30:05 --- Monitor run complete ---
2026-02-08 20:40:03 --- Monitor run started ---
2026-02-08 20:40:04 Active sessions:  / 15
2026-02-08 20:40:04 Available slots: 15
2026-02-08 20:40:04 No more pending tasks
2026-02-08 20:40:04 Launched 0 tasks this run
2026-02-08 20:40:04 --- Monitor run complete ---
2026-02-08 20:50:04 --- Monitor run started ---
2026-02-08 20:50:04 Active sessions:  / 15
2026-02-08 20:50:05 Available slots: 15
2026-02-08 20:50:05 No more pending tasks
2026-02-08 20:50:05 Launched 0 tasks this run
2026-02-08 20:50:05 --- Monitor run complete ---
2026-02-08 21:00:04 --- Monitor run started ---
2026-02-08 21:00:04 Active sessions:  / 15
2026-02-08 21:00:05 Available slots: 15
2026-02-08 21:00:05 No more pending tasks
2026-02-08 21:00:05 Launched 0 tasks this run
2026-02-08 21:00:05 --- Monitor run complete ---
2026-02-08 21:10:04 --- Monitor run started ---
2026-02-08 21:10:04 Active sessions:  / 15
2026-02-08 21:10:05 Available slots: 15
2026-02-08 21:10:05 No more pending tasks
2026-02-08 21:10:05 Launched 0 tasks this run
2026-02-08 21:10:05 --- Monitor run complete ---
2026-02-08 21:20:03 --- Monitor run started ---
2026-02-08 21:20:04 Active sessions:  / 15
2026-02-08 21:20:04 Available slots: 15
2026-02-08 21:20:04 No more pending tasks
2026-02-08 21:20:04 Launched 0 tasks this run
2026-02-08 21:20:04 --- Monitor run complete ---
2026-02-08 21:30:03 --- Monitor run started ---
2026-02-08 21:30:04 Active sessions:  / 15
2026-02-08 21:30:04 Available slots: 15
2026-02-08 21:30:04 No more pending tasks
2026-02-08 21:30:04 Launched 0 tasks this run
2026-02-08 21:30:04 --- Monitor run complete ---
2026-02-08 21:40:03 --- Monitor run started ---
2026-02-08 21:40:04 Active sessions:  / 15
2026-02-08 21:40:04 Available slots: 15
2026-02-08 21:40:04 No more pending tasks
2026-02-08 21:40:04 Launched 0 tasks this run
2026-02-08 21:40:04 --- Monitor run complete ---
2026-02-08 21:50:03 --- Monitor run started ---
2026-02-08 21:50:04 Active sessions:  / 15
2026-02-08 21:50:04 Available slots: 15
2026-02-08 21:50:04 No more pending tasks
2026-02-08 21:50:04 Launched 0 tasks this run
2026-02-08 21:50:04 --- Monitor run complete ---
2026-02-08 22:00:03 --- Monitor run started ---
2026-02-08 22:00:03 Active sessions:  / 15
2026-02-08 22:00:04 Available slots: 15
2026-02-08 22:00:04 No more pending tasks
2026-02-08 22:00:04 Launched 0 tasks this run
2026-02-08 22:00:04 --- Monitor run complete ---
2026-02-08 22:10:05 --- Monitor run started ---
2026-02-08 22:10:06 Active sessions:  / 15
2026-02-08 22:10:06 Available slots: 15
2026-02-08 22:10:06 No more pending tasks
2026-02-08 22:10:06 Launched 0 tasks this run
2026-02-08 22:10:06 --- Monitor run complete ---
2026-02-08 22:20:04 --- Monitor run started ---
2026-02-08 22:20:04 Active sessions:  / 15
2026-02-08 22:20:05 Available slots: 15
2026-02-08 22:20:05 No more pending tasks
2026-02-08 22:20:05 Launched 0 tasks this run
2026-02-08 22:20:05 --- Monitor run complete ---
2026-02-08 22:30:03 --- Monitor run started ---
2026-02-08 22:30:04 Active sessions:  / 15
2026-02-08 22:30:04 Available slots: 15
2026-02-08 22:30:04 No more pending tasks
2026-02-08 22:30:04 Launched 0 tasks this run
2026-02-08 22:30:04 --- Monitor run complete ---
2026-02-08 22:40:04 --- Monitor run started ---
2026-02-08 22:40:04 Active sessions:  / 15
2026-02-08 22:40:05 Available slots: 15
2026-02-08 22:40:05 No more pending tasks
2026-02-08 22:40:05 Launched 0 tasks this run
2026-02-08 22:40:05 --- Monitor run complete ---
2026-02-08 22:50:04 --- Monitor run started ---
2026-02-08 22:50:04 Active sessions:  / 15
2026-02-08 22:50:05 Available slots: 15
2026-02-08 22:50:05 No more pending tasks
2026-02-08 22:50:05 Launched 0 tasks this run
2026-02-08 22:50:05 --- Monitor run complete ---
2026-02-08 23:00:03 --- Monitor run started ---
2026-02-08 23:00:04 Active sessions:  / 15
2026-02-08 23:00:05 Available slots: 15
2026-02-08 23:00:05 No more pending tasks
2026-02-08 23:00:05 Launched 0 tasks this run
2026-02-08 23:00:05 --- Monitor run complete ---
2026-02-08 23:10:03 --- Monitor run started ---
2026-02-08 23:10:04 Active sessions:  / 15
2026-02-08 23:10:04 Available slots: 15
2026-02-08 23:10:04 No more pending tasks
2026-02-08 23:10:04 Launched 0 tasks this run
2026-02-08 23:10:04 --- Monitor run complete ---
2026-02-08 23:20:04 --- Monitor run started ---
2026-02-08 23:20:04 Active sessions:  / 15
2026-02-08 23:20:05 Available slots: 15
2026-02-08 23:20:05 No more pending tasks
2026-02-08 23:20:05 Launched 0 tasks this run
2026-02-08 23:20:05 --- Monitor run complete ---
2026-02-08 23:30:04 --- Monitor run started ---
2026-02-08 23:30:04 Active sessions:  / 15
2026-02-08 23:30:05 Available slots: 15
2026-02-08 23:30:05 No more pending tasks
2026-02-08 23:30:05 Launched 0 tasks this run
2026-02-08 23:30:05 --- Monitor run complete ---
2026-02-08 23:40:03 --- Monitor run started ---
2026-02-08 23:40:04 Active sessions:  / 15
2026-02-08 23:40:04 Available slots: 15
2026-02-08 23:40:04 No more pending tasks
2026-02-08 23:40:04 Launched 0 tasks this run
2026-02-08 23:40:04 --- Monitor run complete ---
2026-02-08 23:50:04 --- Monitor run started ---
2026-02-08 23:50:05 Active sessions:  / 15
2026-02-08 23:50:05 Available slots: 15
2026-02-08 23:50:05 No more pending tasks
2026-02-08 23:50:05 Launched 0 tasks this run
2026-02-08 23:50:05 --- Monitor run complete ---
2026-02-09 00:00:04 --- Monitor run started ---
2026-02-09 00:00:04 Active sessions:  / 15
2026-02-09 00:00:05 Available slots: 15
2026-02-09 00:00:05 No more pending tasks
2026-02-09 00:00:05 Launched 0 tasks this run
2026-02-09 00:00:05 --- Monitor run complete ---
2026-02-09 00:10:03 --- Monitor run started ---
2026-02-09 00:10:04 Active sessions:  / 15
2026-02-09 00:10:04 Available slots: 15
2026-02-09 00:10:04 No more pending tasks
2026-02-09 00:10:04 Launched 0 tasks this run
2026-02-09 00:10:04 --- Monitor run complete ---
2026-02-09 00:20:03 --- Monitor run started ---
2026-02-09 00:20:03 Active sessions:  / 15
2026-02-09 00:20:04 Available slots: 15
2026-02-09 00:20:04 No more pending tasks
2026-02-09 00:20:04 Launched 0 tasks this run
2026-02-09 00:20:04 --- Monitor run complete ---
2026-02-09 00:30:04 --- Monitor run started ---
2026-02-09 00:30:04 Active sessions:  / 15
2026-02-09 00:30:05 Available slots: 15
2026-02-09 00:30:05 No more pending tasks
2026-02-09 00:30:05 Launched 0 tasks this run
2026-02-09 00:30:05 --- Monitor run complete ---
2026-02-09 00:40:03 --- Monitor run started ---
2026-02-09 00:40:03 Active sessions:  / 15
2026-02-09 00:40:04 Available slots: 15
2026-02-09 00:40:04 No more pending tasks
2026-02-09 00:40:04 Launched 0 tasks this run
2026-02-09 00:40:04 --- Monitor run complete ---
2026-02-09 00:50:04 --- Monitor run started ---
2026-02-09 00:50:04 Active sessions:  / 15
2026-02-09 00:50:05 Available slots: 15
2026-02-09 00:50:05 No more pending tasks
2026-02-09 00:50:05 Launched 0 tasks this run
2026-02-09 00:50:05 --- Monitor run complete ---
2026-02-09 01:00:03 --- Monitor run started ---
2026-02-09 01:00:04 Active sessions:  / 15
2026-02-09 01:00:04 Available slots: 15
2026-02-09 01:00:04 No more pending tasks
2026-02-09 01:00:04 Launched 0 tasks this run
2026-02-09 01:00:04 --- Monitor run complete ---
2026-02-09 01:10:04 --- Monitor run started ---
2026-02-09 01:10:04 Active sessions:  / 15
2026-02-09 01:10:05 Available slots: 15
2026-02-09 01:10:05 No more pending tasks
2026-02-09 01:10:05 Launched 0 tasks this run
2026-02-09 01:10:05 --- Monitor run complete ---
2026-02-09 01:20:04 --- Monitor run started ---
2026-02-09 01:20:04 Active sessions:  / 15
2026-02-09 01:20:05 Available slots: 15
2026-02-09 01:20:05 No more pending tasks
2026-02-09 01:20:05 Launched 0 tasks this run
2026-02-09 01:20:05 --- Monitor run complete ---
2026-02-09 01:30:03 --- Monitor run started ---
2026-02-09 01:30:04 Active sessions:  / 15
2026-02-09 01:30:04 Available slots: 15
2026-02-09 01:30:04 No more pending tasks
2026-02-09 01:30:04 Launched 0 tasks this run
2026-02-09 01:30:04 --- Monitor run complete ---
2026-02-09 01:40:03 --- Monitor run started ---
2026-02-09 01:40:04 Active sessions:  / 15
2026-02-09 01:40:04 Available slots: 15
2026-02-09 01:40:04 No more pending tasks
2026-02-09 01:40:04 Launched 0 tasks this run
2026-02-09 01:40:04 --- Monitor run complete ---
2026-02-09 01:50:03 --- Monitor run started ---
2026-02-09 01:50:04 Active sessions:  / 15
2026-02-09 01:50:04 Available slots: 15
2026-02-09 01:50:04 No more pending tasks
2026-02-09 01:50:04 Launched 0 tasks this run
2026-02-09 01:50:04 --- Monitor run complete ---
2026-02-09 02:00:05 --- Monitor run started ---
2026-02-09 02:00:05 Active sessions:  / 15
2026-02-09 02:00:06 Available slots: 15
2026-02-09 02:00:06 No more pending tasks
2026-02-09 02:00:06 Launched 0 tasks this run
2026-02-09 02:00:06 --- Monitor run complete ---
2026-02-09 02:10:03 --- Monitor run started ---
2026-02-09 02:10:03 Active sessions:  / 15
2026-02-09 02:10:04 Available slots: 15
2026-02-09 02:10:04 No more pending tasks
2026-02-09 02:10:04 Launched 0 tasks this run
2026-02-09 02:10:04 --- Monitor run complete ---
2026-02-09 02:20:03 --- Monitor run started ---
2026-02-09 02:20:04 Active sessions:  / 15
2026-02-09 02:20:04 Available slots: 15
2026-02-09 02:20:04 No more pending tasks
2026-02-09 02:20:04 Launched 0 tasks this run
2026-02-09 02:20:04 --- Monitor run complete ---
2026-02-09 02:30:05 --- Monitor run started ---
2026-02-09 02:30:05 Active sessions:  / 15
2026-02-09 02:30:06 Available slots: 15
2026-02-09 02:30:06 No more pending tasks
2026-02-09 02:30:06 Launched 0 tasks this run
2026-02-09 02:30:06 --- Monitor run complete ---
2026-02-09 02:40:03 --- Monitor run started ---
2026-02-09 02:40:04 Active sessions:  / 15
2026-02-09 02:40:04 Available slots: 15
2026-02-09 02:40:04 No more pending tasks
2026-02-09 02:40:04 Launched 0 tasks this run
2026-02-09 02:40:04 --- Monitor run complete ---
2026-02-09 02:50:04 --- Monitor run started ---
2026-02-09 02:50:05 Active sessions:  / 15
2026-02-09 02:50:05 Available slots: 15
2026-02-09 02:50:05 No more pending tasks
2026-02-09 02:50:05 Launched 0 tasks this run
2026-02-09 02:50:05 --- Monitor run complete ---
2026-02-09 03:00:04 --- Monitor run started ---
2026-02-09 03:00:04 Active sessions:  / 15
2026-02-09 03:00:05 Available slots: 15
2026-02-09 03:00:05 No more pending tasks
2026-02-09 03:00:05 Launched 0 tasks this run
2026-02-09 03:00:05 --- Monitor run complete ---
2026-02-09 03:10:04 --- Monitor run started ---
2026-02-09 03:10:05 Active sessions:  / 15
2026-02-09 03:10:05 Available slots: 15
2026-02-09 03:10:05 No more pending tasks
2026-02-09 03:10:05 Launched 0 tasks this run
2026-02-09 03:10:05 --- Monitor run complete ---
2026-02-09 03:20:03 --- Monitor run started ---
2026-02-09 03:20:04 Active sessions:  / 15
2026-02-09 03:20:04 Available slots: 15
2026-02-09 03:20:04 No more pending tasks
2026-02-09 03:20:04 Launched 0 tasks this run
2026-02-09 03:20:04 --- Monitor run complete ---
2026-02-09 03:30:04 --- Monitor run started ---
2026-02-09 03:30:04 Active sessions:  / 15
2026-02-09 03:30:05 Available slots: 15
2026-02-09 03:30:05 No more pending tasks
2026-02-09 03:30:05 Launched 0 tasks this run
2026-02-09 03:30:05 --- Monitor run complete ---
2026-02-09 03:40:04 --- Monitor run started ---
2026-02-09 03:40:04 Active sessions:  / 15
2026-02-09 03:40:05 Available slots: 15
2026-02-09 03:40:05 No more pending tasks
2026-02-09 03:40:05 Launched 0 tasks this run
2026-02-09 03:40:05 --- Monitor run complete ---
2026-02-09 03:50:03 --- Monitor run started ---
2026-02-09 03:50:04 Active sessions:  / 15
2026-02-09 03:50:04 Available slots: 15
2026-02-09 03:50:04 No more pending tasks
2026-02-09 03:50:04 Launched 0 tasks this run
2026-02-09 03:50:04 --- Monitor run complete ---
2026-02-09 04:00:03 --- Monitor run started ---
2026-02-09 04:00:04 Active sessions:  / 15
2026-02-09 04:00:04 Available slots: 15
2026-02-09 04:00:04 No more pending tasks
2026-02-09 04:00:04 Launched 0 tasks this run
2026-02-09 04:00:04 --- Monitor run complete ---
2026-02-09 04:10:03 --- Monitor run started ---
2026-02-09 04:10:04 Active sessions:  / 15
2026-02-09 04:10:04 Available slots: 15
2026-02-09 04:10:04 No more pending tasks
2026-02-09 04:10:04 Launched 0 tasks this run
2026-02-09 04:10:04 --- Monitor run complete ---
2026-02-09 04:20:04 --- Monitor run started ---
2026-02-09 04:20:05 Active sessions:  / 15
2026-02-09 04:20:05 Available slots: 15
2026-02-09 04:20:05 No more pending tasks
2026-02-09 04:20:05 Launched 0 tasks this run
2026-02-09 04:20:05 --- Monitor run complete ---
2026-02-09 04:30:04 --- Monitor run started ---
2026-02-09 04:30:04 Active sessions:  / 15
2026-02-09 04:30:05 Available slots: 15
2026-02-09 04:30:05 No more pending tasks
2026-02-09 04:30:05 Launched 0 tasks this run
2026-02-09 04:30:05 --- Monitor run complete ---
2026-02-09 04:40:03 --- Monitor run started ---
2026-02-09 04:40:04 Active sessions:  / 15
2026-02-09 04:40:04 Available slots: 15
2026-02-09 04:40:04 No more pending tasks
2026-02-09 04:40:04 Launched 0 tasks this run
2026-02-09 04:40:04 --- Monitor run complete ---
2026-02-09 04:50:03 --- Monitor run started ---
2026-02-09 04:50:03 Active sessions:  / 15
2026-02-09 04:50:04 Available slots: 15
2026-02-09 04:50:04 No more pending tasks
2026-02-09 04:50:04 Launched 0 tasks this run
2026-02-09 04:50:04 --- Monitor run complete ---
2026-02-09 05:00:04 --- Monitor run started ---
2026-02-09 05:00:04 Active sessions:  / 15
2026-02-09 05:00:05 Available slots: 15
2026-02-09 05:00:05 No more pending tasks
2026-02-09 05:00:05 Launched 0 tasks this run
2026-02-09 05:00:05 --- Monitor run complete ---
2026-02-09 05:10:04 --- Monitor run started ---
2026-02-09 05:10:04 Active sessions:  / 15
2026-02-09 05:10:05 Available slots: 15
2026-02-09 05:10:05 No more pending tasks
2026-02-09 05:10:05 Launched 0 tasks this run
2026-02-09 05:10:05 --- Monitor run complete ---
2026-02-09 05:20:04 --- Monitor run started ---
2026-02-09 05:20:04 Active sessions:  / 15
2026-02-09 05:20:05 Available slots: 15
2026-02-09 05:20:05 No more pending tasks
2026-02-09 05:20:05 Launched 0 tasks this run
2026-02-09 05:20:05 --- Monitor run complete ---
2026-02-09 05:30:04 --- Monitor run started ---
2026-02-09 05:30:04 Active sessions:  / 15
2026-02-09 05:30:05 Available slots: 15
2026-02-09 05:30:05 No more pending tasks
2026-02-09 05:30:05 Launched 0 tasks this run
2026-02-09 05:30:05 --- Monitor run complete ---
2026-02-09 05:40:03 --- Monitor run started ---
2026-02-09 05:40:04 Active sessions:  / 15
2026-02-09 05:40:05 Available slots: 15
2026-02-09 05:40:05 No more pending tasks
2026-02-09 05:40:05 Launched 0 tasks this run
2026-02-09 05:40:05 --- Monitor run complete ---
2026-02-09 05:50:03 --- Monitor run started ---
2026-02-09 05:50:04 Active sessions:  / 15
2026-02-09 05:50:04 Available slots: 15
2026-02-09 05:50:04 No more pending tasks
2026-02-09 05:50:04 Launched 0 tasks this run
2026-02-09 05:50:04 --- Monitor run complete ---
2026-02-09 06:00:03 --- Monitor run started ---
2026-02-09 06:00:04 Active sessions:  / 15
2026-02-09 06:00:05 Available slots: 15
2026-02-09 06:00:05 No more pending tasks
2026-02-09 06:00:05 Launched 0 tasks this run
2026-02-09 06:00:05 --- Monitor run complete ---
2026-02-09 06:10:03 --- Monitor run started ---
2026-02-09 06:10:04 Active sessions:  / 15
2026-02-09 06:10:04 Available slots: 15
2026-02-09 06:10:04 No more pending tasks
2026-02-09 06:10:04 Launched 0 tasks this run
2026-02-09 06:10:04 --- Monitor run complete ---
2026-02-09 06:20:04 --- Monitor run started ---
2026-02-09 06:20:04 Active sessions:  / 15
2026-02-09 06:20:05 Available slots: 15
2026-02-09 06:20:05 No more pending tasks
2026-02-09 06:20:05 Launched 0 tasks this run
2026-02-09 06:20:05 --- Monitor run complete ---
2026-02-09 06:30:04 --- Monitor run started ---
2026-02-09 06:30:04 Active sessions:  / 15
2026-02-09 06:30:05 Available slots: 15
2026-02-09 06:30:05 No more pending tasks
2026-02-09 06:30:05 Launched 0 tasks this run
2026-02-09 06:30:05 --- Monitor run complete ---
2026-02-09 06:40:03 --- Monitor run started ---
2026-02-09 06:40:04 Active sessions:  / 15
2026-02-09 06:40:04 Available slots: 15
2026-02-09 06:40:04 No more pending tasks
2026-02-09 06:40:04 Launched 0 tasks this run
2026-02-09 06:40:04 --- Monitor run complete ---
2026-02-09 06:50:03 --- Monitor run started ---
2026-02-09 06:50:04 Active sessions:  / 15
2026-02-09 06:50:04 Available slots: 15
2026-02-09 06:50:04 No more pending tasks
2026-02-09 06:50:04 Launched 0 tasks this run
2026-02-09 06:50:04 --- Monitor run complete ---
2026-02-09 07:00:03 --- Monitor run started ---
2026-02-09 07:00:04 Active sessions:  / 15
2026-02-09 07:00:04 Available slots: 15
2026-02-09 07:00:04 No more pending tasks
2026-02-09 07:00:04 Launched 0 tasks this run
2026-02-09 07:00:04 --- Monitor run complete ---
2026-02-09 07:10:03 --- Monitor run started ---
2026-02-09 07:10:04 Active sessions:  / 15
2026-02-09 07:10:04 Available slots: 15
2026-02-09 07:10:04 No more pending tasks
2026-02-09 07:10:04 Launched 0 tasks this run
2026-02-09 07:10:04 --- Monitor run complete ---
2026-02-09 07:20:04 --- Monitor run started ---
2026-02-09 07:20:04 Active sessions:  / 15
2026-02-09 07:20:05 Available slots: 15
2026-02-09 07:20:05 No more pending tasks
2026-02-09 07:20:05 Launched 0 tasks this run
2026-02-09 07:20:05 --- Monitor run complete ---
2026-02-09 07:30:03 --- Monitor run started ---
2026-02-09 07:30:04 Active sessions:  / 15
2026-02-09 07:30:04 Available slots: 15
2026-02-09 07:30:04 No more pending tasks
2026-02-09 07:30:04 Launched 0 tasks this run
2026-02-09 07:30:04 --- Monitor run complete ---
2026-02-09 07:40:03 --- Monitor run started ---
2026-02-09 07:40:04 Active sessions:  / 15
2026-02-09 07:40:04 Available slots: 15
2026-02-09 07:40:04 No more pending tasks
2026-02-09 07:40:04 Launched 0 tasks this run
2026-02-09 07:40:04 --- Monitor run complete ---
2026-02-09 07:50:03 --- Monitor run started ---
2026-02-09 07:50:04 Active sessions:  / 15
2026-02-09 07:50:05 Available slots: 15
2026-02-09 07:50:05 No more pending tasks
2026-02-09 07:50:05 Launched 0 tasks this run
2026-02-09 07:50:05 --- Monitor run complete ---
2026-02-09 08:00:54 --- Monitor run started ---
2026-02-09 08:00:54 Active sessions:  / 15
2026-02-09 08:00:55 Available slots: 15
2026-02-09 08:00:55 No more pending tasks
2026-02-09 08:00:55 Launched 0 tasks this run
2026-02-09 08:00:55 --- Monitor run complete ---
2026-02-09 08:10:03 --- Monitor run started ---
2026-02-09 08:10:04 Active sessions:  / 15
2026-02-09 08:10:04 Available slots: 15
2026-02-09 08:10:04 No more pending tasks
2026-02-09 08:10:04 Launched 0 tasks this run
2026-02-09 08:10:04 --- Monitor run complete ---
2026-02-09 08:20:04 --- Monitor run started ---
2026-02-09 08:20:04 Active sessions:  / 15
2026-02-09 08:20:05 Available slots: 15
2026-02-09 08:20:05 No more pending tasks
2026-02-09 08:20:05 Launched 0 tasks this run
2026-02-09 08:20:05 --- Monitor run complete ---
2026-02-09 08:30:03 --- Monitor run started ---
2026-02-09 08:30:04 Active sessions:  / 15
2026-02-09 08:30:04 Available slots: 15
2026-02-09 08:30:04 No more pending tasks
2026-02-09 08:30:04 Launched 0 tasks this run
2026-02-09 08:30:04 --- Monitor run complete ---
2026-02-09 08:40:04 --- Monitor run started ---
2026-02-09 08:40:04 Active sessions:  / 15
2026-02-09 08:40:05 Available slots: 15
2026-02-09 08:40:05 No more pending tasks
2026-02-09 08:40:05 Launched 0 tasks this run
2026-02-09 08:40:05 --- Monitor run complete ---
2026-02-09 08:50:03 --- Monitor run started ---
2026-02-09 08:50:04 Active sessions:  / 15
2026-02-09 08:50:04 Available slots: 15
2026-02-09 08:50:04 No more pending tasks
2026-02-09 08:50:04 Launched 0 tasks this run
2026-02-09 08:50:04 --- Monitor run complete ---
2026-02-09 09:00:04 --- Monitor run started ---
2026-02-09 09:00:05 Active sessions:  / 15
2026-02-09 09:00:06 Available slots: 15
2026-02-09 09:00:06 No more pending tasks
2026-02-09 09:00:06 Launched 0 tasks this run
2026-02-09 09:00:06 --- Monitor run complete ---
2026-02-09 09:10:04 --- Monitor run started ---
2026-02-09 09:10:05 Active sessions:  / 15
2026-02-09 09:10:05 Available slots: 15
2026-02-09 09:10:05 No more pending tasks
2026-02-09 09:10:05 Launched 0 tasks this run
2026-02-09 09:10:05 --- Monitor run complete ---
2026-02-09 09:20:06 --- Monitor run started ---
2026-02-09 09:20:07 Active sessions:  / 15
2026-02-09 09:20:07 Available slots: 15
2026-02-09 09:20:07 No more pending tasks
2026-02-09 09:20:07 Launched 0 tasks this run
2026-02-09 09:20:07 --- Monitor run complete ---
2026-02-09 09:30:04 --- Monitor run started ---
2026-02-09 09:30:05 Active sessions:  / 15
2026-02-09 09:30:05 Available slots: 15
2026-02-09 09:30:05 No more pending tasks
2026-02-09 09:30:05 Launched 0 tasks this run
2026-02-09 09:30:05 --- Monitor run complete ---
2026-02-09 09:40:04 --- Monitor run started ---
2026-02-09 09:40:04 Active sessions:  / 15
2026-02-09 09:40:05 Available slots: 15
2026-02-09 09:40:05 No more pending tasks
2026-02-09 09:40:05 Launched 0 tasks this run
2026-02-09 09:40:05 --- Monitor run complete ---
2026-02-09 09:50:08 --- Monitor run started ---
2026-02-09 09:50:09 Active sessions:  / 15
2026-02-09 09:50:10 Available slots: 15
2026-02-09 09:50:10 No more pending tasks
2026-02-09 09:50:10 Launched 0 tasks this run
2026-02-09 09:50:10 --- Monitor run complete ---
2026-02-09 10:00:04 --- Monitor run started ---
2026-02-09 10:00:04 Active sessions:  / 15
2026-02-09 10:00:05 Available slots: 15
2026-02-09 10:00:05 No more pending tasks
2026-02-09 10:00:05 Launched 0 tasks this run
2026-02-09 10:00:05 --- Monitor run complete ---
2026-02-09 10:10:03 --- Monitor run started ---
2026-02-09 10:10:04 Active sessions:  / 15
2026-02-09 10:10:05 Available slots: 15
2026-02-09 10:10:05 No more pending tasks
2026-02-09 10:10:05 Launched 0 tasks this run
2026-02-09 10:10:05 --- Monitor run complete ---
2026-02-09 10:20:03 --- Monitor run started ---
2026-02-09 10:20:04 Active sessions:  / 15
2026-02-09 10:20:04 Available slots: 15
2026-02-09 10:20:04 No more pending tasks
2026-02-09 10:20:04 Launched 0 tasks this run
2026-02-09 10:20:04 --- Monitor run complete ---
2026-02-09 10:30:04 --- Monitor run started ---
2026-02-09 10:30:05 Active sessions:  / 15
2026-02-09 10:30:05 Available slots: 15
2026-02-09 10:30:05 No more pending tasks
2026-02-09 10:30:05 Launched 0 tasks this run
2026-02-09 10:30:05 --- Monitor run complete ---
2026-02-09 10:40:03 --- Monitor run started ---
2026-02-09 10:40:03 Active sessions:  / 15
2026-02-09 10:40:04 Available slots: 15
2026-02-09 10:40:04 No more pending tasks
2026-02-09 10:40:04 Launched 0 tasks this run
2026-02-09 10:40:04 --- Monitor run complete ---
2026-02-09 10:50:03 --- Monitor run started ---
2026-02-09 10:50:04 Active sessions:  / 15
2026-02-09 10:50:04 Available slots: 15
2026-02-09 10:50:04 No more pending tasks
2026-02-09 10:50:04 Launched 0 tasks this run
2026-02-09 10:50:04 --- Monitor run complete ---
2026-02-09 11:00:03 --- Monitor run started ---
2026-02-09 11:00:04 Active sessions:  / 15
2026-02-09 11:00:05 Available slots: 15
2026-02-09 11:00:05 No more pending tasks
2026-02-09 11:00:05 Launched 0 tasks this run
2026-02-09 11:00:05 --- Monitor run complete ---
2026-02-09 11:10:03 --- Monitor run started ---
2026-02-09 11:10:03 Active sessions:  / 15
2026-02-09 11:10:04 Available slots: 15
2026-02-09 11:10:04 No more pending tasks
2026-02-09 11:10:04 Launched 0 tasks this run
2026-02-09 11:10:04 --- Monitor run complete ---
2026-02-09 11:20:03 --- Monitor run started ---
2026-02-09 11:20:04 Active sessions:  / 15
2026-02-09 11:20:04 Available slots: 15
2026-02-09 11:20:04 No more pending tasks
2026-02-09 11:20:04 Launched 0 tasks this run
2026-02-09 11:20:04 --- Monitor run complete ---
2026-02-09 11:30:04 --- Monitor run started ---
2026-02-09 11:30:04 Active sessions:  / 15
2026-02-09 11:30:05 Available slots: 15
2026-02-09 11:30:05 No more pending tasks
2026-02-09 11:30:05 Launched 0 tasks this run
2026-02-09 11:30:05 --- Monitor run complete ---
2026-02-09 11:40:03 --- Monitor run started ---
2026-02-09 11:40:04 Active sessions:  / 15
2026-02-09 11:40:04 Available slots: 15
2026-02-09 11:40:04 No more pending tasks
2026-02-09 11:40:04 Launched 0 tasks this run
2026-02-09 11:40:04 --- Monitor run complete ---
2026-02-09 11:50:03 --- Monitor run started ---
2026-02-09 11:50:04 Active sessions:  / 15
2026-02-09 11:50:04 Available slots: 15
2026-02-09 11:50:04 No more pending tasks
2026-02-09 11:50:04 Launched 0 tasks this run
2026-02-09 11:50:04 --- Monitor run complete ---
2026-02-09 12:00:04 --- Monitor run started ---
2026-02-09 12:00:04 Active sessions:  / 15
2026-02-09 12:00:05 Available slots: 15
2026-02-09 12:00:05 No more pending tasks
2026-02-09 12:00:05 Launched 0 tasks this run
2026-02-09 12:00:05 --- Monitor run complete ---
2026-02-09 12:10:03 --- Monitor run started ---
2026-02-09 12:10:04 Active sessions:  / 15
2026-02-09 12:10:05 Available slots: 15
2026-02-09 12:10:05 No more pending tasks
2026-02-09 12:10:05 Launched 0 tasks this run
2026-02-09 12:10:05 --- Monitor run complete ---
2026-02-09 12:20:03 --- Monitor run started ---
2026-02-09 12:20:04 Active sessions:  / 15
2026-02-09 12:20:04 Available slots: 15
2026-02-09 12:20:04 No more pending tasks
2026-02-09 12:20:04 Launched 0 tasks this run
2026-02-09 12:20:04 --- Monitor run complete ---
2026-02-09 12:30:03 --- Monitor run started ---
2026-02-09 12:30:04 Active sessions:  / 15
2026-02-09 12:30:04 Available slots: 15
2026-02-09 12:30:04 No more pending tasks
2026-02-09 12:30:04 Launched 0 tasks this run
2026-02-09 12:30:04 --- Monitor run complete ---
2026-02-09 12:40:03 --- Monitor run started ---
2026-02-09 12:40:04 Active sessions:  / 15
2026-02-09 12:40:05 Available slots: 15
2026-02-09 12:40:05 No more pending tasks
2026-02-09 12:40:05 Launched 0 tasks this run
2026-02-09 12:40:05 --- Monitor run complete ---
2026-02-09 13:10:03 --- Monitor run started ---
2026-02-09 13:10:04 Active sessions:  / 15
2026-02-09 13:10:04 Available slots: 15
2026-02-09 13:10:04 No more pending tasks
2026-02-09 13:10:04 Launched 0 tasks this run
2026-02-09 13:10:04 --- Monitor run complete ---
2026-02-09 13:20:03 --- Monitor run started ---
2026-02-09 13:20:04 Active sessions:  / 15
2026-02-09 13:20:04 Available slots: 15
2026-02-09 13:20:04 No more pending tasks
2026-02-09 13:20:04 Launched 0 tasks this run
2026-02-09 13:20:04 --- Monitor run complete ---
2026-02-09 13:30:03 --- Monitor run started ---
2026-02-09 13:30:03 Active sessions:  / 15
2026-02-09 13:30:04 Available slots: 15
2026-02-09 13:30:04 No more pending tasks
2026-02-09 13:30:04 Launched 0 tasks this run
2026-02-09 13:30:04 --- Monitor run complete ---
2026-02-09 13:40:03 --- Monitor run started ---
2026-02-09 13:40:04 Active sessions:  / 15
2026-02-09 13:40:04 Available slots: 15
2026-02-09 13:40:04 No more pending tasks
2026-02-09 13:40:04 Launched 0 tasks this run
2026-02-09 13:40:04 --- Monitor run complete ---
2026-02-09 13:50:02 --- Monitor run started ---
2026-02-09 13:50:03 Active sessions:  / 15
2026-02-09 13:50:04 Available slots: 15
2026-02-09 13:50:04 No more pending tasks
2026-02-09 13:50:04 Launched 0 tasks this run
2026-02-09 13:50:04 --- Monitor run complete ---
2026-02-09 14:00:03 --- Monitor run started ---
2026-02-09 14:00:04 Active sessions:  / 15
2026-02-09 14:00:04 Available slots: 15
2026-02-09 14:00:04 No more pending tasks
2026-02-09 14:00:04 Launched 0 tasks this run
2026-02-09 14:00:04 --- Monitor run complete ---
2026-02-09 14:10:03 --- Monitor run started ---
2026-02-09 14:10:04 Active sessions:  / 15
2026-02-09 14:10:04 Available slots: 15
2026-02-09 14:10:04 No more pending tasks
2026-02-09 14:10:04 Launched 0 tasks this run
2026-02-09 14:10:04 --- Monitor run complete ---
2026-02-09 14:20:04 --- Monitor run started ---
2026-02-09 14:20:05 Active sessions:  / 15
2026-02-09 14:20:05 Available slots: 15
2026-02-09 14:20:05 No more pending tasks
2026-02-09 14:20:05 Launched 0 tasks this run
2026-02-09 14:20:05 --- Monitor run complete ---
2026-02-09 14:30:03 --- Monitor run started ---
2026-02-09 14:30:04 Active sessions:  / 15
2026-02-09 14:30:04 Available slots: 15
2026-02-09 14:30:04 No more pending tasks
2026-02-09 14:30:04 Launched 0 tasks this run
2026-02-09 14:30:04 --- Monitor run complete ---
2026-02-09 14:40:03 --- Monitor run started ---
2026-02-09 14:40:03 Active sessions:  / 15
2026-02-09 14:40:04 Available slots: 15
2026-02-09 14:40:04 No more pending tasks
2026-02-09 14:40:04 Launched 0 tasks this run
2026-02-09 14:40:04 --- Monitor run complete ---
2026-02-09 14:50:03 --- Monitor run started ---
2026-02-09 14:50:03 Active sessions:  / 15
2026-02-09 14:50:04 Available slots: 15
2026-02-09 14:50:04 No more pending tasks
2026-02-09 14:50:04 Launched 0 tasks this run
2026-02-09 14:50:04 --- Monitor run complete ---
2026-02-09 15:00:03 --- Monitor run started ---
2026-02-09 15:00:04 Active sessions:  / 15
2026-02-09 15:00:04 Available slots: 15
2026-02-09 15:00:04 No more pending tasks
2026-02-09 15:00:04 Launched 0 tasks this run
2026-02-09 15:00:04 --- Monitor run complete ---
2026-02-09 15:10:03 --- Monitor run started ---
2026-02-09 15:10:04 Active sessions:  / 15
2026-02-09 15:10:04 Available slots: 15
2026-02-09 15:10:04 No more pending tasks
2026-02-09 15:10:04 Launched 0 tasks this run
2026-02-09 15:10:04 --- Monitor run complete ---
2026-02-09 15:30:04 --- Monitor run started ---
2026-02-09 15:30:05 Active sessions:  / 15
2026-02-09 15:30:05 Available slots: 15
2026-02-09 15:30:05 No more pending tasks
2026-02-09 15:30:05 Launched 0 tasks this run
2026-02-09 15:30:05 --- Monitor run complete ---
2026-02-09 15:40:04 --- Monitor run started ---
2026-02-09 15:40:05 Active sessions:  / 15
2026-02-09 15:40:05 Available slots: 15
2026-02-09 15:40:05 No more pending tasks
2026-02-09 15:40:05 Launched 0 tasks this run
2026-02-09 15:40:05 --- Monitor run complete ---
2026-02-09 15:50:04 --- Monitor run started ---
2026-02-09 15:50:05 Active sessions:  / 15
2026-02-09 15:50:05 Available slots: 15
2026-02-09 15:50:05 No more pending tasks
2026-02-09 15:50:05 Launched 0 tasks this run
2026-02-09 15:50:05 --- Monitor run complete ---
2026-02-09 16:00:03 --- Monitor run started ---
2026-02-09 16:00:04 Active sessions:  / 15
2026-02-09 16:00:05 Available slots: 15
2026-02-09 16:00:05 No more pending tasks
2026-02-09 16:00:05 Launched 0 tasks this run
2026-02-09 16:00:05 --- Monitor run complete ---
2026-02-09 16:10:03 --- Monitor run started ---
2026-02-09 16:10:04 Active sessions:  / 15
2026-02-09 16:10:05 Available slots: 15
2026-02-09 16:10:05 No more pending tasks
2026-02-09 16:10:05 Launched 0 tasks this run
2026-02-09 16:10:05 --- Monitor run complete ---
2026-02-09 16:20:04 --- Monitor run started ---
2026-02-09 16:20:04 Active sessions:  / 15
2026-02-09 16:20:05 Available slots: 15
2026-02-09 16:20:05 No more pending tasks
2026-02-09 16:20:05 Launched 0 tasks this run
2026-02-09 16:20:05 --- Monitor run complete ---
2026-02-09 16:30:05 --- Monitor run started ---
2026-02-09 16:30:05 Active sessions:  / 15
2026-02-09 16:30:06 Available slots: 15
2026-02-09 16:30:06 No more pending tasks
2026-02-09 16:30:06 Launched 0 tasks this run
2026-02-09 16:30:06 --- Monitor run complete ---
2026-02-09 16:40:03 --- Monitor run started ---
2026-02-09 16:40:04 Active sessions:  / 15
2026-02-09 16:40:04 Available slots: 15
2026-02-09 16:40:04 No more pending tasks
2026-02-09 16:40:04 Launched 0 tasks this run
2026-02-09 16:40:04 --- Monitor run complete ---
2026-02-09 16:50:03 --- Monitor run started ---
2026-02-09 16:50:04 Active sessions:  / 15
2026-02-09 16:50:04 Available slots: 15
2026-02-09 16:50:04 No more pending tasks
2026-02-09 16:50:04 Launched 0 tasks this run
2026-02-09 16:50:04 --- Monitor run complete ---
2026-02-09 17:00:03 --- Monitor run started ---
2026-02-09 17:00:04 Active sessions:  / 15
2026-02-09 17:00:04 Available slots: 15
2026-02-09 17:00:04 No more pending tasks
2026-02-09 17:00:04 Launched 0 tasks this run
2026-02-09 17:00:04 --- Monitor run complete ---
2026-02-09 17:10:04 --- Monitor run started ---
2026-02-09 17:10:04 Active sessions:  / 15
2026-02-09 17:10:05 Available slots: 15
2026-02-09 17:10:05 No more pending tasks
2026-02-09 17:10:05 Launched 0 tasks this run
2026-02-09 17:10:05 --- Monitor run complete ---
2026-02-09 17:20:03 --- Monitor run started ---
2026-02-09 17:20:03 Active sessions:  / 15
2026-02-09 17:20:04 Available slots: 15
2026-02-09 17:20:04 No more pending tasks
2026-02-09 17:20:04 Launched 0 tasks this run
2026-02-09 17:20:04 --- Monitor run complete ---
2026-02-09 17:30:04 --- Monitor run started ---
2026-02-09 17:30:05 Active sessions:  / 15
2026-02-09 17:30:05 Available slots: 15
2026-02-09 17:30:05 No more pending tasks
2026-02-09 17:30:05 Launched 0 tasks this run
2026-02-09 17:30:05 --- Monitor run complete ---
2026-02-09 17:40:03 --- Monitor run started ---
2026-02-09 17:40:04 Active sessions:  / 15
2026-02-09 17:40:04 Available slots: 15
2026-02-09 17:40:04 No more pending tasks
2026-02-09 17:40:04 Launched 0 tasks this run
2026-02-09 17:40:04 --- Monitor run complete ---
2026-02-09 17:50:04 --- Monitor run started ---
2026-02-09 17:50:05 Active sessions:  / 15
2026-02-09 17:50:05 Available slots: 15
2026-02-09 17:50:05 No more pending tasks
2026-02-09 17:50:05 Launched 0 tasks this run
2026-02-09 17:50:05 --- Monitor run complete ---
2026-02-09 18:00:03 --- Monitor run started ---
2026-02-09 18:00:03 Active sessions:  / 15
2026-02-09 18:00:04 Available slots: 15
2026-02-09 18:00:04 No more pending tasks
2026-02-09 18:00:04 Launched 0 tasks this run
2026-02-09 18:00:04 --- Monitor run complete ---
2026-02-09 18:10:03 --- Monitor run started ---
2026-02-09 18:10:04 Active sessions:  / 15
2026-02-09 18:10:05 Available slots: 15
2026-02-09 18:10:05 No more pending tasks
2026-02-09 18:10:05 Launched 0 tasks this run
2026-02-09 18:10:05 --- Monitor run complete ---
2026-02-09 18:20:03 --- Monitor run started ---
2026-02-09 18:20:03 Active sessions:  / 15
2026-02-09 18:20:04 Available slots: 15
2026-02-09 18:20:04 No more pending tasks
2026-02-09 18:20:04 Launched 0 tasks this run
2026-02-09 18:20:04 --- Monitor run complete ---
2026-02-09 18:30:03 --- Monitor run started ---
2026-02-09 18:30:04 Active sessions:  / 15
2026-02-09 18:30:04 Available slots: 15
2026-02-09 18:30:04 No more pending tasks
2026-02-09 18:30:04 Launched 0 tasks this run
2026-02-09 18:30:04 --- Monitor run complete ---
2026-02-09 18:40:03 --- Monitor run started ---
2026-02-09 18:40:04 Active sessions:  / 15
2026-02-09 18:40:05 Available slots: 15
2026-02-09 18:40:05 No more pending tasks
2026-02-09 18:40:05 Launched 0 tasks this run
2026-02-09 18:40:05 --- Monitor run complete ---
2026-02-09 18:50:04 --- Monitor run started ---
2026-02-09 18:50:04 Active sessions:  / 15
2026-02-09 18:50:05 Available slots: 15
2026-02-09 18:50:05 No more pending tasks
2026-02-09 18:50:05 Launched 0 tasks this run
2026-02-09 18:50:05 --- Monitor run complete ---
2026-02-09 19:00:03 --- Monitor run started ---
2026-02-09 19:00:04 Active sessions:  / 15
2026-02-09 19:00:04 Available slots: 15
2026-02-09 19:00:04 No more pending tasks
2026-02-09 19:00:04 Launched 0 tasks this run
2026-02-09 19:00:04 --- Monitor run complete ---
2026-02-09 19:10:03 --- Monitor run started ---
2026-02-09 19:10:04 Active sessions:  / 15
2026-02-09 19:10:04 Available slots: 15
2026-02-09 19:10:04 No more pending tasks
2026-02-09 19:10:04 Launched 0 tasks this run
2026-02-09 19:10:04 --- Monitor run complete ---
2026-02-09 19:20:03 --- Monitor run started ---
2026-02-09 19:20:04 Active sessions:  / 15
2026-02-09 19:20:04 Available slots: 15
2026-02-09 19:20:04 No more pending tasks
2026-02-09 19:20:04 Launched 0 tasks this run
2026-02-09 19:20:04 --- Monitor run complete ---
2026-02-09 19:30:04 --- Monitor run started ---
2026-02-09 19:30:05 Active sessions:  / 15
2026-02-09 19:30:05 Available slots: 15
2026-02-09 19:30:05 No more pending tasks
2026-02-09 19:30:05 Launched 0 tasks this run
2026-02-09 19:30:05 --- Monitor run complete ---
2026-02-09 19:40:03 --- Monitor run started ---
2026-02-09 19:40:04 Active sessions:  / 15
2026-02-09 19:40:05 Available slots: 15
2026-02-09 19:40:05 No more pending tasks
2026-02-09 19:40:05 Launched 0 tasks this run
2026-02-09 19:40:05 --- Monitor run complete ---
2026-02-09 19:50:03 --- Monitor run started ---
2026-02-09 19:50:04 Active sessions:  / 15
2026-02-09 19:50:04 Available slots: 15
2026-02-09 19:50:04 No more pending tasks
2026-02-09 19:50:04 Launched 0 tasks this run
2026-02-09 19:50:04 --- Monitor run complete ---
2026-02-09 20:00:03 --- Monitor run started ---
2026-02-09 20:00:04 Active sessions:  / 15
2026-02-09 20:00:05 Available slots: 15
2026-02-09 20:00:05 No more pending tasks
2026-02-09 20:00:05 Launched 0 tasks this run
2026-02-09 20:00:05 --- Monitor run complete ---
2026-02-09 20:10:03 --- Monitor run started ---
2026-02-09 20:10:04 Active sessions:  / 15
2026-02-09 20:10:05 Available slots: 15
2026-02-09 20:10:05 No more pending tasks
2026-02-09 20:10:05 Launched 0 tasks this run
2026-02-09 20:10:05 --- Monitor run complete ---
2026-02-09 20:20:04 --- Monitor run started ---
2026-02-09 20:20:05 Active sessions:  / 15
2026-02-09 20:20:06 Available slots: 15
2026-02-09 20:20:06 No more pending tasks
2026-02-09 20:20:06 Launched 0 tasks this run
2026-02-09 20:20:06 --- Monitor run complete ---
2026-02-09 20:30:05 --- Monitor run started ---
2026-02-09 20:30:06 Active sessions:  / 15
2026-02-09 20:30:06 Available slots: 15
2026-02-09 20:30:06 No more pending tasks
2026-02-09 20:30:06 Launched 0 tasks this run
2026-02-09 20:30:06 --- Monitor run complete ---
2026-02-09 20:40:03 --- Monitor run started ---
2026-02-09 20:40:04 Active sessions:  / 15
2026-02-09 20:40:04 Available slots: 15
2026-02-09 20:40:04 No more pending tasks
2026-02-09 20:40:04 Launched 0 tasks this run
2026-02-09 20:40:04 --- Monitor run complete ---
2026-02-09 20:50:04 --- Monitor run started ---
2026-02-09 20:50:04 Active sessions:  / 15
2026-02-09 20:50:05 Available slots: 15
2026-02-09 20:50:05 No more pending tasks
2026-02-09 20:50:05 Launched 0 tasks this run
2026-02-09 20:50:05 --- Monitor run complete ---
2026-02-09 21:00:03 --- Monitor run started ---
2026-02-09 21:00:04 Active sessions:  / 15
2026-02-09 21:00:04 Available slots: 15
2026-02-09 21:00:05 No more pending tasks
2026-02-09 21:00:05 Launched 0 tasks this run
2026-02-09 21:00:05 --- Monitor run complete ---
2026-02-09 21:10:03 --- Monitor run started ---
2026-02-09 21:10:04 Active sessions:  / 15
2026-02-09 21:10:04 Available slots: 15
2026-02-09 21:10:04 No more pending tasks
2026-02-09 21:10:04 Launched 0 tasks this run
2026-02-09 21:10:04 --- Monitor run complete ---
2026-02-09 21:20:04 --- Monitor run started ---
2026-02-09 21:20:05 Active sessions:  / 15
2026-02-09 21:20:05 Available slots: 15
2026-02-09 21:20:05 No more pending tasks
2026-02-09 21:20:05 Launched 0 tasks this run
2026-02-09 21:20:05 --- Monitor run complete ---
2026-02-09 21:30:04 --- Monitor run started ---
2026-02-09 21:30:05 Active sessions:  / 15
2026-02-09 21:30:05 Available slots: 15
2026-02-09 21:30:05 No more pending tasks
2026-02-09 21:30:05 Launched 0 tasks this run
2026-02-09 21:30:05 --- Monitor run complete ---
2026-02-09 21:40:03 --- Monitor run started ---
2026-02-09 21:40:04 Active sessions:  / 15
2026-02-09 21:40:04 Available slots: 15
2026-02-09 21:40:04 No more pending tasks
2026-02-09 21:40:04 Launched 0 tasks this run
2026-02-09 21:40:04 --- Monitor run complete ---
2026-02-09 21:50:03 --- Monitor run started ---
2026-02-09 21:50:03 Active sessions:  / 15
2026-02-09 21:50:04 Available slots: 15
2026-02-09 21:50:04 No more pending tasks
2026-02-09 21:50:04 Launched 0 tasks this run
2026-02-09 21:50:04 --- Monitor run complete ---
2026-02-09 22:00:03 --- Monitor run started ---
2026-02-09 22:00:03 Active sessions:  / 15
2026-02-09 22:00:04 Available slots: 15
2026-02-09 22:00:04 No more pending tasks
2026-02-09 22:00:04 Launched 0 tasks this run
2026-02-09 22:00:04 --- Monitor run complete ---
2026-02-09 22:10:03 --- Monitor run started ---
2026-02-09 22:10:04 Active sessions:  / 15
2026-02-09 22:10:04 Available slots: 15
2026-02-09 22:10:04 No more pending tasks
2026-02-09 22:10:04 Launched 0 tasks this run
2026-02-09 22:10:04 --- Monitor run complete ---
2026-02-09 22:20:03 --- Monitor run started ---
2026-02-09 22:20:04 Active sessions:  / 15
2026-02-09 22:20:04 Available slots: 15
2026-02-09 22:20:04 No more pending tasks
2026-02-09 22:20:04 Launched 0 tasks this run
2026-02-09 22:20:04 --- Monitor run complete ---
2026-02-09 22:30:03 --- Monitor run started ---
2026-02-09 22:30:03 Active sessions:  / 15
2026-02-09 22:30:04 Available slots: 15
2026-02-09 22:30:04 No more pending tasks
2026-02-09 22:30:04 Launched 0 tasks this run
2026-02-09 22:30:04 --- Monitor run complete ---
2026-02-09 22:40:03 --- Monitor run started ---
2026-02-09 22:40:04 Active sessions:  / 15
2026-02-09 22:40:05 Available slots: 15
2026-02-09 22:40:05 No more pending tasks
2026-02-09 22:40:05 Launched 0 tasks this run
2026-02-09 22:40:05 --- Monitor run complete ---
2026-02-09 22:50:04 --- Monitor run started ---
2026-02-09 22:50:04 Active sessions:  / 15
2026-02-09 22:50:05 Available slots: 15
2026-02-09 22:50:05 No more pending tasks
2026-02-09 22:50:05 Launched 0 tasks this run
2026-02-09 22:50:05 --- Monitor run complete ---
2026-02-09 23:00:03 --- Monitor run started ---
2026-02-09 23:00:03 Active sessions:  / 15
2026-02-09 23:00:04 Available slots: 15
2026-02-09 23:00:04 No more pending tasks
2026-02-09 23:00:04 Launched 0 tasks this run
2026-02-09 23:00:04 --- Monitor run complete ---
2026-02-09 23:10:03 --- Monitor run started ---
2026-02-09 23:10:04 Active sessions:  / 15
2026-02-09 23:10:04 Available slots: 15
2026-02-09 23:10:04 No more pending tasks
2026-02-09 23:10:04 Launched 0 tasks this run
2026-02-09 23:10:04 --- Monitor run complete ---
2026-02-09 23:30:04 --- Monitor run started ---
2026-02-09 23:30:04 Active sessions:  / 15
2026-02-09 23:30:05 Available slots: 15
2026-02-09 23:30:05 No more pending tasks
2026-02-09 23:30:05 Launched 0 tasks this run
2026-02-09 23:30:05 --- Monitor run complete ---
2026-02-09 23:40:03 --- Monitor run started ---
2026-02-09 23:40:04 Active sessions:  / 15
2026-02-09 23:40:04 Available slots: 15
2026-02-09 23:40:04 No more pending tasks
2026-02-09 23:40:04 Launched 0 tasks this run
2026-02-09 23:40:04 --- Monitor run complete ---
2026-02-09 23:50:03 --- Monitor run started ---
2026-02-09 23:50:04 Active sessions:  / 15
2026-02-09 23:50:04 Available slots: 15
2026-02-09 23:50:04 No more pending tasks
2026-02-09 23:50:04 Launched 0 tasks this run
2026-02-09 23:50:04 --- Monitor run complete ---
2026-02-10 00:00:03 --- Monitor run started ---
2026-02-10 00:00:04 Active sessions:  / 15
2026-02-10 00:00:05 Available slots: 15
2026-02-10 00:00:05 No more pending tasks
2026-02-10 00:00:05 Launched 0 tasks this run
2026-02-10 00:00:05 --- Monitor run complete ---
2026-02-10 00:10:03 --- Monitor run started ---
2026-02-10 00:10:04 Active sessions:  / 15
2026-02-10 00:10:05 Available slots: 15
2026-02-10 00:10:05 No more pending tasks
2026-02-10 00:10:05 Launched 0 tasks this run
2026-02-10 00:10:05 --- Monitor run complete ---
2026-02-10 00:20:04 --- Monitor run started ---
2026-02-10 00:20:05 Active sessions:  / 15
2026-02-10 00:20:05 Available slots: 15
2026-02-10 00:20:05 No more pending tasks
2026-02-10 00:20:05 Launched 0 tasks this run
2026-02-10 00:20:05 --- Monitor run complete ---
2026-02-10 00:30:04 --- Monitor run started ---
2026-02-10 00:30:04 Active sessions:  / 15
2026-02-10 00:30:05 Available slots: 15
2026-02-10 00:30:05 No more pending tasks
2026-02-10 00:30:05 Launched 0 tasks this run
2026-02-10 00:30:05 --- Monitor run complete ---
2026-02-10 00:40:03 --- Monitor run started ---
2026-02-10 00:40:04 Active sessions:  / 15
2026-02-10 00:40:05 Available slots: 15
2026-02-10 00:40:05 No more pending tasks
2026-02-10 00:40:05 Launched 0 tasks this run
2026-02-10 00:40:05 --- Monitor run complete ---
2026-02-10 00:50:03 --- Monitor run started ---
2026-02-10 00:50:04 Active sessions:  / 15
2026-02-10 00:50:04 Available slots: 15
2026-02-10 00:50:04 No more pending tasks
2026-02-10 00:50:04 Launched 0 tasks this run
2026-02-10 00:50:04 --- Monitor run complete ---
2026-02-10 01:00:03 --- Monitor run started ---
2026-02-10 01:00:04 Active sessions:  / 15
2026-02-10 01:00:04 Available slots: 15
2026-02-10 01:00:04 No more pending tasks
2026-02-10 01:00:04 Launched 0 tasks this run
2026-02-10 01:00:04 --- Monitor run complete ---
2026-02-10 01:10:03 --- Monitor run started ---
2026-02-10 01:10:04 Active sessions:  / 15
2026-02-10 01:10:05 Available slots: 15
2026-02-10 01:10:05 No more pending tasks
2026-02-10 01:10:05 Launched 0 tasks this run
2026-02-10 01:10:05 --- Monitor run complete ---
2026-02-10 01:20:04 --- Monitor run started ---
2026-02-10 01:20:04 Active sessions:  / 15
2026-02-10 01:20:05 Available slots: 15
2026-02-10 01:20:05 No more pending tasks
2026-02-10 01:20:05 Launched 0 tasks this run
2026-02-10 01:20:05 --- Monitor run complete ---
2026-02-10 01:30:03 --- Monitor run started ---
2026-02-10 01:30:04 Active sessions:  / 15
2026-02-10 01:30:05 Available slots: 15
2026-02-10 01:30:05 No more pending tasks
2026-02-10 01:30:05 Launched 0 tasks this run
2026-02-10 01:30:05 --- Monitor run complete ---
2026-02-10 01:40:04 --- Monitor run started ---
2026-02-10 01:40:04 Active sessions:  / 15
2026-02-10 01:40:05 Available slots: 15
2026-02-10 01:40:05 No more pending tasks
2026-02-10 01:40:05 Launched 0 tasks this run
2026-02-10 01:40:05 --- Monitor run complete ---
2026-02-10 01:50:03 --- Monitor run started ---
2026-02-10 01:50:04 Active sessions:  / 15
2026-02-10 01:50:04 Available slots: 15
2026-02-10 01:50:04 No more pending tasks
2026-02-10 01:50:04 Launched 0 tasks this run
2026-02-10 01:50:04 --- Monitor run complete ---
2026-02-10 02:00:03 --- Monitor run started ---
2026-02-10 02:00:04 Active sessions:  / 15
2026-02-10 02:00:04 Available slots: 15
2026-02-10 02:00:04 No more pending tasks
2026-02-10 02:00:04 Launched 0 tasks this run
2026-02-10 02:00:04 --- Monitor run complete ---
2026-02-10 02:10:05 --- Monitor run started ---
2026-02-10 02:10:05 Active sessions:  / 15
2026-02-10 02:10:06 Available slots: 15
2026-02-10 02:10:06 No more pending tasks
2026-02-10 02:10:06 Launched 0 tasks this run
2026-02-10 02:10:06 --- Monitor run complete ---
2026-02-10 02:20:04 --- Monitor run started ---
2026-02-10 02:20:05 Active sessions:  / 15
2026-02-10 02:20:05 Available slots: 15
2026-02-10 02:20:05 No more pending tasks
2026-02-10 02:20:05 Launched 0 tasks this run
2026-02-10 02:20:05 --- Monitor run complete ---
2026-02-10 02:30:03 --- Monitor run started ---
2026-02-10 02:30:04 Active sessions:  / 15
2026-02-10 02:30:04 Available slots: 15
2026-02-10 02:30:04 No more pending tasks
2026-02-10 02:30:04 Launched 0 tasks this run
2026-02-10 02:30:04 --- Monitor run complete ---
2026-02-10 02:40:04 --- Monitor run started ---
2026-02-10 02:40:04 Active sessions:  / 15
2026-02-10 02:40:05 Available slots: 15
2026-02-10 02:40:05 No more pending tasks
2026-02-10 02:40:05 Launched 0 tasks this run
2026-02-10 02:40:05 --- Monitor run complete ---
2026-02-10 02:50:03 --- Monitor run started ---
2026-02-10 02:50:04 Active sessions:  / 15
2026-02-10 02:50:04 Available slots: 15
2026-02-10 02:50:05 No more pending tasks
2026-02-10 02:50:05 Launched 0 tasks this run
2026-02-10 02:50:05 --- Monitor run complete ---
2026-02-10 03:00:04 --- Monitor run started ---
2026-02-10 03:00:05 Active sessions:  / 15
2026-02-10 03:00:05 Available slots: 15
2026-02-10 03:00:05 No more pending tasks
2026-02-10 03:00:05 Launched 0 tasks this run
2026-02-10 03:00:05 --- Monitor run complete ---
2026-02-10 03:10:03 --- Monitor run started ---
2026-02-10 03:10:04 Active sessions:  / 15
2026-02-10 03:10:05 Available slots: 15
2026-02-10 03:10:05 No more pending tasks
2026-02-10 03:10:05 Launched 0 tasks this run
2026-02-10 03:10:05 --- Monitor run complete ---
2026-02-10 03:20:04 --- Monitor run started ---
2026-02-10 03:20:05 Active sessions:  / 15
2026-02-10 03:20:05 Available slots: 15
2026-02-10 03:20:05 No more pending tasks
2026-02-10 03:20:05 Launched 0 tasks this run
2026-02-10 03:20:05 --- Monitor run complete ---
2026-02-10 03:30:03 --- Monitor run started ---
2026-02-10 03:30:03 Active sessions:  / 15
2026-02-10 03:30:04 Available slots: 15
2026-02-10 03:30:04 No more pending tasks
2026-02-10 03:30:04 Launched 0 tasks this run
2026-02-10 03:30:04 --- Monitor run complete ---
2026-02-10 03:40:04 --- Monitor run started ---
2026-02-10 03:40:04 Active sessions:  / 15
2026-02-10 03:40:05 Available slots: 15
2026-02-10 03:40:05 No more pending tasks
2026-02-10 03:40:05 Launched 0 tasks this run
2026-02-10 03:40:05 --- Monitor run complete ---
2026-02-10 03:50:03 --- Monitor run started ---
2026-02-10 03:50:04 Active sessions:  / 15
2026-02-10 03:50:04 Available slots: 15
2026-02-10 03:50:04 No more pending tasks
2026-02-10 03:50:04 Launched 0 tasks this run
2026-02-10 03:50:04 --- Monitor run complete ---
2026-02-10 04:00:03 --- Monitor run started ---
2026-02-10 04:00:04 Active sessions:  / 15
2026-02-10 04:00:04 Available slots: 15
2026-02-10 04:00:04 No more pending tasks
2026-02-10 04:00:04 Launched 0 tasks this run
2026-02-10 04:00:04 --- Monitor run complete ---
2026-02-10 04:10:04 --- Monitor run started ---
2026-02-10 04:10:05 Active sessions:  / 15
2026-02-10 04:10:05 Available slots: 15
2026-02-10 04:10:05 No more pending tasks
2026-02-10 04:10:05 Launched 0 tasks this run
2026-02-10 04:10:05 --- Monitor run complete ---
2026-02-10 04:20:03 --- Monitor run started ---
2026-02-10 04:20:04 Active sessions:  / 15
2026-02-10 04:20:04 Available slots: 15
2026-02-10 04:20:04 No more pending tasks
2026-02-10 04:20:04 Launched 0 tasks this run
2026-02-10 04:20:04 --- Monitor run complete ---
2026-02-10 04:30:04 --- Monitor run started ---
2026-02-10 04:30:04 Active sessions:  / 15
2026-02-10 04:30:05 Available slots: 15
2026-02-10 04:30:05 No more pending tasks
2026-02-10 04:30:05 Launched 0 tasks this run
2026-02-10 04:30:05 --- Monitor run complete ---
2026-02-10 04:40:03 --- Monitor run started ---
2026-02-10 04:40:04 Active sessions:  / 15
2026-02-10 04:40:04 Available slots: 15
2026-02-10 04:40:04 No more pending tasks
2026-02-10 04:40:04 Launched 0 tasks this run
2026-02-10 04:40:04 --- Monitor run complete ---
2026-02-10 04:50:04 --- Monitor run started ---
2026-02-10 04:50:04 Active sessions:  / 15
2026-02-10 04:50:05 Available slots: 15
2026-02-10 04:50:05 No more pending tasks
2026-02-10 04:50:05 Launched 0 tasks this run
2026-02-10 04:50:05 --- Monitor run complete ---
2026-02-10 05:00:03 --- Monitor run started ---
2026-02-10 05:00:04 Active sessions:  / 15
2026-02-10 05:00:04 Available slots: 15
2026-02-10 05:00:04 No more pending tasks
2026-02-10 05:00:04 Launched 0 tasks this run
2026-02-10 05:00:04 --- Monitor run complete ---
2026-02-10 05:10:04 --- Monitor run started ---
2026-02-10 05:10:05 Active sessions:  / 15
2026-02-10 05:10:06 Available slots: 15
2026-02-10 05:10:06 No more pending tasks
2026-02-10 05:10:06 Launched 0 tasks this run
2026-02-10 05:10:06 --- Monitor run complete ---
2026-02-10 05:20:03 --- Monitor run started ---
2026-02-10 05:20:04 Active sessions:  / 15
2026-02-10 05:20:04 Available slots: 15
2026-02-10 05:20:04 No more pending tasks
2026-02-10 05:20:04 Launched 0 tasks this run
2026-02-10 05:20:04 --- Monitor run complete ---
2026-02-10 05:30:04 --- Monitor run started ---
2026-02-10 05:30:04 Active sessions:  / 15
2026-02-10 05:30:05 Available slots: 15
2026-02-10 05:30:05 No more pending tasks
2026-02-10 05:30:05 Launched 0 tasks this run
2026-02-10 05:30:05 --- Monitor run complete ---
2026-02-10 05:40:04 --- Monitor run started ---
2026-02-10 05:40:04 Active sessions:  / 15
2026-02-10 05:40:05 Available slots: 15
2026-02-10 05:40:05 No more pending tasks
2026-02-10 05:40:05 Launched 0 tasks this run
2026-02-10 05:40:05 --- Monitor run complete ---
2026-02-10 05:50:03 --- Monitor run started ---
2026-02-10 05:50:04 Active sessions:  / 15
2026-02-10 05:50:05 Available slots: 15
2026-02-10 05:50:05 No more pending tasks
2026-02-10 05:50:05 Launched 0 tasks this run
2026-02-10 05:50:05 --- Monitor run complete ---
2026-02-10 06:00:05 --- Monitor run started ---
2026-02-10 06:00:05 Active sessions:  / 15
2026-02-10 06:00:06 Available slots: 15
2026-02-10 06:00:06 No more pending tasks
2026-02-10 06:00:06 Launched 0 tasks this run
2026-02-10 06:00:06 --- Monitor run complete ---
2026-02-10 06:10:04 --- Monitor run started ---
2026-02-10 06:10:04 Active sessions:  / 15
2026-02-10 06:10:05 Available slots: 15
2026-02-10 06:10:05 No more pending tasks
2026-02-10 06:10:05 Launched 0 tasks this run
2026-02-10 06:10:05 --- Monitor run complete ---
2026-02-10 06:20:03 --- Monitor run started ---
2026-02-10 06:20:03 Active sessions:  / 15
2026-02-10 06:20:04 Available slots: 15
2026-02-10 06:20:04 No more pending tasks
2026-02-10 06:20:04 Launched 0 tasks this run
2026-02-10 06:20:04 --- Monitor run complete ---
2026-02-10 06:30:03 --- Monitor run started ---
2026-02-10 06:30:04 Active sessions:  / 15
2026-02-10 06:30:04 Available slots: 15
2026-02-10 06:30:04 No more pending tasks
2026-02-10 06:30:04 Launched 0 tasks this run
2026-02-10 06:30:04 --- Monitor run complete ---
2026-02-10 06:40:03 --- Monitor run started ---
2026-02-10 06:40:03 Active sessions:  / 15
2026-02-10 06:40:04 Available slots: 15
2026-02-10 06:40:04 No more pending tasks
2026-02-10 06:40:04 Launched 0 tasks this run
2026-02-10 06:40:04 --- Monitor run complete ---
2026-02-10 06:50:03 --- Monitor run started ---
2026-02-10 06:50:04 Active sessions:  / 15
2026-02-10 06:50:04 Available slots: 15
2026-02-10 06:50:04 No more pending tasks
2026-02-10 06:50:04 Launched 0 tasks this run
2026-02-10 06:50:04 --- Monitor run complete ---
2026-02-10 07:00:04 --- Monitor run started ---
2026-02-10 07:00:04 Active sessions:  / 15
2026-02-10 07:00:05 Available slots: 15
2026-02-10 07:00:05 No more pending tasks
2026-02-10 07:00:05 Launched 0 tasks this run
2026-02-10 07:00:05 --- Monitor run complete ---
2026-02-10 07:20:04 --- Monitor run started ---
2026-02-10 07:20:05 Active sessions:  / 15
2026-02-10 07:20:05 Available slots: 15
2026-02-10 07:20:05 No more pending tasks
2026-02-10 07:20:05 Launched 0 tasks this run
2026-02-10 07:20:05 --- Monitor run complete ---
2026-02-10 07:30:04 --- Monitor run started ---
2026-02-10 07:30:05 Active sessions:  / 15
2026-02-10 07:30:05 Available slots: 15
2026-02-10 07:30:05 No more pending tasks
2026-02-10 07:30:05 Launched 0 tasks this run
2026-02-10 07:30:05 --- Monitor run complete ---
2026-02-10 07:40:04 --- Monitor run started ---
2026-02-10 07:40:04 Active sessions:  / 15
2026-02-10 07:40:05 Available slots: 15
2026-02-10 07:40:05 No more pending tasks
2026-02-10 07:40:05 Launched 0 tasks this run
2026-02-10 07:40:05 --- Monitor run complete ---
2026-02-10 07:50:04 --- Monitor run started ---
2026-02-10 07:50:05 Active sessions:  / 15
2026-02-10 07:50:05 Available slots: 15
2026-02-10 07:50:05 No more pending tasks
2026-02-10 07:50:05 Launched 0 tasks this run
2026-02-10 07:50:05 --- Monitor run complete ---
2026-02-10 08:01:33 --- Monitor run started ---
2026-02-10 08:01:33 Active sessions:  / 15
2026-02-10 08:01:34 Available slots: 15
2026-02-10 08:01:34 No more pending tasks
2026-02-10 08:01:34 Launched 0 tasks this run
2026-02-10 08:01:34 --- Monitor run complete ---
2026-02-10 08:10:03 --- Monitor run started ---
2026-02-10 08:10:04 Active sessions:  / 15
2026-02-10 08:10:04 Available slots: 15
2026-02-10 08:10:04 No more pending tasks
2026-02-10 08:10:04 Launched 0 tasks this run
2026-02-10 08:10:04 --- Monitor run complete ---
2026-02-10 08:20:03 --- Monitor run started ---
2026-02-10 08:20:04 Active sessions:  / 15
2026-02-10 08:20:04 Available slots: 15
2026-02-10 08:20:04 No more pending tasks
2026-02-10 08:20:04 Launched 0 tasks this run
2026-02-10 08:20:04 --- Monitor run complete ---
2026-02-10 08:30:04 --- Monitor run started ---
2026-02-10 08:30:05 Active sessions:  / 15
2026-02-10 08:30:05 Available slots: 15
2026-02-10 08:30:05 No more pending tasks
2026-02-10 08:30:05 Launched 0 tasks this run
2026-02-10 08:30:05 --- Monitor run complete ---
2026-02-10 08:40:03 --- Monitor run started ---
2026-02-10 08:40:03 Active sessions:  / 15
2026-02-10 08:40:04 Available slots: 15
2026-02-10 08:40:04 No more pending tasks
2026-02-10 08:40:04 Launched 0 tasks this run
2026-02-10 08:40:04 --- Monitor run complete ---
2026-02-10 08:50:03 --- Monitor run started ---
2026-02-10 08:50:04 Active sessions:  / 15
2026-02-10 08:50:04 Available slots: 15
2026-02-10 08:50:04 No more pending tasks
2026-02-10 08:50:04 Launched 0 tasks this run
2026-02-10 08:50:04 --- Monitor run complete ---
2026-02-10 09:00:04 --- Monitor run started ---
2026-02-10 09:00:04 Active sessions:  / 15
2026-02-10 09:00:05 Available slots: 15
2026-02-10 09:00:05 No more pending tasks
2026-02-10 09:00:05 Launched 0 tasks this run
2026-02-10 09:00:05 --- Monitor run complete ---
2026-02-10 09:10:03 --- Monitor run started ---
2026-02-10 09:10:04 Active sessions:  / 15
2026-02-10 09:10:04 Available slots: 15
2026-02-10 09:10:04 No more pending tasks
2026-02-10 09:10:04 Launched 0 tasks this run
2026-02-10 09:10:04 --- Monitor run complete ---
2026-02-10 09:20:04 --- Monitor run started ---
2026-02-10 09:20:05 Active sessions:  / 15
2026-02-10 09:20:05 Available slots: 15
2026-02-10 09:20:05 No more pending tasks
2026-02-10 09:20:05 Launched 0 tasks this run
2026-02-10 09:20:05 --- Monitor run complete ---
2026-02-10 09:30:03 --- Monitor run started ---
2026-02-10 09:30:04 Active sessions:  / 15
2026-02-10 09:30:04 Available slots: 15
2026-02-10 09:30:04 No more pending tasks
2026-02-10 09:30:04 Launched 0 tasks this run
2026-02-10 09:30:04 --- Monitor run complete ---
2026-02-10 09:40:03 --- Monitor run started ---
2026-02-10 09:40:03 Active sessions:  / 15
2026-02-10 09:40:04 Available slots: 15
2026-02-10 09:40:04 No more pending tasks
2026-02-10 09:40:04 Launched 0 tasks this run
2026-02-10 09:40:04 --- Monitor run complete ---
2026-02-10 09:50:04 --- Monitor run started ---
2026-02-10 09:50:04 Active sessions:  / 15
2026-02-10 09:50:05 Available slots: 15
2026-02-10 09:50:05 No more pending tasks
2026-02-10 09:50:05 Launched 0 tasks this run
2026-02-10 09:50:05 --- Monitor run complete ---
2026-02-10 10:00:04 --- Monitor run started ---
2026-02-10 10:00:04 Active sessions:  / 15
2026-02-10 10:00:05 Available slots: 15
2026-02-10 10:00:05 No more pending tasks
2026-02-10 10:00:05 Launched 0 tasks this run
2026-02-10 10:00:05 --- Monitor run complete ---
2026-02-10 10:10:03 --- Monitor run started ---
2026-02-10 10:10:04 Active sessions:  / 15
2026-02-10 10:10:04 Available slots: 15
2026-02-10 10:10:04 No more pending tasks
2026-02-10 10:10:04 Launched 0 tasks this run
2026-02-10 10:10:04 --- Monitor run complete ---
2026-02-10 10:20:04 --- Monitor run started ---
2026-02-10 10:20:04 Active sessions:  / 15
2026-02-10 10:20:05 Available slots: 15
2026-02-10 10:20:05 No more pending tasks
2026-02-10 10:20:05 Launched 0 tasks this run
2026-02-10 10:20:05 --- Monitor run complete ---
2026-02-10 10:30:04 --- Monitor run started ---
2026-02-10 10:30:05 Active sessions:  / 15
2026-02-10 10:30:05 Available slots: 15
2026-02-10 10:30:05 No more pending tasks
2026-02-10 10:30:05 Launched 0 tasks this run
2026-02-10 10:30:05 --- Monitor run complete ---
2026-02-10 10:40:04 --- Monitor run started ---
2026-02-10 10:40:04 Active sessions:  / 15
2026-02-10 10:40:05 Available slots: 15
2026-02-10 10:40:05 No more pending tasks
2026-02-10 10:40:05 Launched 0 tasks this run
2026-02-10 10:40:05 --- Monitor run complete ---
2026-02-10 10:50:03 --- Monitor run started ---
2026-02-10 10:50:04 Active sessions:  / 15
2026-02-10 10:50:04 Available slots: 15
2026-02-10 10:50:04 No more pending tasks
2026-02-10 10:50:04 Launched 0 tasks this run
2026-02-10 10:50:04 --- Monitor run complete ---
2026-02-10 11:00:03 --- Monitor run started ---
2026-02-10 11:00:04 Active sessions:  / 15
2026-02-10 11:00:04 Available slots: 15
2026-02-10 11:00:04 No more pending tasks
2026-02-10 11:00:04 Launched 0 tasks this run
2026-02-10 11:00:04 --- Monitor run complete ---
2026-02-10 11:10:04 --- Monitor run started ---
2026-02-10 11:10:04 Active sessions:  / 15
2026-02-10 11:10:05 Available slots: 15
2026-02-10 11:10:05 No more pending tasks
2026-02-10 11:10:05 Launched 0 tasks this run
2026-02-10 11:10:05 --- Monitor run complete ---
2026-02-10 11:20:03 --- Monitor run started ---
2026-02-10 11:20:04 Active sessions:  / 15
2026-02-10 11:20:05 Available slots: 15
2026-02-10 11:20:05 No more pending tasks
2026-02-10 11:20:05 Launched 0 tasks this run
2026-02-10 11:20:05 --- Monitor run complete ---
2026-02-10 11:30:03 --- Monitor run started ---
2026-02-10 11:30:04 Active sessions:  / 15
2026-02-10 11:30:05 Available slots: 15
2026-02-10 11:30:05 No more pending tasks
2026-02-10 11:30:05 Launched 0 tasks this run
2026-02-10 11:30:05 --- Monitor run complete ---
2026-02-10 11:40:04 --- Monitor run started ---
2026-02-10 11:40:05 Active sessions:  / 15
2026-02-10 11:40:05 Available slots: 15
2026-02-10 11:40:05 No more pending tasks
2026-02-10 11:40:05 Launched 0 tasks this run
2026-02-10 11:40:05 --- Monitor run complete ---
2026-02-10 11:50:03 --- Monitor run started ---
2026-02-10 11:50:04 Active sessions:  / 15
2026-02-10 11:50:05 Available slots: 15
2026-02-10 11:50:05 No more pending tasks
2026-02-10 11:50:05 Launched 0 tasks this run
2026-02-10 11:50:05 --- Monitor run complete ---
2026-02-10 12:00:04 --- Monitor run started ---
2026-02-10 12:00:05 Active sessions:  / 15
2026-02-10 12:00:05 Available slots: 15
2026-02-10 12:00:05 No more pending tasks
2026-02-10 12:00:05 Launched 0 tasks this run
2026-02-10 12:00:05 --- Monitor run complete ---
2026-02-10 12:10:03 --- Monitor run started ---
2026-02-10 12:10:04 Active sessions:  / 15
2026-02-10 12:10:04 Available slots: 15
2026-02-10 12:10:04 No more pending tasks
2026-02-10 12:10:04 Launched 0 tasks this run
2026-02-10 12:10:04 --- Monitor run complete ---
2026-02-10 12:20:03 --- Monitor run started ---
2026-02-10 12:20:04 Active sessions:  / 15
2026-02-10 12:20:05 Available slots: 15
2026-02-10 12:20:05 No more pending tasks
2026-02-10 12:20:05 Launched 0 tasks this run
2026-02-10 12:20:05 --- Monitor run complete ---
2026-02-10 12:30:04 --- Monitor run started ---
2026-02-10 12:30:04 Active sessions:  / 15
2026-02-10 12:30:05 Available slots: 15
2026-02-10 12:30:05 No more pending tasks
2026-02-10 12:30:05 Launched 0 tasks this run
2026-02-10 12:30:05 --- Monitor run complete ---
2026-02-10 12:40:03 --- Monitor run started ---
2026-02-10 12:40:03 Active sessions:  / 15
2026-02-10 12:40:04 Available slots: 15
2026-02-10 12:40:04 No more pending tasks
2026-02-10 12:40:04 Launched 0 tasks this run
2026-02-10 12:40:04 --- Monitor run complete ---
2026-02-10 12:50:03 --- Monitor run started ---
2026-02-10 12:50:04 Active sessions:  / 15
2026-02-10 12:50:05 Available slots: 15
2026-02-10 12:50:05 No more pending tasks
2026-02-10 12:50:05 Launched 0 tasks this run
2026-02-10 12:50:05 --- Monitor run complete ---
2026-02-10 13:00:03 --- Monitor run started ---
2026-02-10 13:00:04 Active sessions:  / 15
2026-02-10 13:00:04 Available slots: 15
2026-02-10 13:00:04 No more pending tasks
2026-02-10 13:00:04 Launched 0 tasks this run
2026-02-10 13:00:04 --- Monitor run complete ---
2026-02-10 13:10:03 --- Monitor run started ---
2026-02-10 13:10:04 Active sessions:  / 15
2026-02-10 13:10:04 Available slots: 15
2026-02-10 13:10:04 No more pending tasks
2026-02-10 13:10:04 Launched 0 tasks this run
2026-02-10 13:10:04 --- Monitor run complete ---
2026-02-10 13:20:03 --- Monitor run started ---
2026-02-10 13:20:04 Active sessions:  / 15
2026-02-10 13:20:04 Available slots: 15
2026-02-10 13:20:04 No more pending tasks
2026-02-10 13:20:04 Launched 0 tasks this run
2026-02-10 13:20:04 --- Monitor run complete ---
2026-02-10 13:30:03 --- Monitor run started ---
2026-02-10 13:30:04 Active sessions:  / 15
2026-02-10 13:30:04 Available slots: 15
2026-02-10 13:30:04 No more pending tasks
2026-02-10 13:30:04 Launched 0 tasks this run
2026-02-10 13:30:04 --- Monitor run complete ---
2026-02-10 13:40:03 --- Monitor run started ---
2026-02-10 13:40:04 Active sessions:  / 15
2026-02-10 13:40:04 Available slots: 15
2026-02-10 13:40:04 No more pending tasks
2026-02-10 13:40:04 Launched 0 tasks this run
2026-02-10 13:40:04 --- Monitor run complete ---
2026-02-10 13:50:04 --- Monitor run started ---
2026-02-10 13:50:04 Active sessions:  / 15
2026-02-10 13:50:05 Available slots: 15
2026-02-10 13:50:05 No more pending tasks
2026-02-10 13:50:05 Launched 0 tasks this run
2026-02-10 13:50:05 --- Monitor run complete ---
2026-02-10 14:00:03 --- Monitor run started ---
2026-02-10 14:00:04 Active sessions:  / 15
2026-02-10 14:00:04 Available slots: 15
2026-02-10 14:00:04 No more pending tasks
2026-02-10 14:00:04 Launched 0 tasks this run
2026-02-10 14:00:04 --- Monitor run complete ---
2026-02-10 14:10:03 --- Monitor run started ---
2026-02-10 14:10:04 Active sessions:  / 15
2026-02-10 14:10:05 Available slots: 15
2026-02-10 14:10:05 No more pending tasks
2026-02-10 14:10:05 Launched 0 tasks this run
2026-02-10 14:10:05 --- Monitor run complete ---
2026-02-10 14:20:03 --- Monitor run started ---
2026-02-10 14:20:04 Active sessions:  / 15
2026-02-10 14:20:04 Available slots: 15
2026-02-10 14:20:04 No more pending tasks
2026-02-10 14:20:04 Launched 0 tasks this run
2026-02-10 14:20:04 --- Monitor run complete ---
2026-02-10 14:30:04 --- Monitor run started ---
2026-02-10 14:30:05 Active sessions:  / 15
2026-02-10 14:30:05 Available slots: 15
2026-02-10 14:30:05 No more pending tasks
2026-02-10 14:30:05 Launched 0 tasks this run
2026-02-10 14:30:05 --- Monitor run complete ---
2026-02-10 14:40:04 --- Monitor run started ---
2026-02-10 14:40:04 Active sessions:  / 15
2026-02-10 14:40:05 Available slots: 15
2026-02-10 14:40:05 No more pending tasks
2026-02-10 14:40:05 Launched 0 tasks this run
2026-02-10 14:40:05 --- Monitor run complete ---
2026-02-10 14:50:04 --- Monitor run started ---
2026-02-10 14:50:05 Active sessions:  / 15
2026-02-10 14:50:05 Available slots: 15
2026-02-10 14:50:05 No more pending tasks
2026-02-10 14:50:05 Launched 0 tasks this run
2026-02-10 14:50:05 --- Monitor run complete ---
2026-02-10 15:00:05 --- Monitor run started ---
2026-02-10 15:00:05 Active sessions:  / 15
2026-02-10 15:00:06 Available slots: 15
2026-02-10 15:00:06 No more pending tasks
2026-02-10 15:00:06 Launched 0 tasks this run
2026-02-10 15:00:06 --- Monitor run complete ---
2026-02-10 21:20:03 --- Monitor run started ---
2026-02-10 21:20:04 Active sessions:  / 15
2026-02-10 21:20:05 Available slots: 15
2026-02-10 21:20:05 No more pending tasks
2026-02-10 21:20:05 Launched 0 tasks this run
2026-02-10 21:20:05 --- Monitor run complete ---
2026-02-10 21:30:06 --- Monitor run started ---
2026-02-10 21:30:06 Active sessions:  / 15
2026-02-10 21:30:07 Available slots: 15
2026-02-10 21:30:07 No more pending tasks
2026-02-10 21:30:07 Launched 0 tasks this run
2026-02-10 21:30:07 --- Monitor run complete ---
2026-02-10 21:40:04 --- Monitor run started ---
2026-02-10 21:40:04 Active sessions:  / 15
2026-02-10 21:40:05 Available slots: 15
2026-02-10 21:40:05 No more pending tasks
2026-02-10 21:40:05 Launched 0 tasks this run
2026-02-10 21:40:05 --- Monitor run complete ---
2026-02-10 21:50:03 --- Monitor run started ---
2026-02-10 21:50:04 Active sessions:  / 15
2026-02-10 21:50:05 Available slots: 15
2026-02-10 21:50:05 No more pending tasks
2026-02-10 21:50:05 Launched 0 tasks this run
2026-02-10 21:50:05 --- Monitor run complete ---
2026-02-10 22:00:04 --- Monitor run started ---
2026-02-10 22:00:05 Active sessions:  / 15
2026-02-10 22:00:05 Available slots: 15
2026-02-10 22:00:05 No more pending tasks
2026-02-10 22:00:05 Launched 0 tasks this run
2026-02-10 22:00:05 --- Monitor run complete ---
2026-02-10 22:10:09 --- Monitor run started ---
2026-02-10 22:10:10 Active sessions:  / 15
2026-02-10 22:10:10 Available slots: 15
2026-02-10 22:10:10 No more pending tasks
2026-02-10 22:10:10 Launched 0 tasks this run
2026-02-10 22:10:10 --- Monitor run complete ---
2026-02-10 22:20:04 --- Monitor run started ---
2026-02-10 22:20:04 Active sessions:  / 15
2026-02-10 22:20:05 Available slots: 15
2026-02-10 22:20:05 No more pending tasks
2026-02-10 22:20:05 Launched 0 tasks this run
2026-02-10 22:20:05 --- Monitor run complete ---
2026-02-10 22:30:03 --- Monitor run started ---
2026-02-10 22:30:04 Active sessions:  / 15
2026-02-10 22:30:04 Available slots: 15
2026-02-10 22:30:04 No more pending tasks
2026-02-10 22:30:04 Launched 0 tasks this run
2026-02-10 22:30:04 --- Monitor run complete ---
2026-02-10 22:40:03 --- Monitor run started ---
2026-02-10 22:40:04 Active sessions:  / 15
2026-02-10 22:40:04 Available slots: 15
2026-02-10 22:40:04 No more pending tasks
2026-02-10 22:40:04 Launched 0 tasks this run
2026-02-10 22:40:04 --- Monitor run complete ---
2026-02-10 22:50:03 --- Monitor run started ---
2026-02-10 22:50:04 Active sessions:  / 15
2026-02-10 22:50:05 Available slots: 15
2026-02-10 22:50:05 No more pending tasks
2026-02-10 22:50:05 Launched 0 tasks this run
2026-02-10 22:50:05 --- Monitor run complete ---
2026-02-10 23:00:04 --- Monitor run started ---
2026-02-10 23:00:04 Active sessions:  / 15
2026-02-10 23:00:05 Available slots: 15
2026-02-10 23:00:05 No more pending tasks
2026-02-10 23:00:05 Launched 0 tasks this run
2026-02-10 23:00:05 --- Monitor run complete ---
2026-02-10 23:10:04 --- Monitor run started ---
2026-02-10 23:10:05 Active sessions:  / 15
2026-02-10 23:10:05 Available slots: 15
2026-02-10 23:10:05 No more pending tasks
2026-02-10 23:10:05 Launched 0 tasks this run
2026-02-10 23:10:05 --- Monitor run complete ---
2026-02-10 23:20:03 --- Monitor run started ---
2026-02-10 23:20:04 Active sessions:  / 15
2026-02-10 23:20:04 Available slots: 15
2026-02-10 23:20:04 No more pending tasks
2026-02-10 23:20:04 Launched 0 tasks this run
2026-02-10 23:20:04 --- Monitor run complete ---
2026-02-10 23:30:04 --- Monitor run started ---
2026-02-10 23:30:04 Active sessions:  / 15
2026-02-10 23:30:05 Available slots: 15
2026-02-10 23:30:05 No more pending tasks
2026-02-10 23:30:05 Launched 0 tasks this run
2026-02-10 23:30:05 --- Monitor run complete ---
2026-02-10 23:40:04 --- Monitor run started ---
2026-02-10 23:40:05 Active sessions:  / 15
2026-02-10 23:40:05 Available slots: 15
2026-02-10 23:40:06 No more pending tasks
2026-02-10 23:40:06 Launched 0 tasks this run
2026-02-10 23:40:06 --- Monitor run complete ---
2026-02-10 23:50:03 --- Monitor run started ---
2026-02-10 23:50:04 Active sessions:  / 15
2026-02-10 23:50:04 Available slots: 15
2026-02-10 23:50:04 No more pending tasks
2026-02-10 23:50:04 Launched 0 tasks this run
2026-02-10 23:50:04 --- Monitor run complete ---
2026-02-11 00:00:04 --- Monitor run started ---
2026-02-11 00:00:04 Active sessions:  / 15
2026-02-11 00:00:05 Available slots: 15
2026-02-11 00:00:05 No more pending tasks
2026-02-11 00:00:05 Launched 0 tasks this run
2026-02-11 00:00:05 --- Monitor run complete ---
2026-02-11 00:10:03 --- Monitor run started ---
2026-02-11 00:10:04 Active sessions:  / 15
2026-02-11 00:10:05 Available slots: 15
2026-02-11 00:10:05 No more pending tasks
2026-02-11 00:10:05 Launched 0 tasks this run
2026-02-11 00:10:05 --- Monitor run complete ---
2026-02-11 00:20:04 --- Monitor run started ---
2026-02-11 00:20:04 Active sessions:  / 15
2026-02-11 00:20:05 Available slots: 15
2026-02-11 00:20:05 No more pending tasks
2026-02-11 00:20:05 Launched 0 tasks this run
2026-02-11 00:20:05 --- Monitor run complete ---
2026-02-11 00:30:05 --- Monitor run started ---
2026-02-11 00:30:05 Active sessions:  / 15
2026-02-11 00:30:06 Available slots: 15
2026-02-11 00:30:06 No more pending tasks
2026-02-11 00:30:06 Launched 0 tasks this run
2026-02-11 00:30:06 --- Monitor run complete ---
2026-02-11 00:40:03 --- Monitor run started ---
2026-02-11 00:40:04 Active sessions:  / 15
2026-02-11 00:40:04 Available slots: 15
2026-02-11 00:40:04 No more pending tasks
2026-02-11 00:40:04 Launched 0 tasks this run
2026-02-11 00:40:04 --- Monitor run complete ---
2026-02-11 00:50:04 --- Monitor run started ---
2026-02-11 00:50:04 Active sessions:  / 15
2026-02-11 00:50:05 Available slots: 15
2026-02-11 00:50:05 No more pending tasks
2026-02-11 00:50:05 Launched 0 tasks this run
2026-02-11 00:50:05 --- Monitor run complete ---
2026-02-11 01:00:04 --- Monitor run started ---
2026-02-11 01:00:05 Active sessions:  / 15
2026-02-11 01:00:05 Available slots: 15
2026-02-11 01:00:05 No more pending tasks
2026-02-11 01:00:05 Launched 0 tasks this run
2026-02-11 01:00:05 --- Monitor run complete ---
2026-02-11 01:10:03 --- Monitor run started ---
2026-02-11 01:10:03 Active sessions:  / 15
2026-02-11 01:10:04 Available slots: 15
2026-02-11 01:10:04 No more pending tasks
2026-02-11 01:10:04 Launched 0 tasks this run
2026-02-11 01:10:04 --- Monitor run complete ---
2026-02-11 01:20:03 --- Monitor run started ---
2026-02-11 01:20:04 Active sessions:  / 15
2026-02-11 01:20:05 Available slots: 15
2026-02-11 01:20:05 No more pending tasks
2026-02-11 01:20:05 Launched 0 tasks this run
2026-02-11 01:20:05 --- Monitor run complete ---
2026-02-11 01:30:03 --- Monitor run started ---
2026-02-11 01:30:04 Active sessions:  / 15
2026-02-11 01:30:04 Available slots: 15
2026-02-11 01:30:04 No more pending tasks
2026-02-11 01:30:04 Launched 0 tasks this run
2026-02-11 01:30:04 --- Monitor run complete ---
2026-02-11 01:40:04 --- Monitor run started ---
2026-02-11 01:40:05 Active sessions:  / 15
2026-02-11 01:40:05 Available slots: 15
2026-02-11 01:40:05 No more pending tasks
2026-02-11 01:40:05 Launched 0 tasks this run
2026-02-11 01:40:05 --- Monitor run complete ---
2026-02-11 01:50:03 --- Monitor run started ---
2026-02-11 01:50:03 Active sessions:  / 15
2026-02-11 01:50:04 Available slots: 15
2026-02-11 01:50:04 No more pending tasks
2026-02-11 01:50:04 Launched 0 tasks this run
2026-02-11 01:50:04 --- Monitor run complete ---
2026-02-11 02:00:03 --- Monitor run started ---
2026-02-11 02:00:04 Active sessions:  / 15
2026-02-11 02:00:04 Available slots: 15
2026-02-11 02:00:04 No more pending tasks
2026-02-11 02:00:04 Launched 0 tasks this run
2026-02-11 02:00:04 --- Monitor run complete ---
2026-02-11 02:10:03 --- Monitor run started ---
2026-02-11 02:10:04 Active sessions:  / 15
2026-02-11 02:10:04 Available slots: 15
2026-02-11 02:10:04 No more pending tasks
2026-02-11 02:10:04 Launched 0 tasks this run
2026-02-11 02:10:04 --- Monitor run complete ---
2026-02-11 02:20:04 --- Monitor run started ---
2026-02-11 02:20:05 Active sessions:  / 15
2026-02-11 02:20:05 Available slots: 15
2026-02-11 02:20:05 No more pending tasks
2026-02-11 02:20:05 Launched 0 tasks this run
2026-02-11 02:20:05 --- Monitor run complete ---
2026-02-11 02:30:03 --- Monitor run started ---
2026-02-11 02:30:04 Active sessions:  / 15
2026-02-11 02:30:04 Available slots: 15
2026-02-11 02:30:04 No more pending tasks
2026-02-11 02:30:04 Launched 0 tasks this run
2026-02-11 02:30:04 --- Monitor run complete ---
2026-02-11 02:40:04 --- Monitor run started ---
2026-02-11 02:40:05 Active sessions:  / 15
2026-02-11 02:40:05 Available slots: 15
2026-02-11 02:40:05 No more pending tasks
2026-02-11 02:40:05 Launched 0 tasks this run
2026-02-11 02:40:05 --- Monitor run complete ---
2026-02-11 02:50:03 --- Monitor run started ---
2026-02-11 02:50:04 Active sessions:  / 15
2026-02-11 02:50:04 Available slots: 15
2026-02-11 02:50:04 No more pending tasks
2026-02-11 02:50:04 Launched 0 tasks this run
2026-02-11 02:50:04 --- Monitor run complete ---
2026-02-11 03:00:03 --- Monitor run started ---
2026-02-11 03:00:04 Active sessions:  / 15
2026-02-11 03:00:04 Available slots: 15
2026-02-11 03:00:04 No more pending tasks
2026-02-11 03:00:04 Launched 0 tasks this run
2026-02-11 03:00:04 --- Monitor run complete ---
2026-02-11 03:10:03 --- Monitor run started ---
2026-02-11 03:10:04 Active sessions:  / 15
2026-02-11 03:10:04 Available slots: 15
2026-02-11 03:10:04 No more pending tasks
2026-02-11 03:10:04 Launched 0 tasks this run
2026-02-11 03:10:04 --- Monitor run complete ---
2026-02-11 03:20:03 --- Monitor run started ---
2026-02-11 03:20:04 Active sessions:  / 15
2026-02-11 03:20:04 Available slots: 15
2026-02-11 03:20:04 No more pending tasks
2026-02-11 03:20:04 Launched 0 tasks this run
2026-02-11 03:20:04 --- Monitor run complete ---
2026-02-11 03:30:04 --- Monitor run started ---
2026-02-11 03:30:04 Active sessions:  / 15
2026-02-11 03:30:05 Available slots: 15
2026-02-11 03:30:05 No more pending tasks
2026-02-11 03:30:05 Launched 0 tasks this run
2026-02-11 03:30:05 --- Monitor run complete ---
2026-02-11 03:40:04 --- Monitor run started ---
2026-02-11 03:40:04 Active sessions:  / 15
2026-02-11 03:40:05 Available slots: 15
2026-02-11 03:40:05 No more pending tasks
2026-02-11 03:40:05 Launched 0 tasks this run
2026-02-11 03:40:05 --- Monitor run complete ---
2026-02-11 03:50:03 --- Monitor run started ---
2026-02-11 03:50:03 Active sessions:  / 15
2026-02-11 03:50:04 Available slots: 15
2026-02-11 03:50:04 No more pending tasks
2026-02-11 03:50:04 Launched 0 tasks this run
2026-02-11 03:50:04 --- Monitor run complete ---
2026-02-11 04:00:04 --- Monitor run started ---
2026-02-11 04:00:04 Active sessions:  / 15
2026-02-11 04:00:05 Available slots: 15
2026-02-11 04:00:05 No more pending tasks
2026-02-11 04:00:05 Launched 0 tasks this run
2026-02-11 04:00:05 --- Monitor run complete ---
2026-02-11 04:10:03 --- Monitor run started ---
2026-02-11 04:10:04 Active sessions:  / 15
2026-02-11 04:10:04 Available slots: 15
2026-02-11 04:10:04 No more pending tasks
2026-02-11 04:10:04 Launched 0 tasks this run
2026-02-11 04:10:05 --- Monitor run complete ---
2026-02-11 04:20:04 --- Monitor run started ---
2026-02-11 04:20:04 Active sessions:  / 15
2026-02-11 04:20:05 Available slots: 15
2026-02-11 04:20:05 No more pending tasks
2026-02-11 04:20:05 Launched 0 tasks this run
2026-02-11 04:20:05 --- Monitor run complete ---
2026-02-11 04:30:03 --- Monitor run started ---
2026-02-11 04:30:03 Active sessions:  / 15
2026-02-11 04:30:04 Available slots: 15
2026-02-11 04:30:04 No more pending tasks
2026-02-11 04:30:04 Launched 0 tasks this run
2026-02-11 04:30:04 --- Monitor run complete ---
2026-02-11 04:40:03 --- Monitor run started ---
2026-02-11 04:40:04 Active sessions:  / 15
2026-02-11 04:40:04 Available slots: 15
2026-02-11 04:40:04 No more pending tasks
2026-02-11 04:40:04 Launched 0 tasks this run
2026-02-11 04:40:04 --- Monitor run complete ---
2026-02-11 04:50:03 --- Monitor run started ---
2026-02-11 04:50:03 Active sessions:  / 15
2026-02-11 04:50:04 Available slots: 15
2026-02-11 04:50:04 No more pending tasks
2026-02-11 04:50:04 Launched 0 tasks this run
2026-02-11 04:50:04 --- Monitor run complete ---
2026-02-11 05:00:04 --- Monitor run started ---
2026-02-11 05:00:05 Active sessions:  / 15
2026-02-11 05:00:05 Available slots: 15
2026-02-11 05:00:05 No more pending tasks
2026-02-11 05:00:05 Launched 0 tasks this run
2026-02-11 05:00:05 --- Monitor run complete ---
2026-02-11 05:10:04 --- Monitor run started ---
2026-02-11 05:10:04 Active sessions:  / 15
2026-02-11 05:10:05 Available slots: 15
2026-02-11 05:10:05 No more pending tasks
2026-02-11 05:10:05 Launched 0 tasks this run
2026-02-11 05:10:05 --- Monitor run complete ---
2026-02-11 05:20:03 --- Monitor run started ---
2026-02-11 05:20:04 Active sessions:  / 15
2026-02-11 05:20:05 Available slots: 15
2026-02-11 05:20:05 No more pending tasks
2026-02-11 05:20:05 Launched 0 tasks this run
2026-02-11 05:20:05 --- Monitor run complete ---
2026-02-11 05:30:03 --- Monitor run started ---
2026-02-11 05:30:03 Active sessions:  / 15
2026-02-11 05:30:04 Available slots: 15
2026-02-11 05:30:04 No more pending tasks
2026-02-11 05:30:04 Launched 0 tasks this run
2026-02-11 05:30:04 --- Monitor run complete ---
2026-02-11 05:40:03 --- Monitor run started ---
2026-02-11 05:40:03 Active sessions:  / 15
2026-02-11 05:40:04 Available slots: 15
2026-02-11 05:40:04 No more pending tasks
2026-02-11 05:40:04 Launched 0 tasks this run
2026-02-11 05:40:04 --- Monitor run complete ---
2026-02-11 05:50:03 --- Monitor run started ---
2026-02-11 05:50:04 Active sessions:  / 15
2026-02-11 05:50:04 Available slots: 15
2026-02-11 05:50:04 No more pending tasks
2026-02-11 05:50:04 Launched 0 tasks this run
2026-02-11 05:50:04 --- Monitor run complete ---
2026-02-11 06:00:03 --- Monitor run started ---
2026-02-11 06:00:04 Active sessions:  / 15
2026-02-11 06:00:04 Available slots: 15
2026-02-11 06:00:04 No more pending tasks
2026-02-11 06:00:04 Launched 0 tasks this run
2026-02-11 06:00:04 --- Monitor run complete ---
2026-02-11 06:10:04 --- Monitor run started ---
2026-02-11 06:10:04 Active sessions:  / 15
2026-02-11 06:10:05 Available slots: 15
2026-02-11 06:10:05 No more pending tasks
2026-02-11 06:10:05 Launched 0 tasks this run
2026-02-11 06:10:05 --- Monitor run complete ---
2026-02-11 06:20:04 --- Monitor run started ---
2026-02-11 06:20:04 Active sessions:  / 15
2026-02-11 06:20:05 Available slots: 15
2026-02-11 06:20:05 No more pending tasks
2026-02-11 06:20:05 Launched 0 tasks this run
2026-02-11 06:20:05 --- Monitor run complete ---
2026-02-11 06:30:04 --- Monitor run started ---
2026-02-11 06:30:04 Active sessions:  / 15
2026-02-11 06:30:05 Available slots: 15
2026-02-11 06:30:05 No more pending tasks
2026-02-11 06:30:05 Launched 0 tasks this run
2026-02-11 06:30:05 --- Monitor run complete ---
2026-02-11 06:40:03 --- Monitor run started ---
2026-02-11 06:40:04 Active sessions:  / 15
2026-02-11 06:40:04 Available slots: 15
2026-02-11 06:40:04 No more pending tasks
2026-02-11 06:40:04 Launched 0 tasks this run
2026-02-11 06:40:04 --- Monitor run complete ---
2026-02-11 06:50:04 --- Monitor run started ---
2026-02-11 06:50:04 Active sessions:  / 15
2026-02-11 06:50:05 Available slots: 15
2026-02-11 06:50:05 No more pending tasks
2026-02-11 06:50:05 Launched 0 tasks this run
2026-02-11 06:50:05 --- Monitor run complete ---
2026-02-11 07:10:04 --- Monitor run started ---
2026-02-11 07:10:04 Active sessions:  / 15
2026-02-11 07:10:05 Available slots: 15
2026-02-11 07:10:05 No more pending tasks
2026-02-11 07:10:05 Launched 0 tasks this run
2026-02-11 07:10:05 --- Monitor run complete ---
2026-02-11 07:20:04 --- Monitor run started ---
2026-02-11 07:20:05 Active sessions:  / 15
2026-02-11 07:20:05 Available slots: 15
2026-02-11 07:20:05 No more pending tasks
2026-02-11 07:20:05 Launched 0 tasks this run
2026-02-11 07:20:05 --- Monitor run complete ---
2026-02-11 07:30:03 --- Monitor run started ---
2026-02-11 07:30:04 Active sessions:  / 15
2026-02-11 07:30:04 Available slots: 15
2026-02-11 07:30:04 No more pending tasks
2026-02-11 07:30:04 Launched 0 tasks this run
2026-02-11 07:30:04 --- Monitor run complete ---
2026-02-11 07:40:03 --- Monitor run started ---
2026-02-11 07:40:04 Active sessions:  / 15
2026-02-11 07:40:04 Available slots: 15
2026-02-11 07:40:04 No more pending tasks
2026-02-11 07:40:04 Launched 0 tasks this run
2026-02-11 07:40:04 --- Monitor run complete ---
2026-02-11 07:50:03 --- Monitor run started ---
2026-02-11 07:50:03 Active sessions:  / 15
2026-02-11 07:50:04 Available slots: 15
2026-02-11 07:50:04 No more pending tasks
2026-02-11 07:50:04 Launched 0 tasks this run
2026-02-11 07:50:04 --- Monitor run complete ---
2026-02-11 08:00:37 --- Monitor run started ---
2026-02-11 08:00:38 Active sessions:  / 15
2026-02-11 08:00:38 Available slots: 15
2026-02-11 08:00:38 No more pending tasks
2026-02-11 08:00:38 Launched 0 tasks this run
2026-02-11 08:00:38 --- Monitor run complete ---
2026-02-11 08:10:03 --- Monitor run started ---
2026-02-11 08:10:04 Active sessions:  / 15
2026-02-11 08:10:04 Available slots: 15
2026-02-11 08:10:04 No more pending tasks
2026-02-11 08:10:04 Launched 0 tasks this run
2026-02-11 08:10:04 --- Monitor run complete ---
2026-02-11 08:20:03 --- Monitor run started ---
2026-02-11 08:20:03 Active sessions:  / 15
2026-02-11 08:20:04 Available slots: 15
2026-02-11 08:20:04 No more pending tasks
2026-02-11 08:20:04 Launched 0 tasks this run
2026-02-11 08:20:04 --- Monitor run complete ---
2026-02-11 08:30:03 --- Monitor run started ---
2026-02-11 08:30:04 Active sessions:  / 15
2026-02-11 08:30:04 Available slots: 15
2026-02-11 08:30:04 No more pending tasks
2026-02-11 08:30:04 Launched 0 tasks this run
2026-02-11 08:30:04 --- Monitor run complete ---
2026-02-11 08:40:03 --- Monitor run started ---
2026-02-11 08:40:04 Active sessions:  / 15
2026-02-11 08:40:04 Available slots: 15
2026-02-11 08:40:04 No more pending tasks
2026-02-11 08:40:04 Launched 0 tasks this run
2026-02-11 08:40:04 --- Monitor run complete ---
2026-02-11 08:50:03 --- Monitor run started ---
2026-02-11 08:50:03 Active sessions:  / 15
2026-02-11 08:50:04 Available slots: 15
2026-02-11 08:50:04 No more pending tasks
2026-02-11 08:50:04 Launched 0 tasks this run
2026-02-11 08:50:04 --- Monitor run complete ---
2026-02-11 09:00:03 --- Monitor run started ---
2026-02-11 09:00:04 Active sessions:  / 15
2026-02-11 09:00:04 Available slots: 15
2026-02-11 09:00:04 No more pending tasks
2026-02-11 09:00:05 Launched 0 tasks this run
2026-02-11 09:00:05 --- Monitor run complete ---
2026-02-11 09:10:03 --- Monitor run started ---
2026-02-11 09:10:04 Active sessions:  / 15
2026-02-11 09:10:05 Available slots: 15
2026-02-11 09:10:05 No more pending tasks
2026-02-11 09:10:05 Launched 0 tasks this run
2026-02-11 09:10:05 --- Monitor run complete ---
2026-02-11 09:20:04 --- Monitor run started ---
2026-02-11 09:20:04 Active sessions:  / 15
2026-02-11 09:20:05 Available slots: 15
2026-02-11 09:20:05 No more pending tasks
2026-02-11 09:20:05 Launched 0 tasks this run
2026-02-11 09:20:05 --- Monitor run complete ---
2026-02-11 09:30:04 --- Monitor run started ---
2026-02-11 09:30:04 Active sessions:  / 15
2026-02-11 09:30:05 Available slots: 15
2026-02-11 09:30:05 No more pending tasks
2026-02-11 09:30:05 Launched 0 tasks this run
2026-02-11 09:30:05 --- Monitor run complete ---
2026-02-11 09:40:04 --- Monitor run started ---
2026-02-11 09:40:04 Active sessions:  / 15
2026-02-11 09:40:05 Available slots: 15
2026-02-11 09:40:05 No more pending tasks
2026-02-11 09:40:05 Launched 0 tasks this run
2026-02-11 09:40:05 --- Monitor run complete ---
2026-02-11 09:50:05 --- Monitor run started ---
2026-02-11 09:50:06 Active sessions:  / 15
2026-02-11 09:50:06 Available slots: 15
2026-02-11 09:50:06 No more pending tasks
2026-02-11 09:50:06 Launched 0 tasks this run
2026-02-11 09:50:06 --- Monitor run complete ---
2026-02-11 10:00:04 --- Monitor run started ---
2026-02-11 10:00:04 Active sessions:  / 15
2026-02-11 10:00:05 Available slots: 15
2026-02-11 10:00:05 No more pending tasks
2026-02-11 10:00:05 Launched 0 tasks this run
2026-02-11 10:00:05 --- Monitor run complete ---
2026-02-11 10:10:03 --- Monitor run started ---
2026-02-11 10:10:04 Active sessions:  / 15
2026-02-11 10:10:05 Available slots: 15
2026-02-11 10:10:05 No more pending tasks
2026-02-11 10:10:05 Launched 0 tasks this run
2026-02-11 10:10:05 --- Monitor run complete ---
2026-02-11 10:20:03 --- Monitor run started ---
2026-02-11 10:20:04 Active sessions:  / 15
2026-02-11 10:20:04 Available slots: 15
2026-02-11 10:20:04 No more pending tasks
2026-02-11 10:20:04 Launched 0 tasks this run
2026-02-11 10:20:04 --- Monitor run complete ---
2026-02-11 10:30:03 --- Monitor run started ---
2026-02-11 10:30:04 Active sessions:  / 15
2026-02-11 10:30:04 Available slots: 15
2026-02-11 10:30:04 No more pending tasks
2026-02-11 10:30:04 Launched 0 tasks this run
2026-02-11 10:30:04 --- Monitor run complete ---
2026-02-11 10:40:03 --- Monitor run started ---
2026-02-11 10:40:04 Active sessions:  / 15
2026-02-11 10:40:05 Available slots: 15
2026-02-11 10:40:05 No more pending tasks
2026-02-11 10:40:05 Launched 0 tasks this run
2026-02-11 10:40:05 --- Monitor run complete ---
2026-02-11 10:50:04 --- Monitor run started ---
2026-02-11 10:50:05 Active sessions:  / 15
2026-02-11 10:50:05 Available slots: 15
2026-02-11 10:50:05 No more pending tasks
2026-02-11 10:50:05 Launched 0 tasks this run
2026-02-11 10:50:05 --- Monitor run complete ---
2026-02-11 11:00:03 --- Monitor run started ---
2026-02-11 11:00:03 Active sessions:  / 15
2026-02-11 11:00:04 Available slots: 15
2026-02-11 11:00:04 No more pending tasks
2026-02-11 11:00:04 Launched 0 tasks this run
2026-02-11 11:00:04 --- Monitor run complete ---
2026-02-11 11:10:04 --- Monitor run started ---
2026-02-11 11:10:05 Active sessions:  / 15
2026-02-11 11:10:05 Available slots: 15
2026-02-11 11:10:05 No more pending tasks
2026-02-11 11:10:05 Launched 0 tasks this run
2026-02-11 11:10:05 --- Monitor run complete ---
2026-02-11 11:20:04 --- Monitor run started ---
2026-02-11 11:20:04 Active sessions:  / 15
2026-02-11 11:20:05 Available slots: 15
2026-02-11 11:20:05 No more pending tasks
2026-02-11 11:20:05 Launched 0 tasks this run
2026-02-11 11:20:05 --- Monitor run complete ---
2026-02-11 11:30:04 --- Monitor run started ---
2026-02-11 11:30:05 Active sessions:  / 15
2026-02-11 11:30:05 Available slots: 15
2026-02-11 11:30:05 No more pending tasks
2026-02-11 11:30:05 Launched 0 tasks this run
2026-02-11 11:30:05 --- Monitor run complete ---
2026-02-11 11:40:03 --- Monitor run started ---
2026-02-11 11:40:04 Active sessions:  / 15
2026-02-11 11:40:05 Available slots: 15
2026-02-11 11:40:05 No more pending tasks
2026-02-11 11:40:05 Launched 0 tasks this run
2026-02-11 11:40:05 --- Monitor run complete ---
2026-02-11 11:50:03 --- Monitor run started ---
2026-02-11 11:50:04 Active sessions:  / 15
2026-02-11 11:50:05 Available slots: 15
2026-02-11 11:50:05 No more pending tasks
2026-02-11 11:50:05 Launched 0 tasks this run
2026-02-11 11:50:05 --- Monitor run complete ---
2026-02-11 12:00:03 --- Monitor run started ---
2026-02-11 12:00:03 Active sessions:  / 15
2026-02-11 12:00:04 Available slots: 15
2026-02-11 12:00:04 No more pending tasks
2026-02-11 12:00:04 Launched 0 tasks this run
2026-02-11 12:00:04 --- Monitor run complete ---
2026-02-11 12:10:04 --- Monitor run started ---
2026-02-11 12:10:04 Active sessions:  / 15
2026-02-11 12:10:05 Available slots: 15
2026-02-11 12:10:05 No more pending tasks
2026-02-11 12:10:05 Launched 0 tasks this run
2026-02-11 12:10:05 --- Monitor run complete ---
2026-02-11 12:20:04 --- Monitor run started ---
2026-02-11 12:20:04 Active sessions:  / 15
2026-02-11 12:20:05 Available slots: 15
2026-02-11 12:20:05 No more pending tasks
2026-02-11 12:20:05 Launched 0 tasks this run
2026-02-11 12:20:05 --- Monitor run complete ---
2026-02-11 12:30:03 --- Monitor run started ---
2026-02-11 12:30:04 Active sessions:  / 15
2026-02-11 12:30:04 Available slots: 15
2026-02-11 12:30:04 No more pending tasks
2026-02-11 12:30:04 Launched 0 tasks this run
2026-02-11 12:30:04 --- Monitor run complete ---
2026-02-11 12:40:04 --- Monitor run started ---
2026-02-11 12:40:04 Active sessions:  / 15
2026-02-11 12:40:05 Available slots: 15
2026-02-11 12:40:05 No more pending tasks
2026-02-11 12:40:05 Launched 0 tasks this run
2026-02-11 12:40:05 --- Monitor run complete ---
2026-02-11 12:50:04 --- Monitor run started ---
2026-02-11 12:50:05 Active sessions:  / 15
2026-02-11 12:50:06 Available slots: 15
2026-02-11 12:50:06 No more pending tasks
2026-02-11 12:50:06 Launched 0 tasks this run
2026-02-11 12:50:06 --- Monitor run complete ---
2026-02-11 13:00:04 --- Monitor run started ---
2026-02-11 13:00:05 Active sessions:  / 15
2026-02-11 13:00:05 Available slots: 15
2026-02-11 13:00:05 No more pending tasks
2026-02-11 13:00:05 Launched 0 tasks this run
2026-02-11 13:00:05 --- Monitor run complete ---
2026-02-11 13:10:03 --- Monitor run started ---
2026-02-11 13:10:04 Active sessions:  / 15
2026-02-11 13:10:04 Available slots: 15
2026-02-11 13:10:04 No more pending tasks
2026-02-11 13:10:04 Launched 0 tasks this run
2026-02-11 13:10:04 --- Monitor run complete ---
2026-02-11 13:20:03 --- Monitor run started ---
2026-02-11 13:20:04 Active sessions:  / 15
2026-02-11 13:20:04 Available slots: 15
2026-02-11 13:20:04 No more pending tasks
2026-02-11 13:20:04 Launched 0 tasks this run
2026-02-11 13:20:04 --- Monitor run complete ---
2026-02-11 13:30:04 --- Monitor run started ---
2026-02-11 13:30:04 Active sessions:  / 15
2026-02-11 13:30:05 Available slots: 15
2026-02-11 13:30:05 No more pending tasks
2026-02-11 13:30:05 Launched 0 tasks this run
2026-02-11 13:30:05 --- Monitor run complete ---
2026-02-11 13:40:03 --- Monitor run started ---
2026-02-11 13:40:04 Active sessions:  / 15
2026-02-11 13:40:04 Available slots: 15
2026-02-11 13:40:04 No more pending tasks
2026-02-11 13:40:04 Launched 0 tasks this run
2026-02-11 13:40:04 --- Monitor run complete ---
2026-02-11 13:50:06 --- Monitor run started ---
2026-02-11 13:50:07 Active sessions:  / 15
2026-02-11 13:50:07 Available slots: 15
2026-02-11 13:50:07 No more pending tasks
2026-02-11 13:50:07 Launched 0 tasks this run
2026-02-11 13:50:07 --- Monitor run complete ---
2026-02-11 14:00:03 --- Monitor run started ---
2026-02-11 14:00:04 Active sessions:  / 15
2026-02-11 14:00:04 Available slots: 15
2026-02-11 14:00:04 No more pending tasks
2026-02-11 14:00:04 Launched 0 tasks this run
2026-02-11 14:00:04 --- Monitor run complete ---
2026-02-11 14:10:04 --- Monitor run started ---
2026-02-11 14:10:04 Active sessions:  / 15
2026-02-11 14:10:05 Available slots: 15
2026-02-11 14:10:05 No more pending tasks
2026-02-11 14:10:05 Launched 0 tasks this run
2026-02-11 14:10:05 --- Monitor run complete ---
2026-02-11 14:20:04 --- Monitor run started ---
2026-02-11 14:20:05 Active sessions:  / 15
2026-02-11 14:20:05 Available slots: 15
2026-02-11 14:20:05 No more pending tasks
2026-02-11 14:20:05 Launched 0 tasks this run
2026-02-11 14:20:05 --- Monitor run complete ---
2026-02-11 14:30:04 --- Monitor run started ---
2026-02-11 14:30:05 Active sessions:  / 15
2026-02-11 14:30:05 Available slots: 15
2026-02-11 14:30:05 No more pending tasks
2026-02-11 14:30:05 Launched 0 tasks this run
2026-02-11 14:30:05 --- Monitor run complete ---
2026-02-11 14:40:04 --- Monitor run started ---
2026-02-11 14:40:04 Active sessions:  / 15
2026-02-11 14:40:05 Available slots: 15
2026-02-11 14:40:05 No more pending tasks
2026-02-11 14:40:05 Launched 0 tasks this run
2026-02-11 14:40:05 --- Monitor run complete ---
2026-02-11 14:50:04 --- Monitor run started ---
2026-02-11 14:50:05 Active sessions:  / 15
2026-02-11 14:50:06 Available slots: 15
2026-02-11 14:50:06 No more pending tasks
2026-02-11 14:50:06 Launched 0 tasks this run
2026-02-11 14:50:06 --- Monitor run complete ---
2026-02-11 15:00:04 --- Monitor run started ---
2026-02-11 15:00:05 Active sessions:  / 15
2026-02-11 15:00:05 Available slots: 15
2026-02-11 15:00:05 No more pending tasks
2026-02-11 15:00:05 Launched 0 tasks this run
2026-02-11 15:00:05 --- Monitor run complete ---
2026-02-11 15:10:03 --- Monitor run started ---
2026-02-11 15:10:04 Active sessions:  / 15
2026-02-11 15:10:04 Available slots: 15
2026-02-11 15:10:04 No more pending tasks
2026-02-11 15:10:04 Launched 0 tasks this run
2026-02-11 15:10:04 --- Monitor run complete ---
2026-02-11 15:20:04 --- Monitor run started ---
2026-02-11 15:20:04 Active sessions:  / 15
2026-02-11 15:20:05 Available slots: 15
2026-02-11 15:20:05 No more pending tasks
2026-02-11 15:20:05 Launched 0 tasks this run
2026-02-11 15:20:05 --- Monitor run complete ---
2026-02-11 15:30:03 --- Monitor run started ---
2026-02-11 15:30:04 Active sessions:  / 15
2026-02-11 15:30:04 Available slots: 15
2026-02-11 15:30:04 No more pending tasks
2026-02-11 15:30:04 Launched 0 tasks this run
2026-02-11 15:30:04 --- Monitor run complete ---
2026-02-11 15:40:04 --- Monitor run started ---
2026-02-11 15:40:04 Active sessions:  / 15
2026-02-11 15:40:05 Available slots: 15
2026-02-11 15:40:05 No more pending tasks
2026-02-11 15:40:05 Launched 0 tasks this run
2026-02-11 15:40:05 --- Monitor run complete ---
2026-02-11 15:50:03 --- Monitor run started ---
2026-02-11 15:50:04 Active sessions:  / 15
2026-02-11 15:50:04 Available slots: 15
2026-02-11 15:50:04 No more pending tasks
2026-02-11 15:50:04 Launched 0 tasks this run
2026-02-11 15:50:04 --- Monitor run complete ---
2026-02-11 16:00:04 --- Monitor run started ---
2026-02-11 16:00:05 Active sessions:  / 15
2026-02-11 16:00:06 Available slots: 15
2026-02-11 16:00:06 No more pending tasks
2026-02-11 16:00:06 Launched 0 tasks this run
2026-02-11 16:00:06 --- Monitor run complete ---
2026-02-11 16:10:04 --- Monitor run started ---
2026-02-11 16:10:04 Active sessions:  / 15
2026-02-11 16:10:05 Available slots: 15
2026-02-11 16:10:05 No more pending tasks
2026-02-11 16:10:05 Launched 0 tasks this run
2026-02-11 16:10:05 --- Monitor run complete ---
2026-02-11 16:20:04 --- Monitor run started ---
2026-02-11 16:20:04 Active sessions:  / 15
2026-02-11 16:20:05 Available slots: 15
2026-02-11 16:20:05 No more pending tasks
2026-02-11 16:20:05 Launched 0 tasks this run
2026-02-11 16:20:05 --- Monitor run complete ---
2026-02-11 16:30:03 --- Monitor run started ---
2026-02-11 16:30:04 Active sessions:  / 15
2026-02-11 16:30:05 Available slots: 15
2026-02-11 16:30:05 No more pending tasks
2026-02-11 16:30:05 Launched 0 tasks this run
2026-02-11 16:30:05 --- Monitor run complete ---
2026-02-11 16:40:03 --- Monitor run started ---
2026-02-11 16:40:04 Active sessions:  / 15
2026-02-11 16:40:05 Available slots: 15
2026-02-11 16:40:05 No more pending tasks
2026-02-11 16:40:05 Launched 0 tasks this run
2026-02-11 16:40:05 --- Monitor run complete ---
2026-02-11 16:50:03 --- Monitor run started ---
2026-02-11 16:50:04 Active sessions:  / 15
2026-02-11 16:50:05 Available slots: 15
2026-02-11 16:50:05 No more pending tasks
2026-02-11 16:50:05 Launched 0 tasks this run
2026-02-11 16:50:05 --- Monitor run complete ---
2026-02-11 17:00:04 --- Monitor run started ---
2026-02-11 17:00:05 Active sessions:  / 15
2026-02-11 17:00:05 Available slots: 15
2026-02-11 17:00:05 No more pending tasks
2026-02-11 17:00:05 Launched 0 tasks this run
2026-02-11 17:00:05 --- Monitor run complete ---
2026-02-11 17:10:03 --- Monitor run started ---
2026-02-11 17:10:04 Active sessions:  / 15
2026-02-11 17:10:05 Available slots: 15
2026-02-11 17:10:05 No more pending tasks
2026-02-11 17:10:05 Launched 0 tasks this run
2026-02-11 17:10:05 --- Monitor run complete ---
2026-02-11 17:20:04 --- Monitor run started ---
2026-02-11 17:20:05 Active sessions:  / 15
2026-02-11 17:20:05 Available slots: 15
2026-02-11 17:20:05 No more pending tasks
2026-02-11 17:20:05 Launched 0 tasks this run
2026-02-11 17:20:05 --- Monitor run complete ---
2026-02-11 17:30:04 --- Monitor run started ---
2026-02-11 17:30:05 Active sessions:  / 15
2026-02-11 17:30:05 Available slots: 15
2026-02-11 17:30:05 No more pending tasks
2026-02-11 17:30:05 Launched 0 tasks this run
2026-02-11 17:30:05 --- Monitor run complete ---
2026-02-11 17:40:03 --- Monitor run started ---
2026-02-11 17:40:04 Active sessions:  / 15
2026-02-11 17:40:04 Available slots: 15
2026-02-11 17:40:04 No more pending tasks
2026-02-11 17:40:04 Launched 0 tasks this run
2026-02-11 17:40:04 --- Monitor run complete ---
2026-02-11 17:50:03 --- Monitor run started ---
2026-02-11 17:50:04 Active sessions:  / 15
2026-02-11 17:50:04 Available slots: 15
2026-02-11 17:50:04 No more pending tasks
2026-02-11 17:50:04 Launched 0 tasks this run
2026-02-11 17:50:04 --- Monitor run complete ---
2026-02-11 18:00:03 --- Monitor run started ---
2026-02-11 18:00:04 Active sessions:  / 15
2026-02-11 18:00:04 Available slots: 15
2026-02-11 18:00:04 No more pending tasks
2026-02-11 18:00:04 Launched 0 tasks this run
2026-02-11 18:00:04 --- Monitor run complete ---
2026-02-11 18:10:04 --- Monitor run started ---
2026-02-11 18:10:04 Active sessions:  / 15
2026-02-11 18:10:05 Available slots: 15
2026-02-11 18:10:05 No more pending tasks
2026-02-11 18:10:05 Launched 0 tasks this run
2026-02-11 18:10:05 --- Monitor run complete ---
2026-02-11 18:20:04 --- Monitor run started ---
2026-02-11 18:20:05 Active sessions:  / 15
2026-02-11 18:20:05 Available slots: 15
2026-02-11 18:20:05 No more pending tasks
2026-02-11 18:20:05 Launched 0 tasks this run
2026-02-11 18:20:05 --- Monitor run complete ---
2026-02-11 18:30:03 --- Monitor run started ---
2026-02-11 18:30:04 Active sessions:  / 15
2026-02-11 18:30:04 Available slots: 15
2026-02-11 18:30:04 No more pending tasks
2026-02-11 18:30:04 Launched 0 tasks this run
2026-02-11 18:30:04 --- Monitor run complete ---
2026-02-11 18:40:04 --- Monitor run started ---
2026-02-11 18:40:04 Active sessions:  / 15
2026-02-11 18:40:05 Available slots: 15
2026-02-11 18:40:05 No more pending tasks
2026-02-11 18:40:05 Launched 0 tasks this run
2026-02-11 18:40:05 --- Monitor run complete ---
2026-02-11 18:50:03 --- Monitor run started ---
2026-02-11 18:50:04 Active sessions:  / 15
2026-02-11 18:50:04 Available slots: 15
2026-02-11 18:50:04 No more pending tasks
2026-02-11 18:50:04 Launched 0 tasks this run
2026-02-11 18:50:04 --- Monitor run complete ---
2026-02-11 19:00:04 --- Monitor run started ---
2026-02-11 19:00:04 Active sessions:  / 15
2026-02-11 19:00:05 Available slots: 15
2026-02-11 19:00:05 No more pending tasks
2026-02-11 19:00:05 Launched 0 tasks this run
2026-02-11 19:00:05 --- Monitor run complete ---
2026-02-11 19:10:06 --- Monitor run started ---
2026-02-11 19:10:06 Active sessions:  / 15
2026-02-11 19:10:07 Available slots: 15
2026-02-11 19:10:07 No more pending tasks
2026-02-11 19:10:07 Launched 0 tasks this run
2026-02-11 19:10:07 --- Monitor run complete ---
2026-02-11 19:20:04 --- Monitor run started ---
2026-02-11 19:20:05 Active sessions:  / 15
2026-02-11 19:20:05 Available slots: 15
2026-02-11 19:20:05 No more pending tasks
2026-02-11 19:20:05 Launched 0 tasks this run
2026-02-11 19:20:05 --- Monitor run complete ---
2026-02-11 19:30:04 --- Monitor run started ---
2026-02-11 19:30:04 Active sessions:  / 15
2026-02-11 19:30:05 Available slots: 15
2026-02-11 19:30:05 No more pending tasks
2026-02-11 19:30:05 Launched 0 tasks this run
2026-02-11 19:30:05 --- Monitor run complete ---
2026-02-11 19:40:03 --- Monitor run started ---
2026-02-11 19:40:04 Active sessions:  / 15
2026-02-11 19:40:05 Available slots: 15
2026-02-11 19:40:05 No more pending tasks
2026-02-11 19:40:05 Launched 0 tasks this run
2026-02-11 19:40:05 --- Monitor run complete ---
2026-02-11 19:50:03 --- Monitor run started ---
2026-02-11 19:50:04 Active sessions:  / 15
2026-02-11 19:50:04 Available slots: 15
2026-02-11 19:50:04 No more pending tasks
2026-02-11 19:50:04 Launched 0 tasks this run
2026-02-11 19:50:04 --- Monitor run complete ---
2026-02-11 20:00:03 --- Monitor run started ---
2026-02-11 20:00:04 Active sessions:  / 15
2026-02-11 20:00:05 Available slots: 15
2026-02-11 20:00:05 No more pending tasks
2026-02-11 20:00:05 Launched 0 tasks this run
2026-02-11 20:00:05 --- Monitor run complete ---
2026-02-11 20:10:03 --- Monitor run started ---
2026-02-11 20:10:04 Active sessions:  / 15
2026-02-11 20:10:04 Available slots: 15
2026-02-11 20:10:04 No more pending tasks
2026-02-11 20:10:04 Launched 0 tasks this run
2026-02-11 20:10:04 --- Monitor run complete ---
2026-02-11 20:20:04 --- Monitor run started ---
2026-02-11 20:20:04 Active sessions:  / 15
2026-02-11 20:20:05 Available slots: 15
2026-02-11 20:20:05 No more pending tasks
2026-02-11 20:20:05 Launched 0 tasks this run
2026-02-11 20:20:05 --- Monitor run complete ---
2026-02-11 20:30:03 --- Monitor run started ---
2026-02-11 20:30:04 Active sessions:  / 15
2026-02-11 20:30:04 Available slots: 15
2026-02-11 20:30:04 No more pending tasks
2026-02-11 20:30:04 Launched 0 tasks this run
2026-02-11 20:30:04 --- Monitor run complete ---
2026-02-11 20:40:03 --- Monitor run started ---
2026-02-11 20:40:04 Active sessions:  / 15
2026-02-11 20:40:04 Available slots: 15
2026-02-11 20:40:04 No more pending tasks
2026-02-11 20:40:04 Launched 0 tasks this run
2026-02-11 20:40:04 --- Monitor run complete ---
2026-02-11 20:50:04 --- Monitor run started ---
2026-02-11 20:50:05 Active sessions:  / 15
2026-02-11 20:50:05 Available slots: 15
2026-02-11 20:50:05 No more pending tasks
2026-02-11 20:50:05 Launched 0 tasks this run
2026-02-11 20:50:05 --- Monitor run complete ---
2026-02-11 21:00:04 --- Monitor run started ---
2026-02-11 21:00:05 Active sessions:  / 15
2026-02-11 21:00:05 Available slots: 15
2026-02-11 21:00:06 No more pending tasks
2026-02-11 21:00:06 Launched 0 tasks this run
2026-02-11 21:00:06 --- Monitor run complete ---
2026-02-11 21:10:04 --- Monitor run started ---
2026-02-11 21:10:05 Active sessions:  / 15
2026-02-11 21:10:06 Available slots: 15
2026-02-11 21:10:06 No more pending tasks
2026-02-11 21:10:06 Launched 0 tasks this run
2026-02-11 21:10:06 --- Monitor run complete ---
2026-02-11 21:20:04 --- Monitor run started ---
2026-02-11 21:20:04 Active sessions:  / 15
2026-02-11 21:20:05 Available slots: 15
2026-02-11 21:20:05 No more pending tasks
2026-02-11 21:20:05 Launched 0 tasks this run
2026-02-11 21:20:05 --- Monitor run complete ---
2026-02-11 21:30:05 --- Monitor run started ---
2026-02-11 21:30:05 Active sessions:  / 15
2026-02-11 21:30:06 Available slots: 15
2026-02-11 21:30:06 No more pending tasks
2026-02-11 21:30:06 Launched 0 tasks this run
2026-02-11 21:30:06 --- Monitor run complete ---
2026-02-11 21:40:04 --- Monitor run started ---
2026-02-11 21:40:04 Active sessions:  / 15
2026-02-11 21:40:05 Available slots: 15
2026-02-11 21:40:05 No more pending tasks
2026-02-11 21:40:05 Launched 0 tasks this run
2026-02-11 21:40:05 --- Monitor run complete ---
2026-02-11 21:50:04 --- Monitor run started ---
2026-02-11 21:50:04 Active sessions:  / 15
2026-02-11 21:50:05 Available slots: 15
2026-02-11 21:50:05 No more pending tasks
2026-02-11 21:50:05 Launched 0 tasks this run
2026-02-11 21:50:05 --- Monitor run complete ---
2026-02-11 22:00:03 --- Monitor run started ---
2026-02-11 22:00:04 Active sessions:  / 15
2026-02-11 22:00:05 Available slots: 15
2026-02-11 22:00:05 No more pending tasks
2026-02-11 22:00:05 Launched 0 tasks this run
2026-02-11 22:00:05 --- Monitor run complete ---
2026-02-11 22:10:03 --- Monitor run started ---
2026-02-11 22:10:04 Active sessions:  / 15
2026-02-11 22:10:04 Available slots: 15
2026-02-11 22:10:04 No more pending tasks
2026-02-11 22:10:04 Launched 0 tasks this run
2026-02-11 22:10:04 --- Monitor run complete ---
2026-02-11 22:20:03 --- Monitor run started ---
2026-02-11 22:20:04 Active sessions:  / 15
2026-02-11 22:20:04 Available slots: 15
2026-02-11 22:20:04 No more pending tasks
2026-02-11 22:20:04 Launched 0 tasks this run
2026-02-11 22:20:04 --- Monitor run complete ---
2026-02-11 22:30:03 --- Monitor run started ---
2026-02-11 22:30:04 Active sessions:  / 15
2026-02-11 22:30:05 Available slots: 15
2026-02-11 22:30:05 No more pending tasks
2026-02-11 22:30:05 Launched 0 tasks this run
2026-02-11 22:30:05 --- Monitor run complete ---
2026-02-11 22:40:04 --- Monitor run started ---
2026-02-11 22:40:05 Active sessions:  / 15
2026-02-11 22:40:05 Available slots: 15
2026-02-11 22:40:05 No more pending tasks
2026-02-11 22:40:05 Launched 0 tasks this run
2026-02-11 22:40:05 --- Monitor run complete ---
2026-02-11 22:50:05 --- Monitor run started ---
2026-02-11 22:50:05 Active sessions:  / 15
2026-02-11 22:50:06 Available slots: 15
2026-02-11 22:50:06 No more pending tasks
2026-02-11 22:50:06 Launched 0 tasks this run
2026-02-11 22:50:06 --- Monitor run complete ---
2026-02-11 23:00:03 --- Monitor run started ---
2026-02-11 23:00:04 Active sessions:  / 15
2026-02-11 23:00:04 Available slots: 15
2026-02-11 23:00:04 No more pending tasks
2026-02-11 23:00:04 Launched 0 tasks this run
2026-02-11 23:00:04 --- Monitor run complete ---
2026-02-11 23:10:04 --- Monitor run started ---
2026-02-11 23:10:05 Active sessions:  / 15
2026-02-11 23:10:05 Available slots: 15
2026-02-11 23:10:05 No more pending tasks
2026-02-11 23:10:05 Launched 0 tasks this run
2026-02-11 23:10:05 --- Monitor run complete ---
2026-02-11 23:20:03 --- Monitor run started ---
2026-02-11 23:20:04 Active sessions:  / 15
2026-02-11 23:20:04 Available slots: 15
2026-02-11 23:20:04 No more pending tasks
2026-02-11 23:20:04 Launched 0 tasks this run
2026-02-11 23:20:04 --- Monitor run complete ---
2026-02-11 23:30:04 --- Monitor run started ---
2026-02-11 23:30:04 Active sessions:  / 15
2026-02-11 23:30:05 Available slots: 15
2026-02-11 23:30:05 No more pending tasks
2026-02-11 23:30:05 Launched 0 tasks this run
2026-02-11 23:30:05 --- Monitor run complete ---
2026-02-11 23:40:03 --- Monitor run started ---
2026-02-11 23:40:04 Active sessions:  / 15
2026-02-11 23:40:04 Available slots: 15
2026-02-11 23:40:04 No more pending tasks
2026-02-11 23:40:04 Launched 0 tasks this run
2026-02-11 23:40:04 --- Monitor run complete ---
2026-02-11 23:50:03 --- Monitor run started ---
2026-02-11 23:50:04 Active sessions:  / 15
2026-02-11 23:50:05 Available slots: 15
2026-02-11 23:50:05 No more pending tasks
2026-02-11 23:50:05 Launched 0 tasks this run
2026-02-11 23:50:05 --- Monitor run complete ---
2026-02-12 00:00:04 --- Monitor run started ---
2026-02-12 00:00:04 Active sessions:  / 15
2026-02-12 00:00:05 Available slots: 15
2026-02-12 00:00:05 No more pending tasks
2026-02-12 00:00:05 Launched 0 tasks this run
2026-02-12 00:00:05 --- Monitor run complete ---
2026-02-12 00:10:04 --- Monitor run started ---
2026-02-12 00:10:04 Active sessions:  / 15
2026-02-12 00:10:05 Available slots: 15
2026-02-12 00:10:05 No more pending tasks
2026-02-12 00:10:05 Launched 0 tasks this run
2026-02-12 00:10:05 --- Monitor run complete ---
2026-02-12 00:20:04 --- Monitor run started ---
2026-02-12 00:20:04 Active sessions:  / 15
2026-02-12 00:20:05 Available slots: 15
2026-02-12 00:20:05 No more pending tasks
2026-02-12 00:20:05 Launched 0 tasks this run
2026-02-12 00:20:05 --- Monitor run complete ---
2026-02-12 00:30:04 --- Monitor run started ---
2026-02-12 00:30:04 Active sessions:  / 15
2026-02-12 00:30:05 Available slots: 15
2026-02-12 00:30:05 No more pending tasks
2026-02-12 00:30:05 Launched 0 tasks this run
2026-02-12 00:30:05 --- Monitor run complete ---
2026-02-12 00:40:05 --- Monitor run started ---
2026-02-12 00:40:06 Active sessions:  / 15
2026-02-12 00:40:06 Available slots: 15
2026-02-12 00:40:06 No more pending tasks
2026-02-12 00:40:06 Launched 0 tasks this run
2026-02-12 00:40:06 --- Monitor run complete ---
2026-02-12 00:50:04 --- Monitor run started ---
2026-02-12 00:50:04 Active sessions:  / 15
2026-02-12 00:50:05 Available slots: 15
2026-02-12 00:50:05 No more pending tasks
2026-02-12 00:50:05 Launched 0 tasks this run
2026-02-12 00:50:05 --- Monitor run complete ---
2026-02-12 01:00:03 --- Monitor run started ---
2026-02-12 01:00:04 Active sessions:  / 15
2026-02-12 01:00:04 Available slots: 15
2026-02-12 01:00:04 No more pending tasks
2026-02-12 01:00:04 Launched 0 tasks this run
2026-02-12 01:00:04 --- Monitor run complete ---
2026-02-12 01:10:03 --- Monitor run started ---
2026-02-12 01:10:04 Active sessions:  / 15
2026-02-12 01:10:04 Available slots: 15
2026-02-12 01:10:04 No more pending tasks
2026-02-12 01:10:04 Launched 0 tasks this run
2026-02-12 01:10:04 --- Monitor run complete ---
2026-02-12 01:20:04 --- Monitor run started ---
2026-02-12 01:20:04 Active sessions:  / 15
2026-02-12 01:20:05 Available slots: 15
2026-02-12 01:20:05 No more pending tasks
2026-02-12 01:20:05 Launched 0 tasks this run
2026-02-12 01:20:05 --- Monitor run complete ---
2026-02-12 01:30:04 --- Monitor run started ---
2026-02-12 01:30:04 Active sessions:  / 15
2026-02-12 01:30:05 Available slots: 15
2026-02-12 01:30:05 No more pending tasks
2026-02-12 01:30:05 Launched 0 tasks this run
2026-02-12 01:30:05 --- Monitor run complete ---
2026-02-12 01:40:05 --- Monitor run started ---
2026-02-12 01:40:05 Active sessions:  / 15
2026-02-12 01:40:06 Available slots: 15
2026-02-12 01:40:06 No more pending tasks
2026-02-12 01:40:06 Launched 0 tasks this run
2026-02-12 01:40:06 --- Monitor run complete ---
2026-02-12 01:50:03 --- Monitor run started ---
2026-02-12 01:50:04 Active sessions:  / 15
2026-02-12 01:50:05 Available slots: 15
2026-02-12 01:50:05 No more pending tasks
2026-02-12 01:50:05 Launched 0 tasks this run
2026-02-12 01:50:05 --- Monitor run complete ---
2026-02-12 02:00:03 --- Monitor run started ---
2026-02-12 02:00:04 Active sessions:  / 15
2026-02-12 02:00:04 Available slots: 15
2026-02-12 02:00:04 No more pending tasks
2026-02-12 02:00:04 Launched 0 tasks this run
2026-02-12 02:00:04 --- Monitor run complete ---
2026-02-12 02:10:04 --- Monitor run started ---
2026-02-12 02:10:04 Active sessions:  / 15
2026-02-12 02:10:05 Available slots: 15
2026-02-12 02:10:05 No more pending tasks
2026-02-12 02:10:05 Launched 0 tasks this run
2026-02-12 02:10:05 --- Monitor run complete ---
2026-02-12 02:20:03 --- Monitor run started ---
2026-02-12 02:20:04 Active sessions:  / 15
2026-02-12 02:20:04 Available slots: 15
2026-02-12 02:20:04 No more pending tasks
2026-02-12 02:20:04 Launched 0 tasks this run
2026-02-12 02:20:04 --- Monitor run complete ---
2026-02-12 02:30:04 --- Monitor run started ---
2026-02-12 02:30:04 Active sessions:  / 15
2026-02-12 02:30:05 Available slots: 15
2026-02-12 02:30:05 No more pending tasks
2026-02-12 02:30:05 Launched 0 tasks this run
2026-02-12 02:30:05 --- Monitor run complete ---
2026-02-12 02:40:03 --- Monitor run started ---
2026-02-12 02:40:04 Active sessions:  / 15
2026-02-12 02:40:04 Available slots: 15
2026-02-12 02:40:04 No more pending tasks
2026-02-12 02:40:04 Launched 0 tasks this run
2026-02-12 02:40:04 --- Monitor run complete ---
2026-02-12 02:50:04 --- Monitor run started ---
2026-02-12 02:50:05 Active sessions:  / 15
2026-02-12 02:50:05 Available slots: 15
2026-02-12 02:50:05 No more pending tasks
2026-02-12 02:50:05 Launched 0 tasks this run
2026-02-12 02:50:05 --- Monitor run complete ---
2026-02-12 03:00:03 --- Monitor run started ---
2026-02-12 03:00:04 Active sessions:  / 15
2026-02-12 03:00:04 Available slots: 15
2026-02-12 03:00:04 No more pending tasks
2026-02-12 03:00:04 Launched 0 tasks this run
2026-02-12 03:00:04 --- Monitor run complete ---
2026-02-12 03:10:04 --- Monitor run started ---
2026-02-12 03:10:04 Active sessions:  / 15
2026-02-12 03:10:05 Available slots: 15
2026-02-12 03:10:05 No more pending tasks
2026-02-12 03:10:05 Launched 0 tasks this run
2026-02-12 03:10:05 --- Monitor run complete ---
2026-02-12 03:20:04 --- Monitor run started ---
2026-02-12 03:20:04 Active sessions:  / 15
2026-02-12 03:20:05 Available slots: 15
2026-02-12 03:20:05 No more pending tasks
2026-02-12 03:20:05 Launched 0 tasks this run
2026-02-12 03:20:05 --- Monitor run complete ---
2026-02-12 03:30:03 --- Monitor run started ---
2026-02-12 03:30:04 Active sessions:  / 15
2026-02-12 03:30:04 Available slots: 15
2026-02-12 03:30:04 No more pending tasks
2026-02-12 03:30:04 Launched 0 tasks this run
2026-02-12 03:30:04 --- Monitor run complete ---
2026-02-12 03:40:04 --- Monitor run started ---
2026-02-12 03:40:05 Active sessions:  / 15
2026-02-12 03:40:06 Available slots: 15
2026-02-12 03:40:06 No more pending tasks
2026-02-12 03:40:06 Launched 0 tasks this run
2026-02-12 03:40:06 --- Monitor run complete ---
2026-02-12 03:50:03 --- Monitor run started ---
2026-02-12 03:50:04 Active sessions:  / 15
2026-02-12 03:50:05 Available slots: 15
2026-02-12 03:50:05 No more pending tasks
2026-02-12 03:50:05 Launched 0 tasks this run
2026-02-12 03:50:05 --- Monitor run complete ---
2026-02-12 04:00:04 --- Monitor run started ---
2026-02-12 04:00:04 Active sessions:  / 15
2026-02-12 04:00:05 Available slots: 15
2026-02-12 04:00:05 No more pending tasks
2026-02-12 04:00:05 Launched 0 tasks this run
2026-02-12 04:00:05 --- Monitor run complete ---
2026-02-12 04:10:03 --- Monitor run started ---
2026-02-12 04:10:04 Active sessions:  / 15
2026-02-12 04:10:04 Available slots: 15
2026-02-12 04:10:04 No more pending tasks
2026-02-12 04:10:04 Launched 0 tasks this run
2026-02-12 04:10:04 --- Monitor run complete ---
2026-02-12 04:20:04 --- Monitor run started ---
2026-02-12 04:20:05 Active sessions:  / 15
2026-02-12 04:20:06 Available slots: 15
2026-02-12 04:20:06 No more pending tasks
2026-02-12 04:20:06 Launched 0 tasks this run
2026-02-12 04:20:06 --- Monitor run complete ---
2026-02-12 04:30:04 --- Monitor run started ---
2026-02-12 04:30:04 Active sessions:  / 15
2026-02-12 04:30:05 Available slots: 15
2026-02-12 04:30:05 No more pending tasks
2026-02-12 04:30:05 Launched 0 tasks this run
2026-02-12 04:30:05 --- Monitor run complete ---
2026-02-12 04:40:03 --- Monitor run started ---
2026-02-12 04:40:03 Active sessions:  / 15
2026-02-12 04:40:04 Available slots: 15
2026-02-12 04:40:04 No more pending tasks
2026-02-12 04:40:04 Launched 0 tasks this run
2026-02-12 04:40:04 --- Monitor run complete ---
2026-02-12 04:50:03 --- Monitor run started ---
2026-02-12 04:50:04 Active sessions:  / 15
2026-02-12 04:50:04 Available slots: 15
2026-02-12 04:50:04 No more pending tasks
2026-02-12 04:50:04 Launched 0 tasks this run
2026-02-12 04:50:04 --- Monitor run complete ---
2026-02-12 05:00:04 --- Monitor run started ---
2026-02-12 05:00:05 Active sessions:  / 15
2026-02-12 05:00:05 Available slots: 15
2026-02-12 05:00:05 No more pending tasks
2026-02-12 05:00:05 Launched 0 tasks this run
2026-02-12 05:00:05 --- Monitor run complete ---
2026-02-12 05:10:03 --- Monitor run started ---
2026-02-12 05:10:04 Active sessions:  / 15
2026-02-12 05:10:04 Available slots: 15
2026-02-12 05:10:04 No more pending tasks
2026-02-12 05:10:04 Launched 0 tasks this run
2026-02-12 05:10:04 --- Monitor run complete ---
2026-02-12 05:20:03 --- Monitor run started ---
2026-02-12 05:20:04 Active sessions:  / 15
2026-02-12 05:20:05 Available slots: 15
2026-02-12 05:20:05 No more pending tasks
2026-02-12 05:20:05 Launched 0 tasks this run
2026-02-12 05:20:05 --- Monitor run complete ---
2026-02-12 05:30:03 --- Monitor run started ---
2026-02-12 05:30:04 Active sessions:  / 15
2026-02-12 05:30:04 Available slots: 15
2026-02-12 05:30:04 No more pending tasks
2026-02-12 05:30:04 Launched 0 tasks this run
2026-02-12 05:30:04 --- Monitor run complete ---
2026-02-12 05:40:03 --- Monitor run started ---
2026-02-12 05:40:04 Active sessions:  / 15
2026-02-12 05:40:05 Available slots: 15
2026-02-12 05:40:05 No more pending tasks
2026-02-12 05:40:05 Launched 0 tasks this run
2026-02-12 05:40:05 --- Monitor run complete ---
2026-02-12 05:50:04 --- Monitor run started ---
2026-02-12 05:50:04 Active sessions:  / 15
2026-02-12 05:50:05 Available slots: 15
2026-02-12 05:50:05 No more pending tasks
2026-02-12 05:50:05 Launched 0 tasks this run
2026-02-12 05:50:05 --- Monitor run complete ---
2026-02-12 06:00:03 --- Monitor run started ---
2026-02-12 06:00:04 Active sessions:  / 15
2026-02-12 06:00:04 Available slots: 15
2026-02-12 06:00:04 No more pending tasks
2026-02-12 06:00:04 Launched 0 tasks this run
2026-02-12 06:00:04 --- Monitor run complete ---
2026-02-12 06:10:04 --- Monitor run started ---
2026-02-12 06:10:04 Active sessions:  / 15
2026-02-12 06:10:05 Available slots: 15
2026-02-12 06:10:05 No more pending tasks
2026-02-12 06:10:05 Launched 0 tasks this run
2026-02-12 06:10:05 --- Monitor run complete ---
2026-02-12 06:20:05 --- Monitor run started ---
2026-02-12 06:20:05 Active sessions:  / 15
2026-02-12 06:20:06 Available slots: 15
2026-02-12 06:20:06 No more pending tasks
2026-02-12 06:20:06 Launched 0 tasks this run
2026-02-12 06:20:06 --- Monitor run complete ---
2026-02-12 06:30:03 --- Monitor run started ---
2026-02-12 06:30:04 Active sessions:  / 15
2026-02-12 06:30:05 Available slots: 15
2026-02-12 06:30:05 No more pending tasks
2026-02-12 06:30:05 Launched 0 tasks this run
2026-02-12 06:30:05 --- Monitor run complete ---
2026-02-12 06:40:03 --- Monitor run started ---
2026-02-12 06:40:03 Active sessions:  / 15
2026-02-12 06:40:04 Available slots: 15
2026-02-12 06:40:04 No more pending tasks
2026-02-12 06:40:04 Launched 0 tasks this run
2026-02-12 06:40:04 --- Monitor run complete ---
2026-02-12 06:50:03 --- Monitor run started ---
2026-02-12 06:50:04 Active sessions:  / 15
2026-02-12 06:50:05 Available slots: 15
2026-02-12 06:50:05 No more pending tasks
2026-02-12 06:50:05 Launched 0 tasks this run
2026-02-12 06:50:05 --- Monitor run complete ---
2026-02-12 07:00:03 --- Monitor run started ---
2026-02-12 07:00:03 Active sessions:  / 15
2026-02-12 07:00:04 Available slots: 15
2026-02-12 07:00:04 No more pending tasks
2026-02-12 07:00:04 Launched 0 tasks this run
2026-02-12 07:00:04 --- Monitor run complete ---
2026-02-12 07:10:04 --- Monitor run started ---
2026-02-12 07:10:05 Active sessions:  / 15
2026-02-12 07:10:05 Available slots: 15
2026-02-12 07:10:05 No more pending tasks
2026-02-12 07:10:05 Launched 0 tasks this run
2026-02-12 07:10:05 --- Monitor run complete ---
2026-02-12 07:20:04 --- Monitor run started ---
2026-02-12 07:20:05 Active sessions:  / 15
2026-02-12 07:20:05 Available slots: 15
2026-02-12 07:20:05 No more pending tasks
2026-02-12 07:20:05 Launched 0 tasks this run
2026-02-12 07:20:05 --- Monitor run complete ---
2026-02-12 07:30:03 --- Monitor run started ---
2026-02-12 07:30:04 Active sessions:  / 15
2026-02-12 07:30:04 Available slots: 15
2026-02-12 07:30:04 No more pending tasks
2026-02-12 07:30:04 Launched 0 tasks this run
2026-02-12 07:30:04 --- Monitor run complete ---
2026-02-12 07:40:03 --- Monitor run started ---
2026-02-12 07:40:04 Active sessions:  / 15
2026-02-12 07:40:04 Available slots: 15
2026-02-12 07:40:04 No more pending tasks
2026-02-12 07:40:04 Launched 0 tasks this run
2026-02-12 07:40:04 --- Monitor run complete ---
2026-02-12 07:50:04 --- Monitor run started ---
2026-02-12 07:50:04 Active sessions:  / 15
2026-02-12 07:50:05 Available slots: 15
2026-02-12 07:50:05 No more pending tasks
2026-02-12 07:50:05 Launched 0 tasks this run
2026-02-12 07:50:05 --- Monitor run complete ---
2026-02-12 08:01:42 --- Monitor run started ---
2026-02-12 08:01:43 Active sessions:  / 15
2026-02-12 08:01:43 Available slots: 15
2026-02-12 08:01:43 No more pending tasks
2026-02-12 08:01:43 Launched 0 tasks this run
2026-02-12 08:01:43 --- Monitor run complete ---
2026-02-12 08:10:03 --- Monitor run started ---
2026-02-12 08:10:04 Active sessions:  / 15
2026-02-12 08:10:04 Available slots: 15
2026-02-12 08:10:04 No more pending tasks
2026-02-12 08:10:04 Launched 0 tasks this run
2026-02-12 08:10:04 --- Monitor run complete ---
2026-02-12 08:20:04 --- Monitor run started ---
2026-02-12 08:20:05 Active sessions:  / 15
2026-02-12 08:20:05 Available slots: 15
2026-02-12 08:20:05 No more pending tasks
2026-02-12 08:20:05 Launched 0 tasks this run
2026-02-12 08:20:05 --- Monitor run complete ---
2026-02-12 08:30:03 --- Monitor run started ---
2026-02-12 08:30:04 Active sessions:  / 15
2026-02-12 08:30:05 Available slots: 15
2026-02-12 08:30:05 No more pending tasks
2026-02-12 08:30:05 Launched 0 tasks this run
2026-02-12 08:30:05 --- Monitor run complete ---
2026-02-12 08:40:04 --- Monitor run started ---
2026-02-12 08:40:05 Active sessions:  / 15
2026-02-12 08:40:05 Available slots: 15
2026-02-12 08:40:05 No more pending tasks
2026-02-12 08:40:05 Launched 0 tasks this run
2026-02-12 08:40:05 --- Monitor run complete ---
2026-02-12 08:50:04 --- Monitor run started ---
2026-02-12 08:50:04 Active sessions:  / 15
2026-02-12 08:50:05 Available slots: 15
2026-02-12 08:50:05 No more pending tasks
2026-02-12 08:50:05 Launched 0 tasks this run
2026-02-12 08:50:05 --- Monitor run complete ---
2026-02-12 09:00:03 --- Monitor run started ---
2026-02-12 09:00:04 Active sessions:  / 15
2026-02-12 09:00:04 Available slots: 15
2026-02-12 09:00:04 No more pending tasks
2026-02-12 09:00:04 Launched 0 tasks this run
2026-02-12 09:00:04 --- Monitor run complete ---
2026-02-12 09:10:04 --- Monitor run started ---
2026-02-12 09:10:04 Active sessions:  / 15
2026-02-12 09:10:05 Available slots: 15
2026-02-12 09:10:05 No more pending tasks
2026-02-12 09:10:05 Launched 0 tasks this run
2026-02-12 09:10:05 --- Monitor run complete ---
2026-02-12 09:20:03 --- Monitor run started ---
2026-02-12 09:20:03 Active sessions:  / 15
2026-02-12 09:20:04 Available slots: 15
2026-02-12 09:20:04 No more pending tasks
2026-02-12 09:20:04 Launched 0 tasks this run
2026-02-12 09:20:04 --- Monitor run complete ---
2026-02-12 09:30:03 --- Monitor run started ---
2026-02-12 09:30:04 Active sessions:  / 15
2026-02-12 09:30:04 Available slots: 15
2026-02-12 09:30:04 No more pending tasks
2026-02-12 09:30:04 Launched 0 tasks this run
2026-02-12 09:30:04 --- Monitor run complete ---
2026-02-12 09:40:03 --- Monitor run started ---
2026-02-12 09:40:03 Active sessions:  / 15
2026-02-12 09:40:04 Available slots: 15
2026-02-12 09:40:04 No more pending tasks
2026-02-12 09:40:04 Launched 0 tasks this run
2026-02-12 09:40:04 --- Monitor run complete ---
2026-02-12 09:50:04 --- Monitor run started ---
2026-02-12 09:50:04 Active sessions:  / 15
2026-02-12 09:50:05 Available slots: 15
2026-02-12 09:50:05 No more pending tasks
2026-02-12 09:50:05 Launched 0 tasks this run
2026-02-12 09:50:05 --- Monitor run complete ---
2026-02-12 10:00:03 --- Monitor run started ---
2026-02-12 10:00:04 Active sessions:  / 15
2026-02-12 10:00:04 Available slots: 15
2026-02-12 10:00:04 No more pending tasks
2026-02-12 10:00:04 Launched 0 tasks this run
2026-02-12 10:00:04 --- Monitor run complete ---
2026-02-12 10:10:04 --- Monitor run started ---
2026-02-12 10:10:04 Active sessions:  / 15
2026-02-12 10:10:05 Available slots: 15
2026-02-12 10:10:05 No more pending tasks
2026-02-12 10:10:05 Launched 0 tasks this run
2026-02-12 10:10:05 --- Monitor run complete ---
2026-02-12 10:20:04 --- Monitor run started ---
2026-02-12 10:20:04 Active sessions:  / 15
2026-02-12 10:20:05 Available slots: 15
2026-02-12 10:20:05 No more pending tasks
2026-02-12 10:20:05 Launched 0 tasks this run
2026-02-12 10:20:05 --- Monitor run complete ---
2026-02-12 10:30:03 --- Monitor run started ---
2026-02-12 10:30:04 Active sessions:  / 15
2026-02-12 10:30:04 Available slots: 15
2026-02-12 10:30:04 No more pending tasks
2026-02-12 10:30:04 Launched 0 tasks this run
2026-02-12 10:30:04 --- Monitor run complete ---
2026-02-12 10:40:04 --- Monitor run started ---
2026-02-12 10:40:04 Active sessions:  / 15
2026-02-12 10:40:05 Available slots: 15
2026-02-12 10:40:05 No more pending tasks
2026-02-12 10:40:05 Launched 0 tasks this run
2026-02-12 10:40:05 --- Monitor run complete ---
2026-02-12 10:50:04 --- Monitor run started ---
2026-02-12 10:50:04 Active sessions:  / 15
2026-02-12 10:50:05 Available slots: 15
2026-02-12 10:50:05 No more pending tasks
2026-02-12 10:50:05 Launched 0 tasks this run
2026-02-12 10:50:05 --- Monitor run complete ---
2026-02-12 11:00:04 --- Monitor run started ---
2026-02-12 11:00:04 Active sessions:  / 15
2026-02-12 11:00:05 Available slots: 15
2026-02-12 11:00:05 No more pending tasks
2026-02-12 11:00:05 Launched 0 tasks this run
2026-02-12 11:00:05 --- Monitor run complete ---
2026-02-12 11:10:03 --- Monitor run started ---
2026-02-12 11:10:04 Active sessions:  / 15
2026-02-12 11:10:05 Available slots: 15
2026-02-12 11:10:05 No more pending tasks
2026-02-12 11:10:05 Launched 0 tasks this run
2026-02-12 11:10:05 --- Monitor run complete ---
2026-02-12 11:20:05 --- Monitor run started ---
2026-02-12 11:20:06 Active sessions:  / 15
2026-02-12 11:20:08 Available slots: 15
2026-02-12 11:20:08 No more pending tasks
2026-02-12 11:20:08 Launched 0 tasks this run
2026-02-12 11:20:08 --- Monitor run complete ---
2026-02-12 11:30:03 --- Monitor run started ---
2026-02-12 11:30:04 Active sessions:  / 15
2026-02-12 11:30:04 Available slots: 15
2026-02-12 11:30:04 No more pending tasks
2026-02-12 11:30:04 Launched 0 tasks this run
2026-02-12 11:30:04 --- Monitor run complete ---
