slug,name,type,location,region,website,price_from,adventure_features,booking_url,airbnb_url,google_rating,lat,lon,facilities,dog_allowed,open_season,near_spots,description,adventure_friendly,best_for,proximity
anglesey-outdoor-centre,Anglesey Outdoor Centre,Hostel/Activity Centre,Holyhead,Anglesey,https://independenthostels.co.uk/members/angleseyoutdoorcentre/,16-45,"Bar/bistro, drying room, gear store, yurts available",N/A,N/A,4.5/5,,,,,,,"Anglesey Outdoors is an ideal base for everyone - groups, individuals or families to explore and enjoy the outdoor playground and mild climate of Anglesey. Just a mile from Porthdafarch Beach.","Gear store, drying room","Groups, Families, Water sports",1 mile from Porthdafarch Beach
cemaes-bay-caravan-park,Cemaes Bay Caravan Park,Campsite/Caravans,Cemaes Bay,Anglesey,https://www.cemaesbay.co.uk,20-60,"Beach access, family facilities",N/A,N/A,4.0/5,53.412,-4.450,toilets|showers,Yes,Apr-Oct,Cemaes Bay|Coastal Path,"This no-frills campsite on Anglesey is a perfect basecamp for watersports enthusiasts. Ditch the fancy hotels and pitch your tent steps from the action, with easy access to some of the best coastal adventures North Wales has to offer. Expect a relaxed atmosphere focused on getting out and exploring.","On-site facilities cater to the active lifestyle with ample space for storing kitesurfing gear, windsurfing boards, and kayaks. Rinse-off area available for cleaning wetsuits and sandy gear. Basic facilities - showers and toilets - are provided, allowing you to focus on your adventure, not your accommodation. Secure parking for vehicles and trailers.","Kitesurfers, windsurfers, kayakers, and coasteering enthusiasts looking for a budget-friendly, no-fuss basecamp.",Located within walking distance of several popular kitesurfing and windsurfing beaches. Coasteering launch points are a short drive away. Central location on Anglesey provides easy access to various coastal locations for sailing and wing foiling. All activities are within a 5-15 minute drive.
church-bay-cottages,Church Bay Cottages,Self-catering,Church Bay,Anglesey,https://www.churchbay.co.uk,80-150,"Coastal location, near beach, self-catering",N/A,https://www.airbnb.co.uk,4.5/5,,,,,,,"This self-catering accommodation on Anglesey is a no-frills basecamp perfect for independent adventurers. Expect a laid-back atmosphere focused on functionality, not luxury, ideal for unwinding after a day of watersports or coastal exploration. It's a great spot to cook up a hearty meal and plan your next adventure.","Designed with watersports enthusiasts in mind, there's ample space for storing kites, boards, and wetsuits. A dedicated drying area ensures your gear is ready for the next day's activities. Self-catering allows flexibility for early starts and late finishes, and there's parking for vehicles with roof racks.","Kitesurfers, windsurfers, coasteerers, and kayakers looking for a practical and affordable base.","Located a stone's throw from numerous beaches renowned for sea kayaking, coasteering, kitesurfing, windsurfing, and wing foiling. Sailing opportunities are also readily available within a short drive. You're never more than a few minutes away from your next adventure."
driftwood-guest-house,Driftwood Guest House,B&B,Rhosneigr,Anglesey,https://www.driftwoodrhosneigr.co.uk,80-150,"Boutique, sea views, near beach, gourmet breakfast",https://www.booking.com,https://www.airbnb.co.uk,5.0/5,,,,,,,"This Anglesey B&B offers a comfortable and quiet base for exploring the island's wild coastline. Expect a relaxed, friendly atmosphere, perfect for unwinding after a day of watersports or coastal hikes. It's ideal for adventurers who prefer a good night's sleep to a late-night party.","We offer secure storage for kitesurfing gear, kayaks, and bikes. There's a dedicated drying area for wetsuits and outdoor clothing. Early breakfasts and packed lunches are available upon request to fuel your adventures.","Windsurfers, kitesurfers, kayakers, coasteerers, and hikers looking for a peaceful and convenient base.","Located a short drive from multiple launch points for sea kayaking, kitesurfing, and windsurfing. Coasteering locations are also easily accessible. Numerous coastal trails are within a 10-15 minute drive."
morawelon-house,Morawelon House,Self-catering,Rhosneigr,Anglesey,https://anglesey-holiday-lettings.com,150-300,"Spacious, family-friendly, near beach",N/A,https://www.airbnb.co.uk,4.5/5,,,,,,,"This self-catering accommodation on Anglesey offers a relaxed and independent base for exploring the island's rugged coastline. It's ideal for those who prefer the freedom of cooking their own meals and setting their own schedule, away from the crowds. Expect a quiet and comfortable atmosphere, perfect for recharging after a day of watersports or coastal hikes.","Self-catering means you can prep early breakfasts and pack lunches. There's secure storage for kitesurfing gear, bikes, and kayaks, plus a drying area for wetsuits and damp clothing. Flexible check-in arrangements accommodate late arrivals after long travel days.","Independent travelers, watersports enthusiasts, small groups seeking a low-key base.","Located a short drive from several popular beaches known for sea kayaking, kitesurfing, windsurfing and wing foiling. Coasteering locations are within easy reach. Sailing opportunities are also available nearby. Trailheads for coastal walks are easily accessible."
newborough-forest-campsite,Newborough Forest Campsite,Campsite,Newborough,Anglesey,https://www.forestholidays.co.uk,20-50,"Forest setting, beach access, nature trails",N/A,N/A,4.5/5,53.136,-4.410,toilets|showers,Yes,Apr-Oct,Llanddwyn Island|Newborough Beach,"This Anglesey campsite offers a no-frills basecamp for exploring the island's wild coastline. Ditch the crowded hotels and wake up ready to hit the waves or trails, surrounded by nature. Expect a laid-back, independent vibe perfect for self-sufficient adventurers.","Designated kit washing area and communal drying lines are available. Ample space for storing kayaks, boards, and bikes next to your pitch. Flexible check-in allows you to arrive late after a long day on the water.","Kitesurfers, windsurfers, coasteerers, and kayakers seeking an affordable and convenient base for watersports adventures.",Located a stone's throw from prime kitesurfing and windsurfing beaches. Coasteering routes are within a 10-minute drive. Several sailing schools and sea kayaking launch points are within easy reach. Expect travel by car to be essential.
plas-menai,Plas Menai,Activity Centre,Caernarfon,Anglesey,https://www.plasmenai.co.uk,60-120,National Watersports Centre accommodation,N/A,N/A,4.5/5,,,,,,,Accommodation at the National Watersports Centre. Wake up right next to the Menai Strait ready for action.,"Watersports access, drying room, equipment hire.","Watersports enthusiasts, groups",On the Menai Strait.
plas-menai-accommodation,Plas Menai Accommodation,Activity Centre,Caernarfon,Anglesey,https://www.plasmenai.co.uk,60-120,"Watersports packages, equipment, restaurant",N/A,N/A,4.5/5,,,,,,,Anglesey Activity Centre is a no-frills basecamp for exploring the island's wild coastline. Forget fancy – this place is all about easy access to adrenaline-pumping activities and a community of like-minded adventurers. It's a great spot to crash after a day of battling the waves or scaling cliffs.,"This place is geared for action: secure gear storage for boards and kayaks, a drying room for wet gear, and the option for packed lunches so you can maximize your time on the water or rocks. Early breakfast is available to fuel your adventures.","Budget-conscious watersports enthusiasts and coasteering fanatics. Perfect for solo travelers or small groups focused on activities, not luxury.","Located in the heart of Anglesey's adventure scene, you're minutes away from prime sea kayaking, coasteering, kitesurfing, windsurfing, wing foiling, and sailing spots. All activities listed are within a 10-minute drive."
rhosneigr-bunkhouse,Rhosneigr Bunkhouse,Bunkhouse,Rhosneigr,Anglesey,https://independenthostels.co.uk,25-40,"Community-run, 5 min to beach, village events",N/A,N/A,4.5/5,,,,,,,"This Anglesey bunkhouse is a no-frills basecamp perfect for watersports enthusiasts. It offers a relaxed and communal atmosphere, ideal for swapping stories after a day battling the waves. Forget fancy, this place is all about location and practicality for your next adventure.","We've got you covered with secure storage for kitesurfing gear, boards, and kayaks, plus a drying room for wet suits and gear. Early risers can grab a basic breakfast to fuel up before hitting the water. Bike storage available.","Kitesurfers, windsurfers, coasteerers, kayakers, and anyone looking for an affordable and practical base for exploring Anglesey's coastline.","Located right on the Anglesey coast, you're minutes away from prime spots for sea kayaking, kitesurfing, windsurfing, wing foiling, coasteering and sailing. Multiple launch points are within a 5-10 minute drive, offering access to various conditions and skill levels."
sea-breeze-apartment,Sea Breeze Apartment,Self-catering,Rhosneigr,Anglesey,https://anglesey-holiday-lettings.com,100-200,"Sea views, beach access, modern",N/A,https://www.airbnb.co.uk,4.5/5,,,,,,,"This self-catering accommodation on Anglesey is your no-frills basecamp for exploring the island's wild coastline. Expect a relaxed, independent vibe - perfect for those who prefer to cook their own meals and unwind after a day of adrenaline-fueled activities rather than socialize.","Self-catering allows for early breakfasts before dawn patrols. There's ample space for storing kitesurfing gear, kayaks, and other equipment. A dedicated drying area ensures wetsuits and other gear are ready for the next day's adventure. Flexible check-in/out helps for maximizing time on the water or cliffs.","Independent adventure travelers, watersports enthusiasts, small groups looking for a practical base for activities.","Located close to multiple spots for sea kayaking, coasteering, kitesurfing, windsurfing, wing foiling and sailing. Many launch points are within a 5-15 minute drive. The Anglesey Coastal Path is easily accessible for hiking and trail running."
surf-s-edge-apartment,Surf's Edge Apartment,Self-catering,Rhosneigr,Anglesey,https://anglesey-holiday-lettings.com,100-200,"Dog-friendly, sea views, near beach",N/A,https://www.airbnb.co.uk,4.5/5,,,,,,,"This self-catering accommodation on Anglesey is your no-frills basecamp for exploring the island's wild coastline. Trade fancy lobbies for the freedom to prep your own meals, dry your gear after a day on the water, and crash hard before your next adventure. Expect a quiet, independent vibe perfect for those prioritizing action over amenities.","Self-catering gives you control over your schedule and food, essential for early starts. There's ample space for storing kitesurfing gear, kayaks, or bikes. A dedicated drying area ensures your wetsuits and waterproofs are ready for the next day's challenge. Flexible check-in/out can be arranged to suit tides and weather windows.","Kitesurfers, windsurfers, kayakers, coasteerers, and anyone seeking an independent adventure on the Anglesey coast.","Located close to numerous beaches renowned for kitesurfing, windsurfing, wing foiling, and sailing. Coasteering locations are easily accessible within a short drive or cycle. Sea kayaking launch points are also nearby, offering opportunities to explore the coastline from a different perspective."
trearddur-bay-hotel,Trearddur Bay Hotel,Hotel,Trearddur Bay,Anglesey,https://www.trearddurbayhotel.co.uk,100-200,"Sea views, spa, restaurant, beach access",https://www.booking.com,N/A,4.5/5,,,,,,,"This no-frills hotel on Anglesey is a solid basecamp for exploring the island's rugged coastline. It's a comfortable and low-key spot, prioritizing practicality over luxury, ideal for those spending their days on the water or trails and looking for a reliable place to crash. Expect a relaxed atmosphere focused on outdoor pursuits, not late-night partying.","The hotel provides secure storage for bikes and watersports equipment, as well as a dedicated drying room for wet gear. They offer an early breakfast option and can prepare packed lunches upon request, ensuring you're fueled for your adventures.","Watersports enthusiasts (kitesurfers, windsurfers, kayakers), coastal hikers, and those seeking a practical base for exploring Anglesey's outdoor activities.","Located within easy reach of several beaches popular for kitesurfing, windsurfing, and wing foiling. Multiple coasteering locations are also nearby. Expect a short drive (5-15 minutes) to the best spots. The hotel can advise on local operators and access points."
brecon-bunkhouse,Brecon Bunkhouse,Bunkhouse,Talgarth,Brecon Beacons,https://independenthostels.co.uk/members/breconbunkhouse/,Exclusive use,"Wood burner, drying room, bike/canoe storage",N/A,N/A,4.5/5,,,,,,,"Brecon Bunkhouse is a spacious, comfortable, bunkhouse in the Brecon Beacons. Situated in a small valley in the Black Mountains, with mountain walks from the door.","Bike/canoe storage, drying room","Groups, Hikers","In Black Mountains, near Talgarth"
clyngwyn-bunkhouse,Clyngwyn Bunkhouse,Bunkhouse,Pontneddfechan,Brecon Beacons,https://independenthostels.co.uk/members/clyngwynbunkhousebbandhut/,Exclusive use,"Near waterfalls, cafe on site, fire pit",N/A,N/A,4.5/5,,,,,,,"Clyngwyn Farm Bunkhouse and Cafe is nestled in the Brecon Beacons, in the heart of waterfall country. The terrain is ideal for mountain biking, gorge walking, and canyoning.","Near waterfalls, outdoor activities","Gorge walkers, Canyoning",Heart of waterfall country
cosy-under-canvas,Cosy Under Canvas,Glamping,Newchurch,Brecon Beacons,https://www.cosyundercanvas.co.uk,90-160,"Geodesic domes, woodland, eco-friendly",N/A,N/A,4.8/5,,,,,,,Eco-friendly glamping domes in a woodland setting near the Brecon Beacons. Stylish and sustainable with wood-fired hot tubs.,"Wood-fired hot tubs, communal kitchen, hammock circle.","Couples, families, eco-conscious",Near Hay-on-Wye and Black Mountains.
craig-y-nos-castle,Craig y Nos Castle,Hotel,Ystradgynlais,Brecon Beacons,https://www.craigynoscastle.co.uk,80-150,"Historic castle, theatre, caving nearby",https://www.booking.com,N/A,4.0/5,,,,,,,"This Brecon Beacons hotel offers a comfortable and convenient base for exploring the surrounding adventure hotspots. Expect a relaxed and welcoming atmosphere, perfect for unwinding after a day of challenging activities. It's a practical choice for those seeking easy access to the area's diverse outdoor pursuits without sacrificing comfort.","The hotel features a dedicated drying room for wet gear, secure bike storage, and offers early breakfast options to fuel your adventures. Packed lunches are also available upon request, ensuring you're prepared for a full day on the trails or in the caves.","Outdoor enthusiasts, climbers, mountain bikers, and cavers seeking a comfortable and well-equipped basecamp in the Brecon Beacons.","Located within easy reach of popular canyoning, caving, and gorge walking sites. Rock climbing crags and mountain biking trails are a short drive away, and paddle boarding on nearby reservoirs is also easily accessible."
grawen-camping,Grawen Camping,Campsite,Merthyr Tydfil,Brecon Beacons,https://www.grawen.co.uk,15-30,"10 min from BikePark Wales, hot showers, electric hook-ups",N/A,N/A,4.0/5,51.780,-3.400,toilets|showers,Yes,Apr-Oct,BikePark Wales|Pen y Fan,"This no-frills campsite in the heart of the Brecon Beacons is a launchpad for serious outdoor adventures. Expect a quiet, back-to-basics atmosphere focused on getting you prepped and rested for your next day of exploring. It's a place to pitch your tent, swap stories around the campfire, and wake up ready to tackle the Welsh wilderness.","Basic amenities include space for gear storage near your pitch, and a communal wash area. There are no drying facilities, so come prepared with your own solutions, but ample space to spread out your kit between adventures. Expect flexible check-in times to accommodate late arrivals after a long day on the trails.","Budget-conscious adventurers, climbers, mountain bikers, and anyone looking for a simple basecamp for exploring the Brecon Beacons.","Located within a short drive of numerous canyoning, caving, gorge walking, and climbing locations. Prime mountain biking trails are easily accessible directly from the campsite. Paddle boarding opportunities are also within a reasonable driving distance at local reservoirs and rivers."
llangorse-multi-activity-centre,Llangorse Multi Activity Centre,Camping Pods,Llangorse,Brecon Beacons,https://www.llangorse.com,40-80,"Camping pods, indoor climbing, horse riding",N/A,N/A,4.5/5,,,,,,,"Camping pods located at Wales' premier multi-activity centre. A perfect simple base for climbing, riding, and exploring the Brecon Beacons.","On-site activities, drying room, bike wash.","Climbers, families, groups, schools","On-site climbing and riding, near Llangorse Lake."
llanthony-priory-hotel,Llanthony Priory Hotel,Hotel,Llanthony,Brecon Beacons,https://www.llanthonypriory.co.uk,80-150,"Historic setting, pub, walking access",https://www.booking.com,N/A,4.5/5,,,,,,,"This no-frills hotel in the heart of the Brecon Beacons is a practical basecamp for exploring the surrounding wilderness. It's a comfortable and relaxed spot, perfect for those who prioritize easy access to outdoor adventures over luxury amenities. Expect a quiet atmosphere, ideal for early nights before big days out.","The hotel offers a secure bike storage area, a drying room for wet gear, and can arrange early breakfast options. Packed lunches are available on request to fuel your adventures.","Budget-conscious adventurers, climbers, hikers, and mountain bikers looking for a functional and well-located base.","Located within a short drive of popular canyoning, caving, gorge walking, and rock climbing spots. Numerous mountain biking trails are accessible directly from the hotel. Paddle boarding on nearby reservoirs is within a 30-minute drive."
penstar-bunkhouse,Penstar Bunkhouse,Bunkhouse,Libanus,Brecon Beacons,https://independenthostels.co.uk,25-40,"20 beds, disabled access, on working farm, Taff Trail",N/A,N/A,4.5/5,,,,,,,"This no-frills bunkhouse in the heart of the Brecon Beacons is all about location and practicality, perfect as a launchpad for exploring the rugged terrain. Expect a laid-back atmosphere where you can swap stories with fellow adventurers after a day of pushing your limits. It's a place to rest your head, dry your gear, and fuel up for the next challenge.","We've got you covered with secure bike storage, a dedicated drying room for wet gear, and a self-catering kitchen to prepare your own meals. Early risers can grab a simple breakfast before heading out, and packed lunches can be arranged. Plenty of parking available.","Budget-conscious climbers, cavers, mountain bikers, and anyone looking for a basecamp to explore the Brecon Beacons without fuss.","You're within easy reach of top canyoning, caving, and gorge walking spots. Some of the best climbing crags and mountain biking trails are a short drive away. Paddle boarding on local rivers and lakes is also easily accessible. Trailheads are within a 15-30 minute drive."
premier-inn-merthyr-tydfil,Premier Inn Merthyr Tydfil,Hotel,Merthyr Tydfil,Brecon Beacons,https://www.premierinn.com,50-90,"Near BikePark Wales, bike-friendly (take to room)",https://www.booking.com,N/A,4.0/5,,,,,,,"This no-frills hotel in the heart of the Brecon Beacons is a solid basecamp for exploring the area's wilder side. It offers a practical and unfussy environment focused on getting you out on the trails and into the gorges, and is best suited to those looking for a quiet place to rest after a long day.",On-site gear storage is available for bikes and climbing equipment. There is a drying room for wet gear. Early breakfast and packed lunches are available upon request to fuel your adventures.,"Serious outdoor enthusiasts, climbers, mountain bikers, and anyone prioritizing functionality over luxury.","Located within a short drive of numerous canyoning, caving, gorge walking, and climbing locations. Mountain biking trails are accessible directly from the hotel. Paddle boarding on nearby reservoirs is within a 30-minute drive."
the-lodge-staylittle,The Lodge (Staylittle),Bunkhouse,Staylittle,Brecon Beacons,https://independenthostels.co.uk,25-45,"35-40 beds, bike workshop, Dark Sky location, dog-friendly",N/A,N/A,4.5/5,,,,,,,"This bunkhouse is a no-frills, budget-friendly basecamp perfect for exploring the Brecon Beacons. It's all about location and practicality, providing a launching pad for your daily adventures and a comfortable place to crash afterwards. Expect a quiet, functional atmosphere geared towards early starts and maximizing time outdoors.","We've got you covered with secure bike storage, a drying room for wet gear, and flexible self-catering options. Early risers will appreciate the communal kitchen facilities available for preparing breakfast before dawn. There's also plenty of space for storing climbing ropes, caving gear, and muddy boots.","Budget-conscious adventurers, climbers, cavers, mountain bikers, and anyone prioritizing location and practicality over luxury.","Located in the heart of the Brecon Beacons, you're within easy reach of numerous canyoning, caving, gorge walking, and climbing spots. Trailheads for mountain biking are just a short ride away, and the nearest SUP launch point is approximately 30 minutes."
the-laundry-brecon,The laundry @ Brecon,Unique Stay,Brecon,Brecon Beacons,https://www.thelaundrybrecon.co.uk,100-180,Converted luxury barn/cottages,N/A,N/A,5.0/5,,,,,,,Stylish self-catering accommodation in a converted laundry. High-end finish with practical features for active guests.,"Bike storage, drying room, boot room.","Couples, cyclists, hikers",Near Brecon Beacons trails.
twin-trails-bandb,Twin Trails B&B,B&B,Merthyr Tydfil,Brecon Beacons,https://www.twintrails.co.uk,35-60,"Rider-focused, bike storage, cleaning, laundry, 2 min from BPW",N/A,N/A,5.0/5,,,,,,,"This Brecon Beacons B&B offers a comfortable and relaxed basecamp for exploring the surrounding natural playground. Expect a quiet, restorative atmosphere after a long day of adventuring, with friendly hosts who understand your needs.","We offer secure bike storage, a dedicated drying room for wet gear, and can arrange early breakfasts or packed lunches to fuel your adventures. There's also plenty of space for storing climbing gear or caving equipment.","Climbers, mountain bikers, cavers, and anyone looking for a comfortable and quiet place to recharge between adventures.","Located within easy reach of popular canyoning, caving, and gorge walking spots. Prime climbing locations and mountain biking trails are also a short drive away. Paddle boarding on local lakes is readily accessible."
waterfall-country-campsite,Waterfall Country Campsite,Campsite,Ystradfellte,Brecon Beacons,https://www.waterfallcountry.co.uk,15-25,"Near waterfalls, basic facilities, walking access",N/A,N/A,4.0/5,51.758,-3.550,toilets|showers,Yes,Apr-Oct,Four Falls Trail|Waterfall Country,"This Brecon Beacons campsite is a no-frills basecamp for exploring the surrounding mountains and valleys. Expect a quiet, back-to-nature vibe focused on getting you rested and ready for your next adventure. It's perfect for self-sufficient adventurers who prioritize location and practicality over luxury.","The campsite offers basic facilities including space for gear storage near your pitch and access to drying lines. While there isn't a dedicated drying room, the open fields provide ample space to air out wet gear. You'll also find basic washing facilities for cleaning muddy boots and equipment.","Budget-conscious climbers, hikers, mountain bikers, and cavers seeking a simple and affordable base for exploring the Brecon Beacons.","Located in the heart of the Brecon Beacons, you're within easy reach of numerous trailheads and activity locations. Canyoning, caving, gorge walking, and climbing spots are all within a 15-30 minute drive. Mountain biking trails are accessible directly from the campsite, and paddle boarding on local rivers is a short drive away."
yha-brecon-beacons,YHA Brecon Beacons,Hostel,Libanus,Brecon Beacons,https://www.yha.org.uk,25-70,"Drying room, self-catering, near Pen y Fan",https://www.booking.com,N/A,4.5/5,,,,,,,"This Brecon Beacons hostel is a no-frills basecamp for exploring the national park. Expect a laid-back atmosphere perfect for swapping stories after a day of pushing your limits, and a focus on function over fancy. It's a place to crash, refuel, and gear up for your next adventure.","We've got you covered with secure bike storage, a dedicated drying room for wet gear, and early breakfast options available. Packed lunches can be arranged on request, and there's plenty of space to sort and store your equipment.","Budget-conscious adventurers, solo travelers, and groups focused on outdoor activities.","Located in the heart of the Brecon Beacons, you're within easy reach of world-class canyoning, caving, and gorge walking spots. Numerous trailheads for hiking and mountain biking are a short drive away, and SUP opportunities are available at nearby lakes."
yha-llanbedr,YHA Llanbedr,Hostel,Llanbedr,Brecon Beacons,https://www.yha.org.uk,25-65,"Quiet location, walking access, self-catering",https://www.booking.com,N/A,4.5/5,,,,,,,"This Brecon Beacons hostel is a no-frills basecamp for exploring the area's wild terrain. Expect a communal atmosphere focused on outdoor pursuits, where swapping stories and planning adventures takes precedence over luxury amenities. It's ideal for budget-conscious travelers who prioritize location and practicality.","We've got you covered with secure bike storage, a dedicated drying room for wet gear, and the option to arrange early breakfasts or packed lunches for those early starts. There's also plenty of space to sort and store your climbing ropes, caving gear, or biking equipment.","Budget-conscious climbers, cavers, mountain bikers, and gorge scramblers looking for a practical and social base in the Brecon Beacons.","Located in the heart of the Brecon Beacons, you're within easy reach of numerous canyoning, caving, and gorge walking locations. Popular climbing spots are a short drive away, and mountain biking trails start practically from the doorstep. Paddle boarding on nearby reservoirs is also easily accessible."
cwtsh-hostel,Cwtsh Hostel,Hostel,Swansea,Gower,https://www.cwtshhostel.co.uk,25-50,"Award-winning, city location, near Gower",https://www.booking.com,N/A,4.5/5,,,,,,,"This Gower hostel is a no-frills basecamp perfect for exploring the rugged coastline. Expect a social atmosphere where you can swap stories with fellow adventurers after a day of surfing or climbing. It's all about location and functionality here, not luxury.","We've got you covered with secure board and bike storage, a drying room for wet gear, and a communal kitchen for fueling up. Early risers can prep breakfast before hitting the trails, and we can arrange packed lunches with advance notice.","Budget-conscious surfers, climbers, and coasteering enthusiasts looking for a social and practical base.","Located a short walk from the beach, you're within easy reach of multiple surf spots and coasteering launch points. Several climbing areas are within a 15-minute drive, and SUP boarding is available nearby."
fairyhill,Fairyhill,Hotel,Reynoldston,Gower,https://www.fairyhill.net,150-300,"Luxury, restaurant, gardens, near beaches",https://www.booking.com,N/A,5.0/5,,,,,,,"This Gower hotel is a comfortable basecamp for exploring the rugged coastline. It's a practical spot to recharge after a day of surfing, climbing, or coasteering, offering a balance of comfort and convenience without the party scene. Ideal for those who prioritize a good night's sleep and early starts.","The hotel features a secure storage area for surfboards, bikes, and climbing gear, as well as a drying room for wet suits and outerwear. They offer an early breakfast option and packed lunches upon request, so you can hit the trails or the waves without delay. Ample parking is available.","Surfers, climbers, hikers, and coasteering enthusiasts seeking a comfortable and well-equipped base for exploring the Gower Peninsula.","Located within easy reach of multiple coasteering and surfing locations (5-15 minute drive). Several popular climbing spots are also nearby (10-20 minute drive), and it's a short drive to trailheads for exploring the Gower's coastal paths."
gower-cottage,Gower Cottage,Self-catering,Various,Gower,https://www.gowercottage.co.uk,100-250,"Various properties, self-catering, coastal",N/A,https://www.airbnb.co.uk,4.5/5,,,,,,,"This self-catering cottage in the Gower offers a relaxed and independent base for exploring the rugged coastline. Perfect for small groups or families, it provides a comfortable space to unwind after a day of adrenaline-fueled activities, with the freedom to set your own schedule.","The cottage includes secure surfboard/bike storage, a dedicated drying area for wet gear, and flexible self-catering options for early starts and late returns. Ample parking is available, and self check-in simplifies arrival.","Surfers, climbers, and coasteering enthusiasts looking for a quiet and practical base.","Located within easy reach of multiple coasteering, surfing, and climbing spots along the Gower coast. Expect drives of 5-15 minutes to reach popular beaches and crags. SUP boarding is also easily accessible at nearby bays."
hardingsdown-bunkhouse,Hardingsdown Bunkhouse,Bunkhouse,"Llangennith, Gower",Gower,https://independenthostels.co.uk/members/hardingsdownbunkhouse/,Sole use,"Drying room, lock-up for bikes/boards, garden",N/A,N/A,4.5/5,,,,,,,Hardingsdown Bunkhouse and The Chaffhouse provide comfortable accommodation for families or groups in tastefully restored stone barns on an organic farm on the Gower Peninsula.,"Lock-up for bikes/boards, drying room","Groups, Surfers",Llangennith beach nearby
llangennith-campsite,Llangennith Campsite,Campsite,Llangennith,Gower,https://www.llangennithcampsite.co.uk,15-30,"Beachfront, surfing access, pub nearby",N/A,N/A,4.0/5,,,,,,,"This no-frills campsite in the heart of the Gower Peninsula is a perfect basecamp for exploring the rugged coastline and catching some waves. Forget manicured lawns, this is all about easy access to adventure and a relaxed, outdoorsy vibe.","On-site gear storage is available for boards and climbing equipment. There are basic washing facilities for wetsuits and sandy gear. While there's no drying room, clotheslines are provided, and the coastal breeze does the rest. Early risers can grab a coffee and basic breakfast from the small on-site shop.","Budget-conscious surfers, climbers, and coasteering enthusiasts who prioritize location and functionality over luxury.","Multiple coasteering locations are within a 10-minute drive, and several surf breaks are even closer. World-class rock climbing spots are also a short drive away, as is access to SUP boarding locations. The Gower Coast Path is easily accessible from the campsite."
oxwich-bay-hotel,Oxwich Bay Hotel,Hotel,Oxwich,Gower,https://www.oxwichbayhotel.co.uk,100-200,"Beachfront, restaurant, watersports nearby",https://www.booking.com,N/A,4.5/5,,,,,,,"This Gower hotel offers a comfortable and convenient basecamp for exploring the Welsh coast. It's a low-key spot, ideal for adventurers who prefer a relaxed atmosphere after a day of adrenaline-fueled activities, rather than a party scene. Here, you can recharge and prepare for your next adventure.","The hotel provides secure surfboard and bike storage, a drying room for wet gear after coasteering or surfing, and offers an early breakfast option to fuel your morning adventures. Packed lunches are also available to grab and go before hitting the trails or waves.","Surfers, climbers, coasteerers, and SUP boarders looking for a comfortable and practical base for exploring the Gower Peninsula.","Located within easy reach of several coasteering locations, surf breaks, and climbing spots. You'll find multiple opportunities for surfing, coasteering and SUP boarding within a 15-minute drive. Popular climbing areas are also easily accessible from the hotel."
pitton-cross-campsite,Pitton Cross Campsite,Campsite,Rhosili,Gower,https://www.pittoncross.co.uk,15-30,"Near Rhossili, coastal views, basic facilities",N/A,N/A,4.0/5,51.565,-4.250,toilets|showers|shop,Yes,Apr-Oct,Rhossili Bay|Mewslade Bay,"This no-frills campsite in the heart of the Gower Peninsula is a launchpad for your coastal adventures. Forget fancy amenities, this is about pitching your tent and maximizing your time surfing, climbing, and exploring the rugged coastline. Expect a relaxed atmosphere and camaraderie with fellow outdoor enthusiasts.","Basic amenities include toilet and shower facilities, and a communal area to swap stories. Plenty of space for storing surfboards, climbing gear, and wet suits. Early risers can arrange a simple pre-dawn breakfast if pre-booked.","Budget-conscious surfers, climbers, and coasteering enthusiasts looking for a basecamp close to the action.","Located within walking distance of multiple surf breaks and coasteering launch points. World-class rock climbing at Three Cliffs Bay is a short drive away (approx. 15 minutes). Several SUP boarding spots are also close by, offering variety for watersports lovers."
port-eynon-beach-campsite,Port Eynon Beach Campsite,Campsite,Port Eynon,Gower,https://www.porteynoncampsite.co.uk,15-30,"Beachfront, basic facilities, coastal path",N/A,N/A,4.0/5,51.546,-4.215,toilets|showers|pub,Yes,Apr-Oct,Port Eynon|Culver Hole,"This no-frills campsite is all about location, location, location. Forget fancy amenities, pitch your tent and get ready to explore the Gower Peninsula's rugged coastline and legendary surf. It's a perfect basecamp for those who prioritize being close to the action and trading comfort for adventure.","Basic facilities include toilets and showers. There's ample space for storing surfboards and other gear, and the relaxed atmosphere means you won't feel out of place dripping wet after a day in the sea. Fire pits are available for evening campfires (check local restrictions).","Surfers, climbers, coasteerers, and budget-conscious adventurers who value proximity to activities above all else.","Located a stone's throw from multiple surfing beaches (5-10 minute drive), coasteering hotspots, and rock climbing areas. The Gower's coastal path is easily accessible from the campsite, offering stunning hiking opportunities."
rhosili-bunkhouse,Rhosili Bunkhouse,Bunkhouse,Rhosili,Gower,https://independenthostels.co.uk,25-45,"Community-run, 5 min to Rhossili Bay, village events",N/A,N/A,4.5/5,,,,,,,"This bunkhouse in the Gower is a no-frills basecamp for exploring the rugged coastline. Expect a laid-back atmosphere where you can swap stories with fellow adventurers after a day of pushing your limits. It's all about location and practicality here, not luxury.","We've got you covered with secure surfboard and bike storage, a drying room for wet gear, and space to clean muddy boots. Early risers can grab a basic breakfast before heading out, and we can arrange packed lunches to fuel your adventures.","Budget-conscious surfers, climbers, and coasteerers looking for a functional and social base.","You're spoiled for choice here. Some of the best coasteering spots on the Gower are within a 10-minute drive, and you can walk to several popular surf breaks in under 15 minutes. World-class climbing is also easily accessible within a short drive."
st-madoc-centre,St Madoc Centre,Group Accommodation,"Llanmadoc, Gower",Gower,https://independenthostels.co.uk/members/stmadoccentre/,From 23,"76 acres, sports hall, drying room, campfire sites",N/A,N/A,4.0/5,,,,,,,"St Madoc Centre is situated on the beautiful Gower Peninsular. It sits on the edge of the picturesque village of Llanmadoc in 76 acres of meadows, woodland, headland and coastline.","Drying room, large grounds","Large groups, Schools",On Gower coastline
the-king-arthur-hotel,The King Arthur Hotel,Hotel,Reynoldston,Gower,https://www.kingarthurhotel.co.uk,100-200,"Country hotel, restaurant, near beaches",https://www.booking.com,N/A,4.5/5,,,,,,,"This Gower hotel offers a comfortable basecamp for exploring the peninsula's rugged coastline. It's a no-frills, practical spot focused on getting you fueled up and ready for a day of adventure, then providing a warm shower and a place to crash afterwards. Expect a laid-back atmosphere, ideal for winding down after tackling the waves or cliffs.","We offer secure surfboard and bike storage, a drying room for wet gear, and early breakfast options (including packed lunches upon request) to get you out the door before dawn. Onsite parking takes the hassle out of logistics.","Surfers, climbers, and coasteering enthusiasts looking for a reliable and practical basecamp.","Located within easy reach of multiple coasteering spots, surf beaches, and climbing areas. You're a 5-minute drive to the nearest surf break, and a 10-minute drive to popular coasteering launch points and climbing crags."
three-cliffs-bay-campsite,Three Cliffs Bay Campsite,Campsite,Three Cliffs,Gower,https://www.threecliffsbay.com,20-40,"Scenic location, near beach, glamping options",N/A,N/A,4.5/5,51.576,-4.116,toilets|showers|shop,Yes,Apr-Oct,Three Cliffs Bay|Tor Bay,"This campsite offers a no-frills basecamp for exploring the Gower Peninsula. Ditch the crowded hostels and immerse yourself in nature, waking up ready for a day of adrenaline-fueled activities. It's perfect for independent travelers seeking a quiet escape after a day of adventure.","On-site gear storage is available for surfboards and climbing equipment. There are communal washing facilities to rinse off wetsuits and muddy gear. While there's no dedicated drying room, clotheslines are provided, and campfires are permitted (within designated areas) to help dry gear. Basic cooking facilities are available for preparing your own meals.","Surfers, climbers, coasteerers, and budget-conscious adventurers looking for a simple and independent basecamp.","Located within a short drive or bike ride to multiple coasteering locations, surf breaks, and rock climbing spots. The nearest beach is a 10-minute walk. Several trailheads for coastal hikes are within a 5-minute drive."
aberdaron-yha,Aberdaron YHA,Hostel,Aberdaron,Llŷn Peninsula,https://www.yha.org.uk,25-60,"End of peninsula, near Bardsey, self-catering",https://www.booking.com,N/A,4.5/5,,,,,,,"This Llŷn Peninsula hostel is a no-frills basecamp for exploring the rugged coastline and catching some waves. Expect a social atmosphere with fellow travelers swapping stories after a day of adventure, but not a late-night party scene. It's all about getting up early and hitting the water or trails.","We've got you covered with secure surfboard and wetsuit storage, plus a drying room to get your gear ready for the next day. Early risers can grab a quick breakfast, and we can arrange packed lunches if you're heading out for a full day of activities. Bike storage is also available.","Surfers, kayakers, coasteerers, and anyone looking for an affordable and social base to explore the Llŷn Peninsula's outdoor activities.","Located steps from the beach, you're within easy walking distance of surfing, sea kayaking, and SUP launch points. Coasteering locations are a short drive away. Sailing, jet skiing, and powerboat tours are available at the nearby marina."
abersoch-yha,Abersoch YHA,Hostel,Abersoch,Llŷn Peninsula,https://www.yha.org.uk,25-80,"Near beach, sailing, self-catering",https://www.booking.com,N/A,4.5/5,,,,,,,"This no-frills hostel is a launchpad for exploring the wild Llŷn Peninsula. Expect a laid-back atmosphere, perfect for swapping stories with fellow adventurers after a day of exploring the coast. It's a budget-friendly base for those prioritizing action over luxury.","We've got secure surfboard/kayak storage, a drying room for wet gear, and a communal kitchen for prepping your own meals. We can also arrange early breakfasts and packed lunches with advance notice.","Surfers, kayakers, coasteerers, and anyone on a budget looking to maximize their time on the water.","Located right in the heart of [Name of Town/Village], you're within walking distance of several surf breaks and the harbor, where you can find sea kayaking and coasteering tours. Numerous coastal paths are easily accessible for hiking and exploring."
away-from-it-all,Away From It All,Glamping,Pwllheli,Llŷn Peninsula,https://www.away-from-it-all.co.uk,90-150,"Geodesic domes, farm setting, mountain views",N/A,N/A,4.8/5,,,,,,,Luxury glamping domes on a working farm on the Llŷn Peninsula. Enjoy panoramic views of the mountains and coast.,"Hot tubs, dark skies, space for gear.","Couples, families, peace seekers",Near Llŷn Peninsula beaches and Snowdonia.
criccieth-yha,Criccieth YHA,Hostel,Criccieth,Llŷn Peninsula,https://www.yha.org.uk,25-65,"Castle views, coastal location, self-catering",https://www.booking.com,N/A,4.5/5,,,,,,,"This no-frills hostel is a launching pad for exploring the rugged Llŷn Peninsula. Ditch the fancy hotels and dive straight into adventure with other like-minded travelers. Expect a relaxed atmosphere focused on shared experiences and outdoor pursuits, not late-night parties.","We've got you covered with secure board and bike storage, a drying room for wet gear after a day on the water, and flexible breakfast options to fuel your early starts. Packed lunches are available on request to keep you going on the trails.","Surfers, kayakers, coasteerers, and anyone looking for an affordable base to explore the Llŷn Peninsula without the distractions of a party hostel.",Located a stone's throw from several surf breaks and within easy reach of kayaking and coasteering hotspots. You're looking at a 5-10 minute drive to most water-based activity centers and trailheads along the coast.
llanbedrog-beach-huts,Llanbedrog Beach Huts,Glamping,Llanbedrog,Llŷn Peninsula,https://www.nationaltrust.org.uk,60-120,"Beach huts, art trail, National Trust",N/A,N/A,4.5/5,52.860,-4.480,toilets|cafe,Yes,Apr-Oct,Llanbedrog Beach|Art Trail,"These glamping pods on the Llŷn Peninsula offer a comfortable basecamp for exploring the Welsh coast. Forget cramped tents; these pods provide a warm, dry space to recover after a day of adrenaline-fueled activities, without sacrificing connection to the outdoors. Expect a relaxed, quiet vibe, perfect for unwinding and prepping for the next adventure.","Each pod has dedicated outdoor gear storage for surfboards, kayaks, or climbing equipment. There's also a communal drying area for wet suits and hiking gear. Early breakfast options and packed lunches are available upon request to fuel your adventures.","Surfers, kayakers, climbers, and anyone seeking a comfortable, low-key base for exploring the Llŷn Peninsula's outdoor activities. Ideal for those who prefer a quiet retreat over a party atmosphere.","Located a short drive from numerous surf breaks, coasteering spots, and sea kayaking launch points. Multiple beaches are within a 10-minute drive. The Llŷn Coastal Path is easily accessible for hiking and trail running."
nefyn-golf-club-accommodation,Nefyn Golf Club Accommodation,Hotel,Nefyn,Llŷn Peninsula,https://www.nefyn-golf-club.co.uk,80-150,"Golf course, coastal views, beach access",https://www.booking.com,N/A,4.5/5,,,,,,,"This no-frills hotel on the Llŷn Peninsula is a solid basecamp for exploring the Welsh coast. It's a practical choice for adventurers who prioritize location and functionality over luxury, offering a comfortable place to crash after a day of watersports.","The hotel offers secure board and wetsuit storage, plus a basic drying area for gear. Early breakfast options are available upon request to fuel your dawn patrol missions.","Surfers, kayakers, and watersports enthusiasts looking for an affordable and convenient base.","Located within walking distance of several surf breaks and launching points for sea kayaking and SUP. Coasteering locations are a short drive away, as are departure points for boat tours and jet ski adventures."
pwllheli-marina-apartments,Pwllheli Marina Apartments,Self-catering,Pwllheli,Llŷn Peninsula,https://www.pwllhelimarina.co.uk,80-150,"Marina location, sailing access, modern",N/A,https://www.airbnb.co.uk,4.5/5,,,,,,,"This self-catering accommodation on the Llŷn Peninsula is your no-frills basecamp for exploring the Welsh coast. Ditch the crowded hotels and enjoy the independence to fuel up early, dry your gear, and crash hard after a day of adrenaline-fueled activities. Expect a quiet and practical atmosphere focused on outdoor pursuits, not a party scene.","Self-catering gives you flexibility for early starts and meal prep. There's ample space for storing boards, kayaks, and wetsuits, and a dedicated drying area means no more soggy gear in the morning. Flexible check-in arrangements cater to those arriving late after a long day on the water.","Surfers, kayakers, coasteerers, and anyone looking for an independent, activity-focused base for exploring the Llŷn Peninsula.","Located a stone's throw from numerous beaches renowned for surfing and watersports. Sea kayaking and coasteering launch points are within easy reach. Sailing, jet skiing, and powerboat tours are also available nearby. Everything is within a 5-10 minute drive."
the-vaynol,The Vaynol,Hotel,Abersoch,Llŷn Peninsula,https://www.thevaynol.co.uk,100-200,"Village location, near beach, restaurant",https://www.booking.com,N/A,4.5/5,,,,,,,"This no-frills hotel on the Llŷn Peninsula serves as a solid basecamp for exploring the rugged coastline. Expect a relaxed, unfussy atmosphere geared towards those spending their days in the sea rather than in the hotel room. It's a place to crash after a day of paddling or surfing, not a spa retreat.","They offer secure board storage, a wetsuit drying area, and can arrange early breakfasts with packed lunches upon request, making those early morning surf checks hassle-free. There's also ample parking for vehicles laden with gear.","Surfers, kayakers, and watersports enthusiasts looking for a practical and affordable base.","Located within walking distance of several surf breaks and launching points for sea kayaking and SUP. Coasteering locations are a short drive away, as are harbors offering sailing and powerboat tours."
ty-coch-inn,Ty Coch Inn,Unique Stay,Morfa Nefyn,Llŷn Peninsula,https://www.tycoch.co.uk,80-150,Pub with rooms on the beach,N/A,N/A,4.5/5,,,,,,,"Iconic pub located directly on the beach at Porthdinllaen. Access by foot or golf course only, adding to the seclusion.","Beachfront, pub atmosphere, car-free access.","Beach lovers, walkers, pub enthusiasts","On the beach, near Nefyn."
ty-coch-inn-morfa-nefyn,Ty Coch Inn (Morfa Nefyn),Pub/B&B,Morfa Nefyn,Llŷn Peninsula,https://www.tycoch.co.uk,80-150,"Beachfront pub, accommodation, iconic location",N/A,N/A,4.5/5,,,,,,,"This traditional pub and B&B offers a comfortable basecamp for exploring the waters and coast of the Llŷn Peninsula. Expect a relaxed, friendly atmosphere, hearty meals, and a welcome pint after a day of adventure. It's a great spot to swap stories with other travelers and locals alike.","We offer secure storage for boards and kayaks, and a drying room to get your gear sorted for the next day. Early breakfast is available on request to fuel your adventures, and we can prepare packed lunches to take with you. Parking is free and plentiful.","Surfers, kayakers, coasteerers, and anyone looking for a relaxed, no-frills base to explore the peninsula. Solo travelers and small groups will find it easy to socialize and share experiences.","Located right in the heart of the Llŷn Peninsula, you're minutes from multiple surf spots. Sea kayaking and coasteering launch points are within a 10-15 minute drive. Several companies offering SUP, sailing, jet ski rentals, and powerboat tours operate nearby."
west-wales-windsurf,West Wales Windsurf,Campsite,Abersoch,Llŷn Peninsula,https://www.westwaleswindsurf.co.uk,15-30,"Watersports focus, beach access",N/A,N/A,4.0/5,52.824,-4.500,toilets|showers,Yes,Apr-Oct,Abersoch|Hell's Mouth,This no-frills campsite on the Llŷn Peninsula is all about maximizing your time in the water. Ditch the fancy hotel and pitch your tent steps from some of Wales' best watersports. Expect a laid-back vibe where wetsuits and sandy feet are the norm.,"Basic but functional, offering ample space for boards, kayaks, and other gear. You'll find communal washing facilities for post-surf cleanup and plenty of space to dry your kit. Early risers will appreciate being able to make their own breakfast and pack lunches for a full day of adventure.","Surfers, kayakers, coasteerers, and anyone prioritizing easy access to watersports over luxury amenities. Groups looking for a budget-friendly basecamp will also find this a great option.","You're spoiled for choice here! Multiple surfing beaches are within walking or short driving distance. Sea kayaking and coasteering launch points are also readily accessible, with local operators offering guided tours and equipment rentals nearby. Sailing, jet skiing and powerboat tours also available locally."
whistling-sands-campsite,Whistling Sands Campsite,Campsite,Porthor,Llŷn Peninsula,https://www.nationaltrust.org.uk,15-30,"National Trust, beach access, cafe",N/A,N/A,4.5/5,52.835,-4.720,toilets,Yes,Apr-Oct,Whistling Sands|Aberdaron,"Pitch your tent on the stunning Llŷn Peninsula, a no-frills campsite that's all about location, location, location. Trade fancy amenities for direct access to some of Wales' best coastal adventures and a laid-back atmosphere perfect for swapping stories around the campfire. This is a basecamp for getting salty and sandy, not a spa retreat.","Basic but practical: think space for stashing boards and paddles near your tent, plus communal fire pits for drying gear and warming up after a day in the water. No dedicated drying room, so bring your own line!","Surfers, kayakers, coasteerers, and anyone who prefers sleeping under the stars after a day of adrenaline-fueled activities. Budget-conscious travelers who prioritize proximity to the action over luxury.","You're a stone's throw from multiple surf breaks (beaches listed as 'Surfing'), and within easy reach of launching points for sea kayaking, coasteering, and SUP adventures. Several operators offer jet ski and powerboat tours nearby, all within a 15-minute drive."
aberystwyth-yha,Aberystwyth YHA,Hostel,Aberystwyth,Mid Wales,https://www.yha.org.uk,25-65,"Town location, near coast, self-catering",https://www.booking.com,N/A,4.5/5,,,,,,,"This Mid Wales hostel is a no-frills basecamp for exploring the Cambrian Mountains and Cardigan Bay. Expect a relaxed, community vibe, perfect for swapping stories after a day of shredding trails or catching waves. It's a place to crash hard, fuel up, and get ready for the next adventure.","We've got you covered with secure bike storage, a drying room for wet gear, and the option for early breakfasts and packed lunches. There's plenty of space to tinker with your equipment and prep for your next outing.","Budget-conscious mountain bikers, trail runners, and watersports enthusiasts looking for a social atmosphere.","Located a short drive from world-class mountain biking trails and trail running routes. Bike hire is available nearby. Cardigan Bay, with its surfing, paddle boarding, and kayaking opportunities, is within easy reach."
borth-yha,Borth YHA,Hostel,Borth,Mid Wales,https://www.yha.org.uk,25-60,"Seafront, near AberAdventures, self-catering",https://www.booking.com,N/A,4.0/5,,,,,,,"This Mid Wales hostel is a launchpad for outdoor adventures, offering a laid-back and social atmosphere where you can swap stories with fellow travelers. It's a practical base for exploring the mountains and coast, without breaking the bank. Expect a focus on functionality and community, not frills.","Benefit from secure bike storage, a drying room for wet gear after a day on the trails or in the sea, and the option to arrange packed lunches for your expeditions. Early breakfast can be arranged to fuel those early starts. There is also plenty of space for gear storage.","Budget-conscious mountain bikers, trail runners, surfers, and watersports enthusiasts looking for a social atmosphere.","Located within easy reach of world-class mountain biking trails and trail running routes (distances vary, ask at reception for local favourites). Bike hire is available nearby. The coast, offering surfing, paddle boarding, and kayaking, is a short drive away."
celtic-woodland-holidays,Celtic Woodland Holidays,Glamping,Builth Wells,Mid Wales,https://www.celticwoodlandholidays.co.uk,80-150,"Pods, treehouses, woodland setting",N/A,N/A,4.5/5,,,,,,,Peaceful woodland glamping in the Wye Valley. Choose from pods or treehouses nestled in the trees.,"Woodland walks, bike storage, fire pits.","Couples, nature lovers, families",Near Wye Valley activities and Royal Welsh Showground.
corris-hostel,Corris Hostel,Hostel,Corris,Mid Wales,https://independenthostels.co.uk,20-35,"Near Mach Trails MTB, self-catering",N/A,N/A,4.0/5,,,,,,,"This Mid Wales hostel is a no-frills basecamp perfect for exploring the surrounding mountains and coastline. Expect a relaxed and social atmosphere, ideal for swapping stories with fellow adventurers after a long day outdoors. It's all about location and practicality here, not luxury.","We've got you covered with secure bike storage, a drying room for wet gear, and early breakfast options to fuel your adventures. Packed lunches are also available on request. There's plenty of space to clean and maintain your kit.","Budget-conscious mountain bikers, trail runners, and watersports enthusiasts who prioritize location and functionality over luxury.","Located within easy reach of numerous mountain biking trails and trail running routes (within 15 minutes). Bike hire is available nearby. The coast, offering surfing, paddle boarding, and kayaking opportunities, is approximately a 30-minute drive."
dolgellau-yha,Dolgellau YHA,Hostel,Dolgellau,Mid Wales,https://www.yha.org.uk,25-65,"Near Coed y Brenin, self-catering, bike storage",https://www.booking.com,N/A,4.5/5,,,,,,,"This Mid Wales hostel is a solid basecamp for exploring the Cambrian Mountains and the coast. Expect a laid-back atmosphere focused on shared experiences, swapping stories of the day's adventures, and planning the next one. It's a practical and affordable option for travelers who prioritize access to the outdoors over luxury.","We've got you covered with secure bike storage, a drying room for wet gear after a day on the trails or in the water, and the option for early breakfasts or packed lunches to fuel your adventures. There's also plenty of space for storing bulky gear.","Budget-conscious adventurers, mountain bikers, trail runners, watersports enthusiasts","Prime location for mountain biking and trail running, with direct access to trails. Bike hire is available nearby. Within a 30-minute drive you can find surfing, paddle boarding (SUP), and kayaking spots along the coast."
elan-valley-hotel,Elan Valley Hotel,Hotel,Elan Valley,Mid Wales,https://www.elanvalleyhotel.co.uk,80-150,"Near reservoirs, walking, cycling, Dark Sky",https://www.booking.com,N/A,4.5/5,,,,,,,"This Mid Wales hotel offers a comfortable and practical basecamp for exploring the rugged landscapes. Forget fancy frills; this is a spot to fuel up, dry out your gear, and crash after a day of pushing your limits. Expect a relaxed and unfussy atmosphere, ideal for those prioritizing adventure over luxury.","Benefit from secure bike storage, a dedicated drying room for wet gear, and the option to arrange early breakfasts or packed lunches to fuel your expeditions. On-site parking makes coming and going with your gear a breeze.","Mountain bikers, trail runners, and watersports enthusiasts looking for a no-nonsense base for exploring Mid Wales.","Located close to several mountain biking trailheads (distances vary, inquire upon booking). Bike hire is available nearby. For watersports, the coast offering surfing, paddle boarding, and kayaking opportunities is a short drive away."
fforest-farm,Fforest Farm,Glamping,Cardigan,Mid Wales,https://www.coldatnight.co.uk,110-250,"Safari tents, domes, pods, river swimming, onsite pub",N/A,N/A,4.5/5,,,,,,,"Fforest Farm is the ultimate glamping experience for adventure travelers. Located near the Teifi Marshes and the coast, it offers a range of unique accommodation from geodesic domes to bell tents. It's a place to reconnect with nature without sacrificing comfort.","On-site outdoor activities, river access for swimming/canoeing, bike storage.","Families, couples, groups, nature lovers",Close to Cardigan Bay coast path and kayaking spots.
hafren-forest-hideaway,Hafren Forest Hideaway,Hostel,Staylittle,Mid Wales,https://independenthostels.co.uk,20-40,"Remote location, Cambrian Mountains, walking",N/A,N/A,4.5/5,,,,,,,"This Mid Wales hostel is a no-frills basecamp for exploring the region's diverse outdoor offerings. Expect a social, budget-friendly atmosphere where you can swap stories with fellow adventurers after a day on the trails or in the waves. Perfect for travelers prioritizing access to activities over luxury amenities.","We've got you covered with secure bike storage, a drying room for wet gear, and the option to arrange packed lunches for your daily adventures. Kickstart your day with an early continental breakfast, available from 6:30 am.","Budget-conscious mountain bikers, trail runners, and watersports enthusiasts who value practicality and a social atmosphere.","Located within easy reach of several mountain biking trails (less than 5km to the nearest trailhead) and local bike hire shops. The coast, offering surfing, paddleboarding, and kayaking opportunities, is approximately a 30-minute drive."
lake-vyrnwy-hotel,Lake Vyrnwy Hotel,Hotel,Lake Vyrnwy,Mid Wales,https://www.lakevyrnwy.com,100-200,"Lake views, walking, cycling, RSPB reserve",https://www.booking.com,N/A,4.5/5,,,,,,,"This no-frills hotel in Mid Wales provides a solid basecamp for exploring the region's diverse outdoor offerings. Expect a relaxed and unfussy atmosphere, perfect for refueling after a day on the trails or in the water. It's a practical choice for adventurers prioritizing location and functionality over luxury.","The hotel features secure bike storage and a drying room for wet gear. Early breakfast options are available, and packed lunches can be arranged with advance notice, catering to early starts on the trails. On-site parking simplifies logistics for guests arriving with their own vehicles.","Budget-conscious mountain bikers, trail runners, and watersports enthusiasts who need a practical and well-located base.","Located within easy reach of numerous mountain biking and trail running routes. Bike hire is available nearby. The coast, offering surfing, paddle boarding, and kayaking, is a short drive away."
living-room-treehouses,Living Room Treehouses,Treehouses,Machynlleth,Mid Wales,https://www.living-room.co,150-300,"Treehouses, remote, off-grid",N/A,N/A,5.0/5,,,,,,,Magical treehouse holidays in a hidden valley in Mid Wales. Disconnect and immerse in nature in these beautifully crafted structures.,"Remote location, wood-burners, near hiking trails.","Couples, romantic getaways, nature lovers",Near Dyfi Forest MTB trails and Cader Idris.
machynlleth-yha,Machynlleth YHA,Hostel,Machynlleth,Mid Wales,https://www.yha.org.uk,25-60,"Near Dyfi Forest MTB, eco-town, self-catering",https://www.booking.com,N/A,4.0/5,,,,,,,"This Mid Wales hostel is a no-frills basecamp for exploring the region's wilder side. Expect a relaxed, communal atmosphere, perfect for swapping stories and planning your next adventure with fellow outdoor enthusiasts. It's a launchpad for those who prioritize action over luxury.","We've got you covered with secure bike storage, a drying room for wet gear, and the option to arrange packed lunches for early starts. There's also plenty of space to clean and maintain your equipment. Early breakfast available on request.","Mountain bikers, trail runners, watersports enthusiasts, and budget-conscious adventurers.","Prime location for accessing mountain biking and trail running routes, with bike hire available nearby. Within a short drive you'll find opportunities for surfing, paddle boarding, and kayaking/SUP on the coast and rivers."
red-kite-tree-tent,Red Kite Tree Tent,Tree Tent,Newbridge-on-Wye,Mid Wales,https://www.chillderness.co.uk,120-200,"Suspended tree tent, private stream, fire pit",N/A,https://www.airbnb.co.uk,4.8/5,,,,,,,"Unique spherical tree tent suspended in the canopy. Featured on George Clarke's Amazing Spaces, this is a truly unique stay.","Private, secluded, outdoor cooking, nature immersion.","Couples, design lovers, solo retreaters",Near Elan Valley and Wye Valley Walk.
the-lodge-llandegla,The Lodge (Llandegla),Bunkhouse,Llandegla,Mid Wales,https://independenthostels.co.uk,25-45,"Near Oneplanet Adventure, bike storage, self-catering",N/A,N/A,4.5/5,,,,,,,"This no-frills bunkhouse in Mid Wales is a perfect basecamp for exploring the region's trails and coastline. Expect a laid-back, communal atmosphere focused on swapping stories after a day of adventure rather than late-night partying. It's a practical spot to recharge and prep for your next challenge.","Features include secure bike storage, a drying room for wet gear, and the option for early breakfasts and packed lunches (arrange in advance). There's also plenty of space for storing muddy boots and backpacks.","Budget-conscious mountain bikers, trail runners, and watersports enthusiasts looking for a functional and unfussy place to sleep.","Prime location for mountain biking and trail running, with direct access to several trailheads. Bike hire is available nearby. Within a 30-minute drive you'll find surfing, paddle boarding, and kayaking spots along the coast."
ty-cwch-boathouse,Ty Cwch Boathouse,Bunkhouse,"Cwmtydu, Llandysul",Mid Wales,https://independenthostels.co.uk/members/tycwch/,From 100 (sole use),"By the sea, storage for boards/boats, outdoor shower",N/A,N/A,5.0/5,,,,,,,"Contemporary, quirky, award-winning, bunkhouse just metres from the sea on the Cardigan Heritage Coast. Built from mainly recycled materials the Boathouse sleeps 12.","Storage for boards/boats, outdoor shower","Water sports, Coastal walkers",Metres from sea on Cardigan Heritage Coast
tynycornel-hotel,Tynycornel Hotel,Hotel,Tal-y-llyn,Mid Wales,https://www.tynycornel.co.uk,80-150,"Lake location, fishing, walking, near Coed y Brenin",https://www.booking.com,N/A,4.5/5,,,,,,,"This no-frills hotel in Mid Wales provides a solid basecamp for exploring the Cambrian Mountains and coastline. It's a practical and unfussy option, perfect for adventurers who prioritize location and functionality over luxury. Expect a quiet and relaxed atmosphere, ideal for recovering after a day of pushing your limits.","The hotel offers secure bike storage and a drying room for wet gear. Early breakfast is available upon request, and they can prepare packed lunches to fuel your adventures. There's also ample parking for vehicles loaded with bikes, boards, or boats.","Mountain bikers, trail runners, and watersports enthusiasts who want a convenient and affordable base for exploring Mid Wales.","Located a short drive from world-class mountain biking trails and several locations offering bike hire. The coast, offering surfing, paddle boarding, and kayaking opportunities, is also easily accessible, approximately a 30-minute drive away."
wigwam-holidays-hafren,Wigwam Holidays Hafren,Glamping,Staylittle,Mid Wales,https://www.wigwamholidays.com/hafren,70-120,"En-suite cabins, farm setting",N/A,N/A,4.6/5,,,,,,,Comfortable glamping cabins on a working farm in the Cambrian Mountains. Great access to local trails and reservoirs.,"Bike wash, drying room, fire pits.","Mountain bikers, hikers, families",Near Hafren Forest and Clywedog Reservoir.
llandudno-hostel,Llandudno Hostel,Hostel,Llandudno,North Wales,https://independenthostels.co.uk/members/llandudnohostel/,From 21,"Victorian building, near beach, bike store, drying room",N/A,N/A,4.5/5,,,,,,,"At the heart of a Victorian seaside town, the 4 star Llandudno Hostel is near to blue flag beaches, a traditional pier & lovely coastal walks.","Bike store, drying room","Beach lovers, Walkers",Near blue flag beaches
llangollen-hostel,Llangollen Hostel,Hostel,Llangollen,North Wales,https://independenthostels.co.uk/members/llangollenhostel/,From 45 (room),"Log fire, drying room, bike/canoe storage",N/A,N/A,4.5/5,,,,,,,"Llangollen Hostel, in Dee Valley is ideal for outdoor enthusiasts & families alike, with access to outdoor pursuits & many other attractions.","Bike/canoe storage, drying room","Outdoor enthusiasts, Families",In Dee Valley
apple-camping,Apple Camping,Glamping,Redberth,Pembrokeshire,https://www.applecamping.co.uk,100-250,"Yurts, domes, UFO, Jet Star plane",N/A,N/A,4.7/5,,,,,,,Quirky glamping site featuring a UFO and a Jet Star plane. A fun and unique base for Pembrokeshire adventures.,"Unique themed accommodation, communal facilities.","Families, groups, aviation enthusiasts",Near Tenby and Saundersfoot.
broadhaven-camping,Broadhaven Camping,Campsite,Broadhaven,Pembrokeshire,https://www.broadhavencamping.co.uk,15-30,"Beach access, family-friendly, near coast path",N/A,N/A,4.0/5,51.780,-5.100,toilets|showers,Yes,Apr-Oct,Broad Haven|Little Haven,"This no-frills campsite is a perfect basecamp for exploring the Pembrokeshire coast. Skip the formalities and get straight to the action, knowing your gear is secure and ready for the next day's adventure. Expect a laid-back, community vibe amongst fellow outdoor enthusiasts rather than a manicured resort.","Ample space for storing kayaks, surfboards and climbing gear. Basic but functional washing facilities for rinsing off wetsuits and muddy boots. Flexible check-in/out allows you to maximize daylight hours. Parking available on-site.","Budget-conscious adventurers, surfers, climbers, kayakers, and anyone who prioritizes location and practicality over luxury.","Within a 10-minute drive of multiple coasteering, surfing, and sea kayaking launch points. Rock climbing spots are also easily accessible. Ramsey Island boat trips for wildlife spotting are nearby, offering a different kind of adventure."
caerhafod-lodge,Caerhafod Lodge,Bunkhouse,St Davids,Pembrokeshire,https://independenthostels.co.uk/members/caerhafodlodge/,20-25,"Sea views, drying room, en-suite rooms",N/A,N/A,4.5/5,,,,,,,"Ideally situated between the famous cathedral city of St Davids and the Irish ferry port of Fishguard, the Lodge overlooks the spectacular Pembrokeshire coastline.","Drying room, near coast path","Coastal walkers, Families",Between St Davids and Fishguard
florence-springs,Florence Springs,Glamping,Tenby,Pembrokeshire,https://www.florencesprings.co.uk,100-200,"Yurts, treehouses, hobbit houses, hot tubs",N/A,N/A,4.5/5,,,,,,,"Luxury glamping village with hot tubs, just outside Tenby. Offers a variety of unique structures from hobbit houses to treehouses.","Hot tubs, fishing lake, near beaches.","Families, couples, groups",Short drive to Tenby beaches and activities.
newgale-campsite,Newgale Campsite,Campsite,Newgale,Pembrokeshire,https://www.newgalecampsite.co.uk,15-25,"Beachfront, surfing access, basic facilities",N/A,N/A,4.0/5,51.854,-5.123,toilets|showers|pub|cafe,Yes,Apr-Oct,Newgale Beach|St Davids,"Laid-back campsite in the heart of Pembrokeshire, perfect for setting up basecamp before hitting the coast. This campsite offers a tranquil escape after a day of adrenaline-fueled activities, a great alternative to busier campsites in the area.",Designated area for washing and drying wetsuits and gear. Plenty of space to store kayaks and surfboards next to your tent. Early risers welcome – make use of the communal cooking facilities to prepare your breakfast before sunrise.,"Surfers, climbers, kayakers, and anyone looking for a low-key base to explore Pembrokeshire's coastline.","Within a 10-minute drive of multiple coasteering, surfing, and sea kayaking launch points. Rock climbing spots are also easily accessible. Ramsey Island boat trips depart nearby offering incredible wildlife viewing opportunities."
preseli-venture-eco-lodge,Preseli Venture Eco Lodge,Eco Lodge,Mathry,Pembrokeshire,https://www.preseliventure.co.uk,60-120,"Eco-friendly, activity packages, home-cooked food",N/A,N/A,5.0/5,,,,,,,"This eco-lodge in Pembrokeshire offers a tranquil basecamp for exploring the rugged coastline. Ditch the crowds and recharge in nature after a day of adrenaline-fueled activities. It's a place to swap stories around the campfire, not a pumping party hostel.","We've got you covered with a dedicated drying room for wet gear, secure bike storage, and the option to arrange early breakfasts and packed lunches for those dawn patrol missions. Plenty of space for storing kayaks, climbing equipment, and surfboards.","Surfers, climbers, kayakers, and coastal explorers who appreciate sustainable travel and a peaceful atmosphere.","You're practically on the doorstep of world-class coasteering and sea kayaking spots. Coasteering Classic is a stone's throw away, and other coasteering locations are easily accessible. Expect a short drive (under 15 minutes) to prime surf breaks, climbing crags, and launch points for Sea Kayaking Safari. Ramsey Island boat trips are also close by for wildlife enthusiasts."
roch-castle,Roch Castle,Unique Stay,Roch,Pembrokeshire,https://www.rochcastle.com,200-400,12th-century castle hotel,https://www.booking.com,N/A,4.8/5,,,,,,,Luxury accommodation in a restored Norman castle. Panoramic views over Pembrokeshire from the battlements.,"Panoramic views, luxury amenities, historic.","Couples, luxury travelers",Near St Davids and coast.
sealyham-activity-centre,Sealyham Activity Centre,Activity Centre,Sealyham,Pembrokeshire,https://www.sealyham.com,60-100,"Residential activities, full board, groups",N/A,N/A,4.5/5,,,,,,,"Pembrokeshire Activity Centre is a no-frills basecamp for exploring the rugged coastline. Forget fancy, this place is about getting you geared up and out the door for your next adrenaline fix. Expect a communal atmosphere where swapping stories from the day's adventures is the evening's entertainment.","On-site gear storage for kayaks, boards, and climbing equipment. Drying room for wet gear after a day in the surf. Early breakfast available, and packed lunches can be arranged to fuel your expeditions. Ample parking for vehicles with roof racks and trailers.","Budget-conscious adventure travelers, groups, and solo explorers focused on maximizing their time in the outdoors.",Located within walking distance of several coasteering launch points and surf breaks. Sea kayaking tours depart directly from the nearby harbor. A short drive will get you to popular climbing areas and boat trips to Ramsey Island.
st-davids-yha,St Davids YHA,Hostel,St Davids,Pembrokeshire,https://www.yha.org.uk,25-70,"Self-catering, near coast path, bike storage",https://www.booking.com,N/A,4.5/5,,,,,,,"This Pembrokeshire hostel is a no-frills basecamp for exploring the rugged coastline. It's a social hub geared towards outdoor enthusiasts looking to swap stories and plan their next adventure, not a place for quiet relaxation. Budget-friendly and perfectly located to maximize your time in the wild.","We've got you covered with a dedicated drying room for wet gear, secure bike storage, and the option to arrange packed lunches for those early starts. There's also plenty of space to store climbing equipment, surfboards, or kayaking gear.","Surfers, kayakers, climbers, and anyone on a budget who wants to meet fellow adventurers and spend their days exploring the Pembrokeshire coast.",You're within walking distance of several coasteering and surfing locations. Sea kayaking outfitters are just a short drive away. Ramsey Island boat trips leave from a nearby harbor. Excellent rock climbing spots are also easily accessible.
stackpole-centre-national-trust,Stackpole Centre (National Trust),Cottages/Camping,Stackpole,Pembrokeshire,https://www.nationaltrust.org.uk,80-200,"National Trust property, near Barafundle Bay",N/A,N/A,4.5/5,51.624,-4.901,toilets|showers|drying-room,Yes,Apr-Oct,Barafundle Bay|Stackpole Quay,"Laid-back cottages and camping in the heart of Pembrokeshire, perfect for those who want a comfortable basecamp without sacrificing access to the coast. Expect a chilled-out atmosphere where you can swap stories with fellow adventurers around a campfire after a day of exploring.","Onsite drying room for wet gear, secure storage for bikes and kayaks, and the option to arrange packed lunches for your daily adventures. Ample parking available.","Surfers, kayakers, climbers, and anyone looking for a relaxed base for exploring the Pembrokeshire coast.","Located within a 10-minute drive of multiple coasteering and sea kayaking launch points, as well as popular surf beaches. Rock climbing spots are also easily accessible. Ramsey Island boat trips depart from nearby St Davids."
tyf-cliff-top-campsite,TYF Cliff-top Campsite,Campsite,Porthclais,Pembrokeshire,https://www.tyf.com,15-30,"Cliff-top views, near St Davids, TYF activity discounts",N/A,N/A,4.5/5,51.870,-5.280,toilets|showers,Yes,Apr-Oct,St Davids|Porthclais,"Pitch your tent at this no-frills campsite, a perfect basecamp for exploring Pembrokeshire's wild coastline. Embrace the simplicity and trade stories around the campfire after a day of adrenaline-pumping activities. Expect a relaxed atmosphere focused on outdoor pursuits, not manicured lawns.","Designated area for wetsuit and gear drying. Ample space for storing kayaks, surfboards, and climbing equipment near your pitch. Early risers can grab basic breakfast supplies from the on-site shop before heading out.","Budget-conscious adventurers, surfers, climbers, and kayakers who prioritize location and practicality over luxury. Solo travelers and small groups looking for a communal, outdoorsy vibe will feel at home.",Walking distance to several coasteering and surfing launch points. Short drive to rock climbing areas and sea kayaking spots. Ramsey Island boat trips depart from a nearby harbour.
the-grove-hotel,The Grove Hotel,Hotel,Narberth,Pembrokeshire,https://www.grove-narberth.co.uk,150-300,"Luxury, restaurant, spa, near coast",https://www.booking.com,N/A,5.0/5,,,,,,,"This Pembrokeshire hotel offers a comfortable basecamp for exploring the rugged coastline. Expect a relaxed and quiet atmosphere, perfect for unwinding after a day of adrenaline-fueled activities. It's a solid choice for travelers who prioritize convenience and a good night's sleep over a party scene.","The hotel offers secure storage for bikes and surfboards. They provide early breakfast options and packed lunches are available upon request, fueling you up for early starts. There's also a dedicated drying room for wet gear after coasteering or surfing.",Serious adventurers and outdoor enthusiasts looking for a comfortable and practical base.,"Located a short drive from several coasteering and sea kayaking launch points, and surf beaches. The hotel is also conveniently situated for accessing boat trips to Ramsey Island for wildlife viewing. Rock climbing locations are within a 30-minute drive."
top-of-the-woods,Top of the Woods,Glamping,Boncath,Pembrokeshire,https://www.topofthewoods.co.uk,90-160,"Safari lodges, pioneer camps, meadow camping",N/A,N/A,4.8/5,,,,,,,Eco-luxury glamping and camping in Pembrokeshire National Park. Spacious sites with a focus on nature connection.,"Nature connection, dark skies, campfire cooking.","Families, nature lovers, groups",Near Cenarth Falls and Cardigan.
tregwynt-hotel,Tregwynt Hotel,Hotel,Fishguard,Pembrokeshire,https://www.tregwynt.co.uk,100-200,"Coastal location, restaurant, near Strumble Head",https://www.booking.com,N/A,4.5/5,,,,,,,"This Pembrokeshire hotel offers a comfortable basecamp for exploring the rugged coastline. Expect a relaxed, unfussy atmosphere where you can swap stories with fellow adventurers after a day of climbing, kayaking, or surfing. It's a practical, no-frills option that prioritizes location and convenience for outdoor pursuits.","The hotel provides secure storage for bikes and surfboards, as well as a drying room for wet gear. Early breakfast options are available upon request to fuel your early morning adventures.","Surfers, kayakers, climbers, and hikers seeking a comfortable and convenient basecamp in Pembrokeshire.","Located close to several coasteering, surfing, and sea kayaking hotspots, the hotel is within easy reach of the Pembrokeshire Coast Path. Expect to find Coasteering Classic, Sea Kayaking Safari, and Surfing Lessons within a 5-10 minute drive. Ramsey Island boat trips are also nearby, offering wildlife viewing opportunities."
under-the-thatch,Under the Thatch,Agency,Various,Pembrokeshire,https://www.underthethatch.co.uk,85-200,"Unique historic buildings, yurts, cabins",N/A,N/A,4.8/5,,,,,,,"Under the Thatch offers a curated collection of unique stays across Wales, from restored historic cottages to luxury yurts. Perfect for those seeking character and a connection to Welsh heritage.","Remote locations, unique features, often near hiking trails.","Couples, history buffs, design lovers","Locations vary, many near coast and national parks."
whitesands-bay-caravan-park,Whitesands Bay Caravan Park,Campsite/Caravans,Whitesands,Pembrokeshire,https://www.whitesandsbay.co.uk,20-80,"Beachfront, surfing beach, family facilities",N/A,N/A,4.0/5,51.895,-5.295,toilets|showers|cafe,Yes,Apr-Oct,Whitesands Bay|St Davids Head,"Laid-back campsite and caravan park in the heart of Pembrokeshire's adventure playground. Expect stunning coastal views, easy access to the best activities, and a relaxed atmosphere perfect for unwinding after a day of pushing your limits. Ideal for independent travelers who value flexibility and proximity to the action.","Designated kit-drying area for wetsuits and outdoor gear. Secure storage available for bikes and surfboards. Early risers can grab a simple breakfast at the on-site cafe, or pre-order a packed lunch for your day's adventures.","Surfers, climbers, kayakers, and anyone keen to explore the Pembrokeshire coast on a budget. Perfect for those who prefer a DIY approach to adventure.","Walking distance to several coasteering and surfing spots. A short drive to prime sea kayaking launch points and rock climbing crags. Ramsey Island boat trips depart from nearby St Davids, roughly a 15-minute drive away."
arete-outdoor-centre,Arete Outdoor Centre,Activity Centre,Llanrug,Snowdonia,https://www.areteoutdoorcentre.co.uk,60-100,"Full activity programmes, equipment, catering, 100+ beds",N/A,N/A,4.5/5,,,,,,,"This is your Snowdonia adventure HQ: a no-frills activity center focused on getting you out and exploring. Expect a relaxed, communal atmosphere where swapping stories of the day's conquests over a pint is the norm, not pristine, silent corridors.","Purpose-built for adventurers, you'll find secure bike storage, a dedicated drying room for wet gear, and options for early breakfasts and packed lunches to fuel your expeditions. On-site gear storage is also available to stash your climbing ropes or extra hiking boots.","Hikers, climbers, mountain bikers, and anyone seeking an action-packed Snowdonia trip without the fuss of a fancy hotel. This is ideal for solo travelers and small groups looking to connect with like-minded adventurers.","Perfectly positioned for adrenaline junkies, you're within a short drive of Velocity 2 Zip Line (10 mins), Zip World Fforest Coaster (15 mins), and Bounce Below (15 mins). Crib Goch and Snowdon trails are also easily accessible (20-30 min drive to trailheads), along with the MinorTaur and Temtiwr mountain biking trails (15 mins)."
bala-backpackers,Bala Backpackers,Hostel,Bala,Snowdonia,https://independenthostels.co.uk,20-35,"30 single beds, self-catering, near lake activities",https://www.booking.com,N/A,4.5/5,,,,,,,"This no-frills hostel is a launching pad for your Snowdonia adventures, perfect for budget-conscious travelers who prioritize location and functionality over luxury. Expect a laid-back atmosphere where you can swap stories with fellow adventurers after a day of exploring. It's a basecamp, not a spa.","Bike storage is available, along with a drying room for wet gear. Early breakfast can be arranged, and packed lunches are available upon request to fuel your expeditions.","Hikers, mountain bikers, climbers, and anyone looking for an affordable base for exploring Snowdonia.","Located a short drive from Zip World Velocity 2, Zip World Fforest Coaster, and Bounce Below. Crib Goch and the Snowdon Summit trails are also easily accessible, and there are several mountain biking trails nearby, including MinorTaur and Temtiwr. The hostel is within easy reach of rock climbing locations."
base-camp-snowdonia,Base Camp Snowdonia,Hostel,Betws-y-Coed,Snowdonia,https://independenthostels.co.uk/members/basecampsnowdonia/,35-55,"Cafe/bar, kitchenette, drying room, en-suite rooms",N/A,N/A,4.5/5,,,,,,,"Modern, chic hostel at the gateway to Snowdonia. Situated just a 5 minute walk from the centre of the picturesque village of Betws-y-Coed.",Drying room,"Hikers, Climbers, Cyclists",5 min walk from Betws-y-Coed centre
ben-s-bunkhouse,Ben's Bunkhouse,Bunkhouse,Nant Peris,Snowdonia,https://www.bensbunkhouse.co.uk,25-40,"Drying room, self-catering, 24 beds, mountain views",N/A,N/A,4.5/5,,,,,,,"This no-frills bunkhouse is a perfect basecamp for exploring Snowdonia's adrenaline-pumping activities. It's a simple, budget-friendly spot focused on function over luxury, letting you save your energy (and cash) for the trails and zip lines. Expect a quiet, early-to-bed atmosphere, ideal for those prioritizing a good night's sleep before a big day.","The bunkhouse offers secure bike storage, a drying room for wet gear after a day on the trails, and basic cooking facilities to prepare your own meals and pack lunches. There's also flexible check-in to accommodate late arrivals after a long day of adventuring.","Hikers, mountain bikers, climbers, and thrill-seekers on a budget who prefer a functional basecamp to a party hostel.","Located within easy reach of major attractions: Velocity 2 Zip Line, Zip World Fforest Coaster and Bounce Below are a short drive away. Crib Goch and Snowdon routes are easily accessible, and it's well-positioned for tackling the MinorTaur and Temtiwr mountain bike trails."
conwy-valley-backpackers-barn,Conwy Valley Backpackers Barn,Bunkhouse,"Tal-y-Bont, Conwy",Snowdonia,https://independenthostels.co.uk/members/conwyvalleybackpackersbarn/,From 25,"Log fires, camping available, bike/canoe storage",N/A,N/A,4.5/5,,,,,,,"Located on a quiet organic farm in the heart of the stunning Conwy Valley, Conwy Valley Backpackers Barn offers walkers great access to Snowdonia.",Bike/canoe storage,"Walkers, Nature lovers",Heart of Conwy Valley
crashpad-lodges-at-yr-helfa,Crashpad Lodges at Yr Helfa,Eco Lodges,Llanberis,Snowdonia,https://www.yrhelfa.co.uk,100-200,"Off-grid, renewable energy, 10 min from Llanberis Path",N/A,https://www.airbnb.co.uk,5.0/5,,,,,,,"These eco-lodges offer a peaceful and sustainable basecamp in the heart of Snowdonia. Perfect for unwinding after a day of adrenaline-fueled adventures, they provide a comfortable retreat without sacrificing proximity to the action. Expect stunning views and a focus on minimizing environmental impact.","Each lodge includes secure bike storage, a drying room for wet gear, and the option for packed lunches to fuel your explorations. Early breakfast is available to get you on the trails before the crowds.","Hikers, climbers, mountain bikers, and thrill-seekers looking for a comfortable and eco-conscious base to explore Snowdonia. Ideal for those who prefer a quiet retreat to a party hostel.","Located within easy reach of major attractions: Velocity 2 Zip Line (15 min drive), Zip World Fforest Coaster (20 min drive), and Bounce Below (20 min drive). Crib Goch and Snowdon trails are a 30-45 minute drive, and the MinorTaur and Temtiwr mountain biking trails are roughly 25 minutes away."
forest-holidays-beddgelert,Forest Holidays Beddgelert,Cabins,Beddgelert,Snowdonia,https://www.forestholidays.co.uk,150-300,"Luxury cabins, hot tubs, forest setting",N/A,N/A,4.5/5,,,,,,,Luxury cabins set deep within Beddgelert Forest. A perfect blend of comfort and nature in the National Park.,"Hot tubs, forest ranger activities, bike hire nearby.","Families, couples, groups","In Snowdonia National Park, near hiking trails."
graig-wen,Graig Wen,Glamping,Dolgellau,Snowdonia,https://www.graigwen.co.uk,90-150,"Yurts, bell tents, caban, estuary views",N/A,N/A,4.5/5,52.7300,-3.9600,toilets|showers|shop,Yes,Apr-Oct,Mawddach Trail|Cadair Idris|Barmouth,"Graig Wen offers award-winning glamping with stunning views over the Mawddach Estuary. Stay in yurts, bell tents, or a cozy caban, all situated in a wild and beautiful setting.","Direct access to Mawddach Trail, secure bike storage, drying facilities.","Couples, families, hikers, cyclists","Direct access to Mawddach Trail, near Cader Idris and Coed y Brenin."
lodge-dinorwig-hostel,Lodge Dinorwig Hostel,Hostel,"Dinorwig, Caernarfon",Snowdonia,https://independenthostels.co.uk/members/lodgedinorwig/,35-45,"Breakfast included, bike store, drying room",N/A,N/A,4.5/5,,,,,,,"This former school is on the edge of Snowdonia National Park, ideal for relaxing after a long day. With Yr Wyddfa just minutes away.","Bike store, drying room","Hikers, Climbers",Minutes from Yr Wyddfa (Snowdon)
plas-y-brenin,Plas y Brenin,Activity Centre/Hotel,Capel Curig,Snowdonia,https://pyb.co.uk,80-150,"Full equipment, instruction, restaurant, bar, drying room",N/A,N/A,4.5/5,,,,,,,"This activity centre/hotel is a no-frills basecamp for exploring Snowdonia's adrenaline-pumping attractions and rugged landscapes. Expect a practical, get-out-and-explore vibe, perfect for those who prioritize location and functionality over luxury. It's a launching pad for outdoor adventures, not a place to spend all day indoors.","You'll find secure bike storage, a drying room for wet gear, and the option for early breakfasts and packed lunches to fuel your adventures. On-site gear storage means you can keep your bulky equipment safe and accessible.","Thrill-seekers, hikers, climbers, and mountain bikers who want a convenient and functional base for exploring Snowdonia's outdoor offerings. This is a great choice for groups or solo travelers prioritizing activities.","Located within easy reach of major adventure attractions. Velocity 2 Zip Line and Zip World Fforest Coaster are minutes away. Crib Goch and Snowdon trailhead access is also very convenient, and several mountain biking trails like MinorTaur and Temtiwr are nearby."
platts-farm,Platts Farm,Campsite/Bunkhouse,Llanfairfechan,Snowdonia,https://plattsfarm.co.uk,"15-25 camping, 25-40 bunkhouse","Coastal location, 5 mins to village",N/A,N/A,4.0/5,53.250,-3.980,toilets|showers|wifi,Yes,Apr-Oct,Aber Falls|North Wales Coast,"This no-frills campsite and bunkhouse offers a practical basecamp for exploring Snowdonia's adrenaline-fueled adventures. Expect a laid-back atmosphere focused on getting you prepped and ready for your next climb, ride, or bounce. Trade stories around the campfire after a hard day of exploring.","On-site gear storage is available for bikes, climbing equipment, and wet weather gear. A basic drying room helps get your kit ready for the next day's adventure. Early breakfast options and packed lunches can be arranged with prior notice.","Budget-conscious hikers, climbers, and mountain bikers seeking a functional and social base for exploring Snowdonia.","Located within easy reach of Zip World Velocity 2 (10 mins), Zip World Fforest Coaster (15 mins), and Bounce Below (15 mins). Crib Goch and Snowdon routes are a 20-minute drive to the trailheads, with rock climbing and mountain biking at nearby Betws-y-Coed (5 mins)."
portmeirion-village,Portmeirion Village,Unique Stay,Minffordd,Snowdonia,https://portmeirion.wales,150-300,"Italianate village, cottages, hotel",https://www.booking.com,N/A,4.6/5,,,,,,,Stay in the unique Italianate village of Portmeirion. A surreal and beautiful location for a unique Welsh holiday.,"Architecture, gardens, spa, woodland walks.","Couples, culture seekers, families",Near Snowdonia attractions.
relais-and-ch-teaux-pal-hall,Relais & Châteaux Palé Hall,Unique Hotel,Bala,Snowdonia,https://www.palehall.co.uk,250-500,"Historic Victorian mansion, luxury",https://www.booking.com,N/A,4.8/5,,,,,,,"Historic luxury hotel near Bala, perfect for a high-end adventure base. Experience Victorian grandeur in Snowdonia.","Fine dining, drying room, concierge for activities.","Luxury travelers, couples",Near Bala Lake and Snowdonia activities.
riverside-pods,Riverside Pods,Glamping,Betws-y-Coed,Snowdonia,https://www.riverside-touring.co.uk,60-100,"Camping pods, river views",N/A,N/A,4.4/5,,,,,,,Simple camping pods located within walking distance of Betws-y-Coed. An affordable and convenient base for Snowdonia.,"Basic facilities, near village amenities.","Budget travelers, hikers, cyclists","In Betws-y-Coed, adventure hub."
slate-mountain-glamping,Slate Mountain Glamping,Glamping,Blaenau Ffestiniog,Snowdonia,https://www.zipworld.co.uk,120-200,"Safari lodges, mining history",N/A,N/A,4.6/5,,,,,,,Luxury glamping lodges situated at Llechwedd Slate Caverns. Experience the history and adventure of the slate mines.,"Views of quarry, near Zip World, comfortable beds.","Families, thrill-seekers, history buffs",On-site at Zip World Llechwedd.
snowdonia-mountain-hostel,Snowdonia Mountain Hostel,Hostel,"Nant Ffrancon, Bangor",Snowdonia,https://independenthostels.co.uk/members/snowdoniamountainhostel/,Check website,"Near Zip World, bike store, drying room, self-catering",N/A,N/A,4.5/5,,,,,,,"In the heart of the Ogwen Valley with stunning views over Snowdonia (Eryri), this hostel is the perfect base for walkers, climbers and cyclists with the best routes straight from the door.","Bike store, drying room","Walkers, Climbers, Cyclists",Near Zip World and Ogwen Valley trails
the-rocks-at-plas-curig,The Rocks at Plas Curig,Hostel,Capel Curig,Snowdonia,https://independenthostels.co.uk/members/therocksatplascurig/,From 35,"5-star, dog-friendly, log fires, big kitchen, drying room, bike store",N/A,N/A,5.0/5,,,,,,,"Set in the heart of the stunning Eryri (Snowdonia) National Park, this 5-star dog-friendly hostel sits just minutes from Betws-y-Coed, the Ogwen Valley and the Snowdon Horseshoe. Perfect for mountain adventures.","Bike store, drying room, close to trails","Hikers, Climbers, Families",Minutes from Betws-y-Coed and Snowdon Horseshoe
the-snowdon-inn-y-fricsan,The Snowdon Inn (Y Fricsan),Campsite/Bunkhouse,Llanberis,Snowdonia,https://www.yfricsan.co.uk,"15-30 camping, 30-50 bunkhouse","Pizza restaurant, lakeside location, bike storage",N/A,N/A,4.5/5,53.136,-4.150,toilets|showers|pub,Yes,Apr-Oct,Snowdon|Llanberis Path|Zip World,"This campsite and bunkhouse offers a no-frills basecamp for exploring Snowdonia's rugged terrain. Forget luxury – this is all about easy access to adventure and a place to crash after a long day, with a focus on functionality over fuss. Expect a relaxed, communal atmosphere where you can swap stories with fellow thrill-seekers.","On-site you'll find a secure bike storage area, a drying room for wet gear, and the option to arrange packed lunches for your expeditions. There's also plenty of space for storing climbing equipment and backpacks.","Budget-conscious hikers, climbers, mountain bikers, and adrenaline junkies looking for a simple and sociable base.","You're within a 15-minute drive of Zip World Velocity 2, Zip World Fforest Coaster, and Bounce Below for your adrenaline fix. The Crib Goch trailhead is approximately 30 minutes away, while Snowdon's various hiking routes are easily accessible, ranging from 20-45 minutes depending on the chosen route. You'll find world class Mountain Biking on your doorstep with both the MinorTaur and Temtiwr trails within a short ride or drive."
treks-bunkhouse,Treks Bunkhouse,Bunkhouse,Ffestiniog,Snowdonia,https://independenthostels.co.uk,25-45,"13 beds, wheelchair access, near Antur Stiniog/Zip World",N/A,N/A,4.5/5,,,,,,,"This no-frills bunkhouse is a perfect basecamp for exploring Snowdonia's adrenaline-pumping attractions. It's a simple, budget-friendly option that prioritizes functionality over fancy amenities, letting you focus on the adventures at your doorstep. Expect a laid-back atmosphere, ideal for swapping stories after a day on the trails.","Essential gear storage is available, plus a drying room for wet clothes and boots. Bike storage is provided too. Early breakfast can be arranged on request to fuel those dawn starts.","Budget-conscious hikers, climbers, and mountain bikers who prioritize location and practicality over luxury. Solo travelers and small groups looking for a base to explore Snowdonia's outdoor activities.","Located within easy reach of Zip World Velocity 2 (10 min drive), Zip World Fforest Coaster (15 min drive), and Bounce Below (15 min drive). Crib Goch and Snowdon trails are a short drive away (20-30 mins), as are the MinorTaur and Temtiwr mountain biking trails."
woodlands-centre,Woodlands Centre,Hostel,Betws-y-Coed,Snowdonia,https://independenthostels.co.uk/members/woodlandscentre/,From 22.50,"Drying room, bike store, large kitchen",N/A,N/A,4.5/5,,,,,,,The Woodlands Centre is a large self-catering hostel & bunkhouse for groups of up to 33. The picturesque accommodation is an ideal base for outdoor activities in Snowdonia.,"Drying room, bike store","Groups, Outdoor activities",Betws-y-Coed
yha-snowdon-llanberis,YHA Snowdon Llanberis,Hostel,Llanberis,Snowdonia,https://www.yha.org.uk,25-70,"Bike storage, drying room, self-catering kitchen",https://www.booking.com,N/A,4.5/5,,,,,,,This no-frills hostel in the heart of Snowdonia is a launchpad for your adrenaline-fueled adventures. Ditch the fancy hotels and embrace a communal atmosphere where you can swap stories with fellow climbers and hikers. It's a place to crash hard after a day of conquering peaks and hitting trails.,"We've got you covered with secure bike storage, a drying room for wet gear, and early breakfast options for those pre-dawn starts. There's also a packed lunch service so you can fuel up on the go. Limited gear storage is available; check with staff upon arrival.","Budget-conscious hikers, climbers, and mountain bikers looking for a social atmosphere and a practical basecamp.","Located within easy reach of the area's top attractions. You're a short drive from Velocity 2 Zip Line and Zip World Fforest Coaster. Crib Goch and Snowdon trails are also nearby, as are the MinorTaur and Temtiwr mountain biking trails. All activities are within a 5-15 minute drive."
yha-snowdon-pen-y-pass,YHA Snowdon Pen-y-Pass,Hostel,Pen-y-Pass,Snowdonia,https://www.yha.org.uk,25-80,"Drying room, boot room, packed lunches, licensed bar",https://www.booking.com,N/A,4.5/5,,,,,,,"This no-frills hostel is a perfect basecamp for exploring Snowdonia's adrenaline-pumping attractions. It's a budget-friendly and social spot focused on getting you out the door and into the mountains, not keeping you pampered indoors. Expect a communal vibe with fellow adventurers sharing stories and planning their next conquests.","The hostel features a secure bike storage area, a drying room for wet gear after a day on the trails, and offers a simple, early breakfast to fuel your adventures. Packed lunches are available upon request for those heading out for long days hiking or climbing.","Budget-conscious hikers, climbers, mountain bikers, and thrill-seekers looking for a social atmosphere and a launching pad for Snowdonia's outdoor activities.","You're a short drive from Zip World Velocity 2 (approx. 15 minutes) and Zip World Fforest (approx. 10 minutes). Major hiking trails like Crib Goch and the Snowdon trails are within a 20-30 minute drive. Several mountain biking trails, including MinorTaur and Temtiwr, are easily accessible within a 15-minute drive."
zip-world-fforest,Zip World Fforest,Glamping,Betws-y-Coed,Snowdonia,https://www.zipworld.co.uk,100-200,"Safari tents, pods, on-site adventures",N/A,N/A,4.5/5,,,,,,,Stay right in the heart of the action at Zip World Fforest. Safari tents and pods available surrounded by woodland adventures.,"On-site Zip Safari, Fforest Coaster, bike storage nearby.","Families, thrill-seekers, groups","On-site at Zip World Fforest, near Betws-y-Coed."
st-briavels-castle-yha,St Briavels Castle (YHA),Unique Stay,Lydney,Wye Valley,https://www.yha.org.uk,25-60,Hostel in a moated castle,https://www.booking.com,N/A,4.5/5,,,,,,,Stay in a real castle for a budget price. A moated Norman castle used as a youth hostel.,"Historic, communal, cycle storage.","Families, groups, budget travelers",In the Wye Valley/Forest of Dean.
home-farm-caravan-park,Home Farm Caravan Park,Campsite,,anglesey,,25,,,,,53.3300,-4.2500,toilets|showers|pool|play-area,Yes,Apr-Oct,Moelfre|Lligwy Beach,5-star park near Marianglas.,,,
kingsbridge-caravan-park,Kingsbridge Caravan Park,Campsite,,anglesey,,20,,,,,53.2800,-4.0800,toilets|showers,Yes,Apr-Oct,Beaumaris|Menai Strait,Near Beaumaris and Menai Bridge.,,,
pen-y-bont,Pen-y-Bont,Campsite,,anglesey,,15,,,,,53.2500,-4.5500,toilets|showers,Yes,Apr-Oct,Rhosneigr|Llyn Maelog,"Near Rhosneigr, peaceful setting.",,,
shoreside-caravan-and-camping-park,Shoreside Caravan & Camping Park,Campsite,,anglesey,,20,,,,,53.2300,-4.5200,toilets|showers|tennis,Yes,Apr-Oct,Rhosneigr Beach|RAF Valley,"Right in Rhosneigr, close to the beach.",,,
tyddyn-isaf,Tyddyn Isaf,Campsite,,anglesey,,25,,,,,53.3600,-4.2700,toilets|showers|shop|takeaway,Yes,Apr-Oct,Lligwy Bay|Coastal Path,Overlooking Lligwy Bay. Private beach path.,,,
aberbran-fawr,Aberbran Fawr,Campsite,,brecon-beacons,,12,,,,,51.9500,-3.4500,toilets|showers,Yes,Apr-Oct,Brecon|National Park Visitor Centre,Farm camping near Brecon. Pick your own fruit nearby.,,,
cantref-camping,Cantref Camping,Campsite,,brecon-beacons,,15,,,,,51.9200,-3.3500,toilets|showers|adventure-farm,Yes,Apr-Oct,Pen y Fan|Brecon,"Part of the adventure farm, great for families.",,,
cwmdu-campsite,Cwmdu Campsite,Campsite,,brecon-beacons,,18,,,,,51.9000,-3.1800,toilets|showers|shop,Yes,Apr-Oct,Crickhowell|Black Mountains|Tretower,Peaceful site in the Black Mountains.,,,
pencelli-castle-caravan-and-camping-park,Pencelli Castle Caravan & Camping Park,Campsite,,brecon-beacons,,20,,,,,51.9100,-3.3200,toilets|showers|shop|drying-room,Yes,Apr-Oct,Brecon|Talybont Reservoir|Pen y Fan,High-quality facilities in a historic setting near Brecon.,,,
priory-mill-farm,Priory Mill Farm,Campsite,,brecon-beacons,,15,,,,,51.9500,-3.3800,toilets|showers,Yes,Apr-Oct,Brecon|River Honddu,Riverside camping near Brecon town. Quiet and scenic.,,,
riverside-caravan-park,Riverside Caravan Park,Campsite,,brecon-beacons,,20,,,,,51.9400,-3.3900,toilets|showers|laundry,Yes,Apr-Oct,Brecon|Canal,"Central Brecon location, river access.",,,
bank-farm,Bank Farm,Campsite,,gower,,20,,,,,51.5500,-4.2200,toilets|showers|pool|clubhouse,Yes,Apr-Oct,Horton Beach|Port Eynon,"Horton, Gower. Pool and clubhouse.",,,
hillend-camping,Hillend Camping,Campsite,,gower,,25,,,,,51.5970,-4.2680,toilets|showers|shop|cafe,Yes,Apr-Oct,Llangennith Beach|Rhossili Down,Famous dunes campsite right on Llangennith beach.,,,
nicholaston-farm,Nicholaston Farm,Campsite,,gower,,20,,,,,51.5700,-4.1200,toilets|showers|farm-shop,Yes,Apr-Oct,Three Cliffs Bay|Oxwich Bay,Overlooking Three Cliffs Bay/Tor Bay. Farm shop on site.,,,
skysea-caravan-and-camping,Skysea Caravan & Camping,Campsite,,gower,,20,,,,,51.5450,-4.2100,toilets|showers|shop,Yes,Apr-Oct,Port Eynon|Horton,Beachfront at Port Eynon.,,,
aberafon-camping,Aberafon Camping,Campsite,,llyn-peninsula,,15,,,,,53.0100,-4.4100,toilets|showers|beach-access,Yes,Apr-Oct,Gyrn Goch|Rivals,Beachfront site with private beach access. Gyrn Goch.,,,
bolmynydd-camping-park,Bolmynydd Camping Park,Campsite,,llyn-peninsula,,20,,,,,52.8500,-4.4700,toilets|showers|wifi,Yes,Apr-Oct,Llanbedrog|Abersoch,Sheltered family park near Llanbedrog.,,,
dwyros-campsite,Dwyros Campsite,Campsite,,llyn-peninsula,,15,,,,,52.8000,-4.7200,toilets|showers,Yes,Apr-Oct,Aberdaron|Bardsey Island,Overlooking Aberdaron bay. Simple and scenic.,,,
tyddyn-mawr-porth-iago,Tyddyn Mawr (Porth Iago),Campsite,,llyn-peninsula,,15,,,,,52.8500,-4.7000,toilets|showers,Yes,Apr-Oct,Porth Iago|Whistling Sands,Famous campsite just above Porth Iago beach.,,,
tyn-y-mur,Tyn-y-Mur,Campsite,,llyn-peninsula,,20,,,,,52.8200,-4.5000,toilets|showers,Yes,Apr-Oct,Abersoch|Hell's Mouth,Overlooking Abersoch and Hells Mouth.,,,
clarach-bay-holiday-village,Clarach Bay Holiday Village,Campsite,,mid-wales,,20,,,,,52.4300,-4.0800,toilets|showers|entertainment|pool,Yes,Apr-Oct,Clarach Bay|Aberystwyth,Beachfront holiday park near Aberystwyth.,,,
elan-oaks,Elan Oaks,Campsite,,mid-wales,,20,,,,,52.2700,-3.5800,toilets|showers,Yes,Apr-Oct,Elan Valley Trail|Reservoirs,Located within the Elan Valley estate. Direct cycle path access.,,,
fforest-fields,Fforest Fields,Campsite,,mid-wales,,18,,,,,52.1700,-3.3100,toilets|showers|lakes|cafe,Yes,Apr-Oct,Builth Wells|Elan Valley,Award-winning site in the Hundred House valley. Lakes and trails.,,,
llwyngwern-farm,Llwyngwern Farm,Campsite,,mid-wales,,12,,,,,52.6100,-3.8300,toilets|showers,Yes,Apr-Oct,Machynlleth|Dyfi Bike Park|CAT,Near Machynlleth and Centre for Alternative Technology.,,,
wyeside-camping,Wyeside Camping,Campsite,,mid-wales,,15,,,,,52.3000,-3.5100,toilets|showers,Yes,Apr-Oct,Rhayader|River Wye|Elan Valley,Riverside camping in Rhayader. Walk to town.,,,
buckspool-farm,Buckspool Farm,Campsite,,pembrokeshire,,12,,,,,51.6100,-4.9300,toilets|showers,Yes,Apr-Oct,Barafundle Bay|Bosherston Lily Ponds|Broad Haven South,Closest camping to Barafundle Bay and Bosherston.,,,
caerfai-bay-caravan-and-tent-park,Caerfai Bay Caravan & Tent Park,Campsite,,pembrokeshire,,18,,,,,51.8750,-5.2600,toilets|showers|shop,Yes,Apr-Oct,St Davids|Caerfai Bay|Pembrokeshire Coast Path,"Overlooking Caerfai Bay, walking distance to St Davids.",,,
celtic-camping,Celtic Camping,Campsite,,pembrokeshire,,12,,,,,51.9400,-5.1900,toilets|showers|bunkhouse|charging,Yes,Apr-Oct,Abereiddy|Blue Lagoon|Porthgain,"Large, relaxed site near the Blue Lagoon. Rustic vibe.",,,
freshwater-east-caravan-club,Freshwater East Caravan Club,Campsite,,pembrokeshire,,20,,,,,51.6500,-4.8600,toilets|showers|laundry,Yes,Apr-Oct,Freshwater East|Stackpole,Reliable facilities near the beach.,,,
hungerford-farm,Hungerford Farm,Campsite,,pembrokeshire,,15,,,,,51.7000,-4.8000,toilets|showers|dog-walk,Yes,Apr-Oct,Narberth|Oakwood,"Quiet site near Narberth, good base for south Pembrokeshire.",,,
porthclais-campsite,Porthclais Campsite,Campsite,,pembrokeshire,,15,,,,,51.8700,-5.2800,toilets|showers|shop,Yes,Apr-Oct,Porthclais Harbour|St Davids,Rugged coastal site next to the harbour. Climber favourite.,,,
trellyn-woodland-camping,Trellyn Woodland Camping,Campsite,,pembrokeshire,,25,,,,,51.9500,-5.1000,toilets|showers|campfires|sauna,Yes,Apr-Oct,Abercastle|Strumble Head,Peaceful woodland camping near Abercastle. Campfires allowed.,,,
beddgelert-campsite,Beddgelert Campsite,Campsite,,snowdonia,,15,,,,,53.0200,-4.1100,toilets|showers|shop|laundry,Yes,Apr-Oct,Beddgelert|Aberglaslyn Pass,Forestry England site in Beddgelert Forest. Station for Welsh Highland Railway.,,,
cwellyn-arms-campsite,Cwellyn Arms Campsite,Campsite,,snowdonia,,12,,,,,53.0544,-4.1378,toilets|showers|pub|drying-room,Yes,Apr-Oct,Snowdon Ranger Path|Rhyd Ddu,Basecamp for the Snowdon Ranger path. Located behind a real ale pub.,,,
dolgam-campsite,Dolgam Campsite,Campsite,,snowdonia,,10,,,,,53.0900,-3.9400,toilets|showers|farm-shop,Yes,Apr-Oct,Moel Siabod|Plas y Brenin|Capel Curig,Riverside camping in Capel Curig with views of Moel Siabod.,,,
gwern-gof-isaf,Gwern Gof Isaf,Campsite,,snowdonia,,10,,,,,53.1220,-3.9600,toilets|showers,Yes,Apr-Oct,Tryfan|Carneddau|Capel Curig,Another classic Ogwen farm campsite. Climber friendly.,,,
gwern-gof-uchaf,Gwern Gof Uchaf,Campsite,,snowdonia,,10,,,,,53.1200,-3.9800,toilets|showers|bunkhouse,Yes,Apr-Oct,Tryfan|Glyderau|Ogwen Valley,Traditional farm campsite in the Ogwen Valley. Ideal for Tryfan.,,,
llechwedd-glamping,Llechwedd Glamping,Campsite,,snowdonia,,100,,,,,52.9960,-3.9400,ensuite|kitchenette|decking,Yes,Apr-Oct,Zip World Llechwedd|Antur Stiniog,Luxury glamping overlooking the slate quarries and Zip World.,,,
llyn-gwynant-campsite,Llyn Gwynant Campsite,Campsite,,snowdonia,,14,,,,,53.0289,-4.0134,toilets|showers|boat-hire|pizza-oven,Yes,Apr-Oct,Snowdon|Llyn Gwynant|Watkin Path,Stunning lakeside campsite at the foot of Snowdon. Popular with swimmers and hikers.,,,
shell-island,Shell Island,Campsite,,snowdonia,,10,,,,,52.8200,-4.1400,toilets|showers|shops|restaurant,Yes,Apr-Oct,Harlech Beach|Mochras,"Massive coastal site, tidal access. Great for families and groups.",,,
