id,channel,content_type,route_or_slug,title,region,activity,commercial_tier,priority,status,launch_visible,owner,assigned_agent,source_count,source_urls,evidence_status,image_status,image_source_url,copy_status,seo_status,schema_status,commercial_review_status,safety_or_legal_status,last_generated_at,last_reviewed_at,next_review_due,published_at,blocker_reason,review_notes,quality_score,confidence_score
operator-adventure-parc-snowdonia,commercial,operator,/directory/adventure-parc-snowdonia,Adventure Parc Snowdonia,,,strategic_big_player_or_launch_priority,59,researched,true,content-ops,,9,https://www.adventureparc.co.uk | https://www.tripadvisor.co.uk/Attraction_Review-g2626612-d8451531-Reviews-Adventure_Parc_Snowdonia-Dolgarrog_Conwy_County_North_Wales_Wales.html | https://www.adventureparc.co.uk/contact-us/ | https://www.gonorthwales.co.uk/things-to-do/adventure-parc-ltd-p376241 | https://www.adventureparc.co.uk/plan-your-visit/ | https://www.northwalespioneer.co.uk/news/25504220.reimagined-adventure-parc-officially-opens-doors/ | https://reviews.birdeye.com/adventure-parc-snowdonia-171592885998337 | https://www.northwalespioneer.co.uk/news/25340152.adventure-parc-reopen-summer-new-ownership/ | https://www.visitsnowdonia.info/adventure-parc-snowdonia,sourced,missing,,needs_review,needs_review,needs_review,needs_review,not_applicable,2026-07-03,,,,"Operator ""Adventure Parc Snowdonia"" missing: no description, no cover image, no logo, no Google rating | Operator ""Adventure Parc Snowdonia"" missing: no description, no cover image, no logo, no Google rating",Audit gap: Fill 4 missing fields | Research output exists: data/research/content-ops/operator-adventure-parc-snowdonia.json. Audit gap: Fill 4 missing fields,68,70
operator-bala-watersports,commercial,operator,/directory/bala-watersports,Bala Watersports,,,strategic_big_player_or_launch_priority,59,qa_needed,true,content-ops,,12,https://find-and-update.company-information.service.gov.uk/company/04640347 | https://www.balawatersports.com | https://www.balawatersports.com/get-in-touch/ | https://aala.hse.gov.uk/aala/provider_detail.php?ref_no=R0679 | https://www.balawatersports.com/how-to-find-us/ | https://visitbala.org.uk/things-to-do/view/bala_adventure_and_water_sports_centre | https://www.balawatersports.com/adventure-activities-watersports/ | https://www.balawatersports.com/faqs/ | https://wanderlog.com/place/details/3931255/bala-adventure-and-watersports-centre | https://www.tripadvisor.com/Attraction_Review-g672155-d2547794-Reviews-Bala_Adventure_and_Watersports-Bala_Snowdonia_Eryri_National_Park_North_Wales_Wal.html | https://www.facebook.com/BalaWatersports/ | https://www.instagram.com/balawatersports/,sourced,needs_review,,needs_review,needs_review,needs_review,needs_review,not_applicable,2026-06-04,,,,"Operator ""Bala Watersports"" missing: no description, no cover image, no logo, no email, no Google rating | Operator ""Bala Watersports"" missing: no description, no cover image, no logo, no email, no Google rating",Audit gap: Fill 5 missing fields | Research output exists: data/research/content-ops/operator-bala-watersports.json. Audit gap: Fill 5 missing fields,68,70
operator-beics-brenin,commercial,operator,/directory/beics-brenin,Beics Brenin,,,strategic_big_player_or_launch_priority,59,qa_needed,true,content-ops,,11,https://beicsbrenin.co.uk/ | https://reviews.listen360.com/summit-cycles-beics-brenin-dolgellau | https://www.visitwales.com/activity/activity/beics-brenin-coed-y-brenin-528701 | https://beicsbrenin.co.uk/bike-hire/ | https://www.top100attractions.com/attractions/item/beics-brenin | https://en.wikipedia.org/wiki/Coed-y-Brenin | https://beicsbrenin.co.uk/trails/ | https://www.facebook.com/beicsbrenin | https://www.instagram.com/beicsbrenin/ | https://naturalresources.wales/days-out/places-to-visit/north-west-wales/coed-y-brenin-visitor-centre/?lang=en | https://www.mbwales.com/listings/beics-brenin/,sourced,needs_review,,needs_review,needs_review,needs_review,needs_review,not_applicable,2026-06-04,,,,"Operator ""Beics Brenin"" missing: no description, no cover image, no logo, no email, no Google rating | Operator ""Beics Brenin"" missing: no description, no cover image, no logo, no email, no Google rating",Audit gap: Fill 5 missing fields | Research output exists: data/research/content-ops/operator-beics-brenin.json. Audit gap: Fill 5 missing fields,68,70
operator-snowdonia-watersports,commercial,operator,/directory/snowdonia-watersports,Snowdonia Watersports,,,strategic_big_player_or_launch_priority,59,researched,true,content-ops,,10,"https://snowdoniawatersports.com/ | https://www.tripadvisor.com/Attraction_Review-g186448-d1893299-Reviews-Snowdonia_Watersports-Llanberis_Snowdonia_Eryri_National_Park_North_Wales_Wales.html | https://snowdoniawatersports.com/pages/about-us, | https://snowdoniawatersports.com/pages/kit-hire, | https://aala.hse.gov.uk/aala/provider_detail.php?ref_no=R2388 | https://www.visitwales.com/activity/snowdonia-watersports-930412 | https://www.yha.org.uk/experience/snowdonia-watersports | https://snowdoniawatersports.com/pages/contact | https://snowdoniawatersports.com/pages/kit-hire | https://bookings.snowdoniawatersports.com/kit-hire/",sourced,missing,,needs_review,needs_review,needs_review,needs_review,not_applicable,2026-07-03,,,,"Operator ""Snowdonia Watersports"" missing: no description, no cover image, no logo, no email, no Google rating | Operator ""Snowdonia Watersports"" missing: no description, no cover image, no logo, no email, no Google rating",Audit gap: Fill 5 missing fields | Research output exists: data/research/content-ops/operator-snowdonia-watersports.json. Audit gap: Fill 5 missing fields,68,70
activity-location-anglesey-coasteering,evergreen,activity_location,/anglesey/things-to-do/coasteering,Anglesey / Coasteering,anglesey,coasteering,not_applicable,50,qa_needed,true,content-ops,,12,https://www.metoffice.gov.uk/weather/specialist-forecasts/coast-and-sea/regional-coastal-forecasts/holyhead | https://magicseaweed.com/Rhoscolyn-Surf-Report/722/ | https://angleseyadventures.com/ | https://www.angleseyoutdoors.com/ | https://www.snowdonia-watersports.com/ | https://www.gooutdoors.co.uk/stores/bangor | https://www.oystercatcheranglesey.co.uk/ | http://www.the-lobster-pot.co.uk/ | https://www.white-eagle.co.uk/ | https://www.sosbanandthesecretgarden.co.uk/ | https://www.nationaltrust.org.uk/plas-newydd-house-and-garden | https://www.theboathouserhoscolyn.co.uk/,sourced,needs_review,,needs_review,needs_review,needs_review,not_applicable,needs_review,,,,,,Existing combo enrichment file: data/combo-pages/anglesey--coasteering.json,70,70
activity-location-anglesey-kayaking,evergreen,activity_location,/anglesey/things-to-do/kayaking,Anglesey / Kayaking,anglesey,kayaking,not_applicable,50,qa_needed,true,content-ops,,12,https://www.metoffice.gov.uk/ | https://www.windguru.cz/ | https://magicseaweed.com/ | https://www.angleseyadventures.com/ | https://www.plasmenai.co.uk/ | https://angleseyoutdoors.com/ | https://www.snowdoniawatersports.com/ | https://oystercatcheranglesey.co.uk/ | https://sandymounthouse.co.uk/ | https://white-eagle.co.uk/ | https://dylansrestaurant.co.uk/ | https://www.tynlon.co.uk/,sourced,needs_review,,needs_review,needs_review,needs_review,not_applicable,needs_review,,,,,,Existing combo enrichment file: data/combo-pages/anglesey--kayaking.json,70,70
activity-location-anglesey-wild-swimming,evergreen,activity_location,/anglesey/things-to-do/wild-swimming,Anglesey / Wild Swimming,anglesey,wild-swimming,not_applicable,50,qa_needed,true,content-ops,,12,https://www.metoffice.gov.uk/weather/forecast/gcv0081g1 | https://www.windfinder.com/forecast/holyhead | https://angleseyadventures.com/ | https://www.angleseyoutdoors.com/ | https://funsportonline.com/ | https://geckosurf.co.uk/ | https://www.oystercatcheranglesey.co.uk/ | https://sandymounthouse.co.uk/ | https://www.thelobsterpotrestaurant.co.uk/ | https://www.sosbanandthesecretgarden.co.uk/ | https://www.white-eagle.co.uk/ | https://www.plasnewyddcaravanpark.co.uk/,sourced,needs_review,,needs_review,needs_review,needs_review,not_applicable,needs_review,,,,,,Existing combo enrichment file: data/combo-pages/anglesey--wild-swimming.json,70,70
activity-location-brecon-beacons-caving,evergreen,activity_location,/brecon-beacons/things-to-do/caving,Brecon Beacons / Caving,brecon-beacons,caving,not_applicable,50,qa_needed,true,content-ops,,12,https://www.mwis.org.uk/ | https://www.metoffice.gov.uk/weather/forecast/gcm417y1f | https://www.starlessriver.com/ | https://www.v12outdoor.com/ | https://www.mountainwarehouse.com/ | https://www.cotswoldoutdoor.com/ | https://www.sabrain.com/pubs-in-wales/swansea/ancient-briton | https://www.eatdrinksleep.ltd.uk/felin-fach-griffin/ | https://www.lambinndefynnog.co.uk/ | https://www.swcc.org.uk/bunkhouse/ | https://www.yha.org.uk/hostel/yha-brecon-beacons | https://penpont.com/,sourced,needs_review,,needs_review,needs_review,needs_review,not_applicable,needs_review,,,,,,Existing combo enrichment file: data/combo-pages/brecon-beacons--caving.json,70,70
activity-location-brecon-beacons-gorge-walking,evergreen,activity_location,/brecon-beacons/things-to-do/gorge-walking,Brecon Beacons / Gorge Walking,brecon-beacons,gorge-walking,not_applicable,50,qa_needed,true,content-ops,,12,https://www.metoffice.gov.uk/weather/specialist-forecasts/mountain/brecon-beacons | https://naturalresources.wales/flooding/check-river-levels-and-sea-conditions/?lang=en | https://www.adventurebritain.com/ | https://blackmountainadventure.co.uk/ | https://www.cotswoldoutdoor.com/ | https://www.mountainwarehouse.com/ | http://www.angelinnponthotel.co.uk/ | https://www.sabrain.com/ancient-briton-pen-y-cae | https://eatdrinksleep.ltd.uk/felin-fach-griffin/ | https://www.yha.org.uk/hostel/yha-brecon-beacons | https://www.breconcastlehotel.com/ | https://www.peterstone-court.com/,sourced,needs_review,,needs_review,needs_review,needs_review,not_applicable,needs_review,,,,,,Existing combo enrichment file: data/combo-pages/brecon-beacons--gorge-walking.json,70,70
activity-location-brecon-beacons-hiking,evergreen,activity_location,/brecon-beacons/things-to-do/hiking,Brecon Beacons / Hiking,brecon-beacons,hiking,not_applicable,50,qa_needed,true,content-ops,,12,https://www.mwis.org.uk/ | https://www.metoffice.gov.uk/weather/forecast/gxxrf086w | https://www.cotswoldoutdoor.com/stores/brecon-outdoor-clothing-and-equipment-shop.html | https://www.blacks.co.uk/stores/brecon-outdoor-clothing-and-equipment-shop-store-s74 | https://www.mountainwarehouse.com/stores/brecon.aspx | http://www.brownandwhite.co.uk/ | https://www.eatdrinksleep.ltd.uk/felin-fach-griffin/ | https://www.bearhotel.co.uk/ | http://www.nantyffin.com/ | https://www.starinntalybont.co.uk/ | https://www.yha.org.uk/hostel/yha-brecon-beacons | https://www.ukcampsite.co.uk/sites/details.asp?revid=331,sourced,needs_review,,needs_review,needs_review,needs_review,not_applicable,needs_review,,,,,,Existing combo enrichment file: data/combo-pages/brecon-beacons--hiking.json,70,70
activity-location-brecon-beacons-mountain-biking,evergreen,activity_location,/brecon-beacons/things-to-do/mountain-biking,Brecon Beacons / Mountain Biking,brecon-beacons,mountain-biking,not_applicable,50,qa_needed,true,content-ops,,12,https://www.metoffice.gov.uk/weather/specialist-forecasts/mountain | https://www.mountain-forecast.com/ | https://www.bikeparkwales.com/hire | https://breconbikes.com/hire/ | http://bipedcycles.co.uk/cyclehire/ | https://breconbikes.com/ | http://bipedcycles.co.uk/ | https://www.bikeparkwales.com/shop | https://www.halfords.com/stores/1253-merthyr-tydfil | https://www.starinntalybont.co.uk/ | http://www.whitehartbrecon.co.uk/ | https://www.eatdrinksleep.ltd.uk/felin-fach-griffin/the-griffin/,sourced,needs_review,,needs_review,needs_review,needs_review,not_applicable,needs_review,,,,,,Existing combo enrichment file: data/combo-pages/brecon-beacons--mountain-biking.json,70,70
activity-location-brecon-beacons-wild-swimming,evergreen,activity_location,/brecon-beacons/things-to-do/wild-swimming,Brecon Beacons / Wild Swimming,brecon-beacons,wild-swimming,not_applicable,50,qa_needed,true,content-ops,,12,https://www.metoffice.gov.uk/ | https://www.mwis.org.uk/ | http://www.breconadventure.com/ | https://www.mountainwarehouse.com/ | https://www.trespass.com/ | https://eatdrinksleep.ltd.uk/felin-fach-griffin/ | https://www.yha.org.uk/hostel/yha-brecon-beacons | https://www.peterstone-court.com/ | http://www.oldrectoryllangorse.co.uk/ | https://www.breconbeacons.org/struttures/llwyn-y-fan-bunkhouse/ | https://www.llangorselake.co.uk/ | https://www.breconbeaconsultra.com/,sourced,needs_review,,needs_review,needs_review,needs_review,not_applicable,needs_review,,,,,,Existing combo enrichment file: data/combo-pages/brecon-beacons--wild-swimming.json,70,70
activity-location-gower-hiking,evergreen,activity_location,/gower/things-to-do/hiking,Gower / Hiking,gower,hiking,not_applicable,50,qa_needed,true,content-ops,,12,https://www.metoffice.gov.uk/weather/forecast/gcpvn102g | https://www.bbc.co.uk/weather/6201424 | https://www.cotswoldoutdoor.com/stores/swansea.html | https://www.trespass.com/ | https://www.mountainwarehouse.com/ | https://www.gooutdoors.co.uk/ | https://www.verdis-cafe.co.uk/ | https://www.rhossilibayhotel.co.uk/ | https://kingarthurhotel.co.uk/ | http://www.castellamare.co.uk/ | https://www.sabrain.com/pubs-and-hotels/south-wales/swansea/the-ship-inn/ | https://www.threecliffsbay.com/,sourced,needs_review,,needs_review,needs_review,needs_review,not_applicable,needs_review,,,,,,Existing combo enrichment file: data/combo-pages/gower--hiking.json,70,70
activity-location-gower-surfing,evergreen,activity_location,/gower/things-to-do/surfing,Gower / Surfing,gower,surfing,not_applicable,50,qa_needed,true,content-ops,,12,https://magicseaweed.com/Gower-Surf-Report/664/ | https://www.windguru.cz/10313 | http://llangennithsurf.com/ | https://ripnrock.com/ | https://www.pjsurfshop.co.uk/ | https://www.kingsheadgower.co.uk/ | https://www.thebaybistro.co.uk/ | https://www.theshipinnporteynon.co.uk/ | https://verdis.co.uk/ | https://www.gowercoastcamping.co.uk/ | https://www.nationaltrust.org.uk/holidays/hill-end-campsite-gower | https://kingarthurhotel.co.uk/,sourced,needs_review,,needs_review,needs_review,needs_review,not_applicable,needs_review,,,,,,Existing combo enrichment file: data/combo-pages/gower--surfing.json,70,70
activity-location-gower-wild-swimming,evergreen,activity_location,/gower/things-to-do/wild-swimming,Gower / Wild Swimming,gower,wild-swimming,not_applicable,50,qa_needed,true,content-ops,,12,https://www.metoffice.gov.uk/weather/forecast/gcpvn095g | https://magicseaweed.com/Gower-Surf-Report/780/ | https://www.pjs-surfshop.co.uk/ | https://oxwichwatersports.co.uk/ | https://www.shorelinesurfshop.co.uk/ | https://www.kingarthurhotel.co.uk/ | https://www.kingsheadgower.co.uk/ | https://www.verdis-cafe.co.uk/ | https://www.thebaybistro.co.uk/ | https://www.thegowerinn.com/ | https://www.beachhouseoxwich.co.uk/ | https://threecliffsbay.com/,sourced,needs_review,,needs_review,needs_review,needs_review,not_applicable,needs_review,,,,,,Existing combo enrichment file: data/combo-pages/gower--wild-swimming.json,70,70
activity-location-llyn-peninsula-surfing,evergreen,activity_location,/llyn-peninsula/things-to-do/surfing,Llyn Peninsula / Surfing,llyn-peninsula,surfing,not_applicable,50,qa_needed,true,content-ops,,12,https://magicseaweed.com/Llyn-Peninsula-Surf-Report/395/ | https://www.windguru.cz/3265 | https://www.westcoastsurf.co.uk/ | http://www.abersochwatersports.co.uk/ | https://www.thesuninnabersoch.co.uk/ | https://www.venetiaabersoch.com/ | https://www.tyn.cymru/ | https://www.porthtocynhotel.com/ | https://www.brynbachlogcabins.co.uk/ | https://www.campingandcaravanningclub.co.uk/sitefinder/sites/wales/gwynedd/abersoch/ | https://www.plasgwyn.co.uk/ | https://www.abersochwatersports.co.uk/,sourced,needs_review,,needs_review,needs_review,needs_review,not_applicable,needs_review,,,,,,Existing combo enrichment file: data/combo-pages/llyn-peninsula--surfing.json,70,70
activity-location-mid-wales-hiking,evergreen,activity_location,/mid-wales/things-to-do/hiking,Mid Wales / Hiking,mid-wales,hiking,not_applicable,50,qa_needed,true,content-ops,,12,https://www.metoffice.gov.uk/ | https://www.mwis.org.uk/ | https://summitcycles.co.uk/ | https://www.mountainwarehouse.com/ | https://www.gooutdoors.co.uk/ | https://www.millets.co.uk/ | https://www.number21.wales/ | https://www.hafodhotel.com/ | https://www.yffarmers.co.uk/ | https://www.georgeborrowhotel.co.uk/ | https://www.thewynnstay.com/bistro | https://www.cambriancampsite.co.uk/bryn-meurig-hostel/,sourced,needs_review,,needs_review,needs_review,needs_review,not_applicable,needs_review,,,,,,Existing combo enrichment file: data/combo-pages/mid-wales--hiking.json,70,70
activity-location-mid-wales-mountain-biking,evergreen,activity_location,/mid-wales/things-to-do/mountain-biking,Mid Wales / Mountain Biking,mid-wales,mountain-biking,not_applicable,50,qa_needed,true,content-ops,,12,https://www.metoffice.gov.uk/weather/specialist-forecasts/mountain | https://www.summitcycles.co.uk/ | https://www.theholeytrail.co.uk/ | http://www.beicsmenai.co.uk/ | https://www.number21aber.co.uk/ | https://www.yffarmers.co.uk/ | https://www.sabrain.com/whitehorsetavern | https://www.brynarth.co.uk/ | https://www.yha.org.uk/hostel/yha-danywenallt | https://www.thehafren.co.uk/ | http://www.midwalesglamping.co.uk/ | https://www.redkitechallenge.co.uk/,sourced,needs_review,,needs_review,needs_review,needs_review,not_applicable,needs_review,,,,,,Existing combo enrichment file: data/combo-pages/mid-wales--mountain-biking.json,70,70
activity-location-pembrokeshire-hiking,evergreen,activity_location,/pembrokeshire/things-to-do/hiking,Pembrokeshire / Hiking,pembrokeshire,hiking,not_applicable,50,qa_needed,true,content-ops,,12,https://www.metoffice.gov.uk/weather/forecast/uk/wales/pembrokeshire | https://www.bbc.co.uk/weather/2641170 | https://www.tyf.com/ | https://www.masimes.co.uk/ | https://www.tyf.com/shop | https://www.mountainwarehouse.com/ | https://www.thesloopinn.co.uk/ | http://www.cafe-mor.com/ | https://www.yha.org.uk/hostel/yha-st-davids | https://www.celtic-camping.co.uk/ | https://www.warpoolcourthotel.com/ | https://thegrove-narberth.co.uk/,sourced,needs_review,,needs_review,needs_review,needs_review,not_applicable,needs_review,,,,,,Existing combo enrichment file: data/combo-pages/pembrokeshire--hiking.json,70,70
activity-location-pembrokeshire-surfing,evergreen,activity_location,/pembrokeshire/things-to-do/surfing,Pembrokeshire / Surfing,pembrokeshire,surfing,not_applicable,50,qa_needed,true,content-ops,,12,https://magicseaweed.com/Pembrokeshire-Surf-Report/963/ | https://www.windguru.cz/68866 | https://www.newsurf.co.uk/ | https://www.thesloop.co.uk/ | https://www.druidstone.co.uk/ | https://bishopsstdavids.co.uk/ | https://www.reallywildemporium.co.uk/ | https://www.yha.org.uk/hostel/broad-haven | https://celtic-camping.co.uk/ | https://www.warpoolcourthotel.com/ | https://thegrove-narberth.co.uk/ | https://www.dinashouse.co.uk/,sourced,needs_review,,needs_review,needs_review,needs_review,not_applicable,needs_review,,,,,,Existing combo enrichment file: data/combo-pages/pembrokeshire--surfing.json,70,70
activity-location-pembrokeshire-wild-swimming,evergreen,activity_location,/pembrokeshire/things-to-do/wild-swimming,Pembrokeshire / Wild Swimming,pembrokeshire,wild-swimming,not_applicable,50,qa_needed,true,content-ops,,12,https://www.metoffice.gov.uk/weather/specialist-forecasts/coast-and-sea/inshore-waters-forecast | https://magicseaweed.com/Pembrokeshire-Surf-Report/70/ | https://www.tyf.com/ | https://www.outerreefsurfschool.com/ | https://www.masimes.co.uk/ | https://www.tyf.com/shop/ | https://www.coasttocoastwatersports.co.uk/ | https://www.westwaleswindsurfandsail.co.uk/ | https://sloopinn.co.uk/ | https://www.cafemor.co.uk/ | https://grainstdavids.com/ | https://www.yha.org.uk/hostel/yha-st-davids,sourced,needs_review,,needs_review,needs_review,needs_review,not_applicable,needs_review,,,,,,Existing combo enrichment file: data/combo-pages/pembrokeshire--wild-swimming.json,70,70
activity-location-snowdonia-caving,evergreen,activity_location,/snowdonia/things-to-do/caving,Snowdonia / Caving,snowdonia,caving,not_applicable,50,qa_needed,true,content-ops,,12,https://www.metoffice.gov.uk/weather/specialist-forecasts/mountain/snowdonia | https://www.mwis.org.uk/forecasts/english-welsh/ | https://www.joe-brown.com/ | https://v12outdoor.com/ | https://www.cotswoldoutdoor.com/ | https://www.ellis-brigham.com/ | https://www.theheightsllanberis.co.uk/ | https://www.yha.org.uk/hostel/yha-snowdon-pen-y-pass | https://www.plascurig.com/ | https://www.bryngloch.co.uk/ | https://www.royalvictoria.co.uk/ | https://www.pyg.co.uk/,sourced,needs_review,,needs_review,needs_review,needs_review,not_applicable,needs_review,,,,,,Existing combo enrichment file: data/combo-pages/snowdonia--caving.json,70,70
activity-location-snowdonia-gorge-walking,evergreen,activity_location,/snowdonia/things-to-do/gorge-walking,Snowdonia / Gorge Walking,snowdonia,gorge-walking,not_applicable,50,qa_needed,true,content-ops,,12,https://www.mwis.org.uk/ | https://www.metoffice.gov.uk/weather/specialist-forecasts/mountain | https://v12outdoor.com/ | https://www.joe-brown.com/ | https://www.ellis-brigham.com/ | https://www.cotswoldoutdoor.com/ | https://www.cobdenshotel.co.uk/ | https://www.uglyhouse.co.uk/ | https://theheights-hotel.co.uk/ | https://saracens-head-hotel.co.uk/ | https://www.yha.org.uk/hostel/yha-plas-curig | https://www.bryntyrchinn.co.uk/,sourced,needs_review,,needs_review,needs_review,needs_review,not_applicable,needs_review,,,,,,Existing combo enrichment file: data/combo-pages/snowdonia--gorge-walking.json,70,70
activity-location-snowdonia-hiking,evergreen,activity_location,/snowdonia/things-to-do/hiking,Snowdonia / Hiking,snowdonia,hiking,not_applicable,50,qa_needed,true,content-ops,,12,https://www.mwis.org.uk/ | https://www.metoffice.gov.uk/weather/specialist-forecasts/mountain | https://www.joe-brown.com/ | https://v12outdoor.com/ | https://www.cotswoldoutdoor.com/ | https://www.ellis-brigham.com/ | https://www.moelsiabodcafe.co.uk/ | https://www.y-stablau.co.uk/ | https://www.heights-hotel.co.uk/ | https://www.bryntyrchinn.co.uk/ | https://www.yha.org.uk/hostel/yha-snowdon-pen-y-pass | https://www.bryndinas.co.uk/,sourced,needs_review,,needs_review,needs_review,needs_review,not_applicable,needs_review,,,,,,Existing combo enrichment file: data/combo-pages/snowdonia--hiking.json,70,70
activity-location-snowdonia-kayaking,evergreen,activity_location,/snowdonia/things-to-do/kayaking,Snowdonia / Kayaking,snowdonia,kayaking,not_applicable,50,qa_needed,true,content-ops,,12,https://www.mwis.org.uk/forecasts/english-welsh/ | https://www.ukriversguidebook.co.uk/ | https://rivers-and-seas.naturalresources.wales/ | https://www.balawatersports.com | https://www.snowdoniawatersports.com | https://pyb.co.uk | https://www.joe-brown.com/ | https://v12outdoor.com/ | https://summittosea.co.uk/ | https://www.caffisiabod.com/ | https://pyb.co.uk/ | https://gwynant.com/,sourced,needs_review,,needs_review,needs_review,needs_review,not_applicable,needs_review,,,,,,Existing combo enrichment file: data/combo-pages/snowdonia--kayaking.json,70,70
activity-location-snowdonia-mountain-biking,evergreen,activity_location,/snowdonia/things-to-do/mountain-biking,Snowdonia / Mountain Biking,snowdonia,mountain-biking,not_applicable,50,qa_needed,true,content-ops,,12,https://www.mwis.org.uk/ | https://www.metoffice.gov.uk/ | https://beicsbrenin.co.uk/ | https://www.anturstiniog.com/bike-hire/ | http://www.beicsbetws.co.uk/ | https://summittosea.co.uk/ | https://www.crossfoxes.co.uk/ | https://tysiamas.cymru/en/about-us/ | https://www.caffisiabod.com/ | https://hangin.co.uk/ | https://www.plasbrondanw.com/cafe-shop/ | https://www.yha.org.uk/hostel/yha-coed-y-brenin,sourced,needs_review,,needs_review,needs_review,needs_review,not_applicable,needs_review,,,,,,Existing combo enrichment file: data/combo-pages/snowdonia--mountain-biking.json,70,70
activity-location-south-wales-mountain-biking,evergreen,activity_location,/south-wales/things-to-do/mountain-biking,South Wales / Mountain Biking,south-wales,mountain-biking,not_applicable,50,qa_needed,true,content-ops,,12,https://www.metoffice.gov.uk/weather/forecast/gcmszc86c | https://www.mwis.org.uk/ | https://www.skylinecycles.co.uk/ | https://www.bikeparkwales.com/ | https://unsplash.com/photos/96Eb3YHQPwc | https://unsplash.com/photos/CWq4F0TD-eo | https://unsplash.com/photos/S9L47l_iYv8 | https://unsplash.com/photos/Fsej0JTQDUQ | https://unsplash.com/photos/x6ewchtit4k | https://unsplash.com/photos/x-NMfz8As04 | https://unsplash.com/photos/-antaPzkGGs | https://unsplash.com/photos/WermkM0dFho,sourced,needs_review,,needs_review,needs_review,needs_review,not_applicable,needs_review,,,,,,Existing combo enrichment file: data/combo-pages/south-wales--mountain-biking.json,70,70
activity-location-south-wales-surfing,evergreen,activity_location,/south-wales/things-to-do/surfing,South Wales / Surfing,south-wales,surfing,not_applicable,50,qa_needed,true,content-ops,,12,https://www.windguru.cz/2206 | https://magicseaweed.com/Rest-Bay-Surf-Report/735/ | https://www.porthcawlsurf.co.uk/ | https://southwalessurfschool.co.uk/ | https://driftsurf.co.uk/ | https://www.surflines.co.uk/ | https://www.sabrain.com/pubs-and-hotels/south-wales/bridgend/the-waterfront | http://www.hitideinn.com/ | https://www.seabankhotel.co.uk/ | https://www.parkdeanresorts.co.uk/location/south-wales/trecco-bay/ | https://www.southwalessurfschool.co.uk/ | https://www.freewavesurfacademy.co.uk/,sourced,needs_review,,needs_review,needs_review,needs_review,not_applicable,needs_review,,,,,,Existing combo enrichment file: data/combo-pages/south-wales--surfing.json,70,70
operator-antur-stiniog,commercial,operator,/directory/antur-stiniog,Antur Stiniog,,,strategic_big_player_or_launch_priority,47,researched,true,content-ops,,5,https://www.anturstiniog.com | https://www.tripadvisor.com/Attraction_Review-g674812-d7207052-Reviews-Antur_Stiniog-Blaenau_Ffestiniog_Snowdonia_Eryri_National_Park_North_Wales_Wales.html | https://www.anturstiniog.com/contact | https://www.anturstiniog.com/mountain-bike-uplift-wales | https://www.anturstiniog.com/mountain-bike-hire-wales,sourced,missing,,needs_review,needs_review,needs_review,needs_review,not_applicable,2026-07-03,,,,"Operator ""Antur Stiniog"" missing: no cover image | Operator ""Antur Stiniog"" missing: no cover image",Audit gap: Fill 1 missing fields | Research output exists: data/research/content-ops/operator-antur-stiniog.json. Audit gap: Fill 1 missing fields,68,70
operator-bikepark-wales,commercial,operator,/directory/bikepark-wales,Bikepark Wales,,,strategic_big_player_or_launch_priority,47,researched,true,content-ops,,9,https://www.bikeparkwales.com/ | https://www.tripadvisor.com/Attraction_Review-g1474085-d6109112-Reviews-Bike_Park_Wales-Merthyr_Tydfil_Merthyr_Tydfil_County_South_Wales_Wales.html | https://www.bikeparkwales.com/contact | https://www.bikeparkwales.com/find-us | https://www.breconbeaconstourism.org/business/bike-park-wales/ | https://www.breconbeacons.org/business/activity-bike-park-wales | https://bannaubrycheiniog.org/businesses/bike-park-wales/ | https://www.mbwales.com/agents/brecon-beacons/ | https://wanderlog.com/place/details/334644/bikepark-wales,sourced,missing,,needs_review,needs_review,needs_review,needs_review,not_applicable,2026-07-03,,,,"Operator ""BikePark Wales"" missing: no cover image | Operator ""BikePark Wales"" missing: no cover image",Audit gap: Fill 1 missing fields | Research output exists: data/research/content-ops/operator-bikepark-wales.json. Audit gap: Fill 1 missing fields,68,70
operator-coed-y-brenin-nrw,commercial,operator,/directory/coed-y-brenin-nrw,Coed Y Brenin Nrw,,,strategic_big_player_or_launch_priority,47,researched,true,content-ops,,6,https://naturalresources.wales/days-out/places-to-visit/north-west-wales/coed-y-brenin-visitor-centre/?lang=en | https://www.tripadvisor.co.uk/Attraction_Review-g552002-d295831-Reviews-Coed_y_Brenin_Forest_Park-Ganllwyd_Gwynedd_North_Wales_Wales.html | https://www.beicsbrenin.co.uk/visitor-centre/. | https://www.beicsbrenin.co.uk/visitor-centre/ | https://en.wikipedia.org/wiki/Coed-y-Brenin | https://www.mbwales.com/agents/coed-y-brenin/,sourced,missing,,needs_review,needs_review,needs_review,needs_review,not_applicable,2026-07-03,,,,"Operator ""Coed y Brenin (NRW)"" missing: no cover image | Operator ""Coed y Brenin (NRW)"" missing: no cover image",Audit gap: Fill 1 missing fields | Research output exists: data/research/content-ops/operator-coed-y-brenin-nrw.json. Audit gap: Fill 1 missing fields,68,70
operator-plas-y-brenin,commercial,operator,/directory/plas-y-brenin,Plas Y Brenin,,,strategic_big_player_or_launch_priority,47,researched,true,content-ops,,5,https://pyb.co.uk | https://www.tripadvisor.com/Attraction_Review-g551981-d4066580-Reviews-Plas_y_Brenin-Capel_Curig_Snowdonia_Eryri_National_Park_North_Wales_Wales.html | https://pyb.co.uk/contact/ | https://pyb.co.uk/about/ | https://pyb.co.uk/,sourced,missing,,needs_review,needs_review,needs_review,needs_review,not_applicable,2026-07-03,,,,"Operator ""Plas y Brenin"" missing: no cover image | Operator ""Plas y Brenin"" missing: no cover image",Audit gap: Fill 1 missing fields | Research output exists: data/research/content-ops/operator-plas-y-brenin.json. Audit gap: Fill 1 missing fields,68,70
operator-zip-world,commercial,operator,/directory/zip-world,Zip World,,,strategic_big_player_or_launch_priority,47,researched,true,content-ops,,7,https://www.zipworld.co.uk | https://www.tripadvisor.com/Attraction_Review-g730108-d4054411-Reviews-Zip_World-Bethesda_Bangor_Gwynedd_North_Wales_Wales.html | https://www.zipworld.co.uk/ | https://en.wikipedia.org/wiki/Zip_World | https://www.zipworld.co.uk/contact-us | https://www.zipworld.co.uk/locations/penrhyn-quarry | https://www.visitsnowdonia.info/zip-world-penrhyn-quarry,sourced,missing,,needs_review,needs_review,needs_review,needs_review,not_applicable,2026-07-03,,,,"Operator ""Zip World"" missing: no cover image | Operator ""Zip World"" missing: no cover image",Audit gap: Fill 1 missing fields | Research output exists: data/research/content-ops/operator-zip-world.json. Audit gap: Fill 1 missing fields,68,70
location-landing-anglesey,evergreen,location_landing,/anglesey,Anglesey,anglesey,,not_applicable,45,qa_needed,true,content-ops,,12,https://www.anglesey.gov.uk/en/About-us/About-Anglesey.aspx | https://www.anglesey.gov.uk/en/Residents/Countryside-and-the-environment/Coastal-Path.aspx | https://www.ons.gov.uk/census/census2021results | https://whc.unesco.org/en/list/374 | https://cadw.gov.wales/visit/places-to-visit/beaumaris-castle | https://www.cadw.gov.wales/visit/places-to-visit/menai-suspension-bridge | https://www.portofholyhead.co.uk | https://www.ons.gov.uk/peoplepopulationandcommunity/culturalidentity/language/bulletins/languageenglandandwales/census2021 | https://naturalresources.wales/days-out/places-to-visit/north-west-wales/newborough-national-nature-reserve/ | https://www.wildlifetrustsofwales.org.uk | https://www.rspb.org.uk/reserves-and-events/reserves-a-z/south-stack-cliffs/ | https://www.trinityhouse.co.uk/lighthouses-and-lightvessels/south-stack-lighthouse,sourced,needs_review,,needs_review,needs_review,needs_review,not_applicable,not_applicable,2026-06-04,,,,,Existing markdown content: content/regions/anglesey.md | Research output exists: data/research/content-ops/location-landing-anglesey.json. Existing markdown content: content/regions/anglesey.md,68,70
location-landing-brecon-beacons,evergreen,location_landing,/brecon-beacons,Brecon Beacons,brecon-beacons,,not_applicable,45,qa_needed,true,content-ops,,12,https://www.beacons-npa.gov.uk/ | https://naturalresources.wales/guidance-and-advice/environmental-topics/land-management/managing-land-and-sea/protected-areas-of-land-and-sea/national-parks/?lang=en | https://darksky.org/what-we-do/international-dark-sky-reserve/ | https://www.beacons-npa.gov.uk/about-us/about-the-national-park/bannau-brycheiniog-name-change/ | https://getoutside.ordnancesurvey.co.uk/guides/guide-to-pen-y-fan/ | https://www.beacons-npa.gov.uk/about-us/about-the-national-park/ | https://www.fforestfawr.org.uk/about/ | https://www.beacons-npa.gov.uk/looking-after/dark-sky-reserve/ | https://www.beacons-npa.gov.uk/visiting/landscape/ | https://www.visitwales.com/attraction/nature-and-wildlife/sgwd-yr-eira-1493558 | https://www.nationaltrust.org.uk/visit/wales/henrhyd-falls | https://www.visitwales.com/inspire/culture-heritage/welsh-mythology-and-folklore,sourced,needs_review,,needs_review,needs_review,needs_review,not_applicable,not_applicable,2026-06-04,,,,,Existing markdown content: content/regions/brecon-beacons.md | Research output exists: data/research/content-ops/location-landing-brecon-beacons.json. Existing markdown content: content/regions/brecon-beacons.md,68,70
location-landing-gower,evergreen,location_landing,/gower,Gower,gower,,not_applicable,45,qa_needed,true,content-ops,,12,https://www.traveline.cymru/ | https://www.naturalresources.wales/guidance-and-advice/environmental-topics/landscape/protected-landscapes/areas-of-outstanding-natural-beauty/ | https://cadw.gov.wales/visit/places-to-visit/gower | https://www.nationaltrust.org.uk/visit/wales/rhossili-and-south-gower-coast | https://www.nationaltrust.org.uk/visit/wales/rhossili-and-south-gower-coast/worms-head | https://www.discoverthegower.com/dylan-thomas-and-gower/ | https://www.nationaltrust.org.uk/visit/wales/three-cliffs-bay | https://www.nationaltrust.org.uk/visit/wales/arthurs-stone-maen-ceti | https://cadw.gov.wales/visit/places-to-visit/oystermouth-castle | https://cadw.gov.wales/visit/places-to-visit/weobley-castle | https://cadw.gov.wales/visit/places-to-visit/pennard-castle | https://www.mumbles.co.uk/,sourced,needs_review,,needs_review,needs_review,needs_review,not_applicable,not_applicable,2026-06-04,,,,,Existing markdown content: content/regions/gower.md | Research output exists: data/research/content-ops/location-landing-gower.json. Existing markdown content: content/regions/gower.md,68,70
location-landing-llyn-peninsula,evergreen,location_landing,/llyn-peninsula,Llyn Peninsula,llyn-peninsula,,not_applicable,45,qa_needed,true,content-ops,,12,https://naturalresources.wales/guidance-and-advice/environmental-topics/landscape/areas-of-outstanding-natural-beauty-aonbs/?lang=en | https://www.llynaobn.org.uk | https://www.walescoastpath.gov.uk/explore/section?id=llyn-peninsula | https://naturalresources.wales/days-out/the-wales-coast-path/all-walking-routes/llyn-peninsula/?lang=en | https://www.bardsey.org | https://cadw.gov.wales/visit/places-to-visit/bardsey-island | https://www.visitwales.com/destinations/north-wales/llyn-peninsula/bardsey-island | https://www.visitwales.com/destinations/north-wales/llyn-peninsula/beaches/hells-mouth-porth-neigwl | https://magicseaweed.com/Llyn-Peninsula-Surf-Report/395/ | https://www.ons.gov.uk/peoplepopulationandcommunity/culturalidentity/language/bulletins/languageenglandandwales/census2021 | https://statswales.gov.wales | https://cadw.gov.wales/visit/places-to-visit/trer-ceiri,sourced,needs_review,,needs_review,needs_review,needs_review,not_applicable,not_applicable,2026-06-04,,,,,Existing markdown content: content/regions/llyn-peninsula.md | Research output exists: data/research/content-ops/location-landing-llyn-peninsula.json. Existing markdown content: content/regions/llyn-peninsula.md,68,70
location-landing-mid-wales,evergreen,location_landing,/mid-wales,Mid Wales,mid-wales,,not_applicable,45,qa_needed,true,content-ops,,12,https://www.bikeparkdyfi.co.uk/ | https://www.visitwales.com/destinations/mid-wales | https://www.aberystwyth.com/ | https://www.rheidolrailway.co.uk/ | https://www.cadw.gov.wales/visit/places-to-visit/owain-glyndwr-centre-machynlleth | https://www.cat.org.uk/about-cat/ | https://naturalresources.wales/guidance-and-advice/environmental-topics/wildlife-and-biodiversity/protected-areas-of-land-and-sea/special-areas-of-conservation/cardigan-bay-sac/?lang=en | https://www.seawatchfoundation.org.uk/ | https://naturalresources.wales/ | https://naturalresources.wales/days-out/places-to-visit/mid-wales/nant-yr-arian/?lang=en | https://www.elanvalley.org.uk/discover/history | https://www.elanvalley.org.uk/discover/reservoirs,sourced,needs_review,,needs_review,needs_review,needs_review,not_applicable,not_applicable,2026-06-04,,,,,Existing markdown content: content/regions/mid-wales.md | Research output exists: data/research/content-ops/location-landing-mid-wales.json. Existing markdown content: content/regions/mid-wales.md,68,70
location-landing-pembrokeshire,evergreen,location_landing,/pembrokeshire,Pembrokeshire,pembrokeshire,,not_applicable,45,qa_needed,true,content-ops,,12,https://www.pembrokeshirecoast.wales/about-us/about-the-national-park/ | https://www.pembrokeshire.gov.uk/ | https://www.pembrokeshirecoast.wales/walking/pembrokeshire-coast-path/ | https://www.pembrokeshirecoast.wales/exploring-preseli-hills/ | https://www.stdavidscathedral.org.uk/about/history/ | https://www.visitpembrokeshire.com/explore-pembrokeshire/towns-villages/st-davids/ | https://cadw.gov.wales/visit/places-to-visit/preseli-hills | https://www.welshwildlife.org/nature-reserves/skomer-island/ | https://naturalresources.wales/guidance-and-advice/environmental-topics/wildlife-and-biodiversity/protected-areas-of-land-and-sea/nature-conservation-sites-protected-by-law/special-areas-of-conservation/ | https://www.pembrokeshirecoast.wales/wildlife/marine-wildlife/ | https://www.visitpembrokeshire.com/explore-pembrokeshire/beaches/abereiddy-beach/ | https://www.pembrokeshirecoast.wales/visiting/beaches/freshwater-west/,sourced,needs_review,,needs_review,needs_review,needs_review,not_applicable,not_applicable,2026-06-04,,,,,Existing markdown content: content/regions/pembrokeshire.md | Research output exists: data/research/content-ops/location-landing-pembrokeshire.json. Existing markdown content: content/regions/pembrokeshire.md,68,70
location-landing-snowdonia,evergreen,location_landing,/snowdonia,Snowdonia,snowdonia,,not_applicable,45,qa_needed,true,content-ops,,12,https://www.eryri.llyw.cymru/living-and-working/planning/plan-documents/eryri-local-development-plan-2016-2031 | https://getoutside.ordnancesurvey.co.uk/guides/yr-wyddfa-snowdon/ | https://www.nationalparks.uk/parks/snowdonia/ | https://www.eryri.llyw.cymru/visiting/walking/long-distance-routes/welsh-3000s | https://www.eryri.llyw.cymru/visiting/recreation | https://www.ons.gov.uk/census/census2021results | https://www.eryri.llyw.cymru | https://www.darksky.org/our-work/conservation/idsp/reserves/ | https://www.eryri.llyw.cymru/living-and-working/dark-skies | https://whc.unesco.org/en/list/1654 | https://www.zipworld.co.uk/activity/detail/velocity-2 | https://www.zipworld.co.uk/activity/detail/bounce-below,sourced,needs_review,,needs_review,needs_review,needs_review,not_applicable,not_applicable,2026-06-04,,,,,Existing markdown content: content/regions/snowdonia.md | Research output exists: data/research/content-ops/location-landing-snowdonia.json. Existing markdown content: content/regions/snowdonia.md,68,70
location-landing-south-wales,evergreen,location_landing,/south-wales,South Wales,south-wales,,not_applicable,45,qa_needed,true,content-ops,,12,https://www.tfwrail.wales/. | https://cadw.gov.wales/learn/historic-wales/industrial-wales/coal-mining | https://museum.wales/bigpit/ | https://www.visitwales.com/inspire-me/history-heritage/world-heritage/blaenavon-industrial-landscape | https://www.bikeparkwales.com/ | https://canalrivertrust.org.uk/enjoy-the-waterways/canal-and-river-network/monmouthshire-and-brecon-canal | https://www.rhonddaheritagepark.com/ | https://www.rctcbc.gov.uk/EN/Resident/ParksandGreenSpaces/DareValleyCountryPark.aspx | https://www.naturalresources.wales/days-out/the-countryside/south-east-wales/clydach-gorge/ | https://www.breconbeacons.org/explore/things-to-do/walk-trails/pontsticill-and-pentwyn-reservoirs | https://www.bunchofgrapes.org.uk/ | https://www.naturalresources.wales/days-out/the-countryside/south-wales/waterfall-woods-national-nature-reserve/,sourced,needs_review,,needs_review,needs_review,needs_review,not_applicable,not_applicable,2026-06-04,,,,,Existing markdown content: content/regions/south-wales.md | Research output exists: data/research/content-ops/location-landing-south-wales.json. Existing markdown content: content/regions/south-wales.md,68,70
operator-ace-adventure,commercial,operator,/directory/ace-adventure,Ace Adventure,,,unclassified_operator,34,qa_needed,false,content-ops,,9,https://ace-adventures.co.uk | https://ace-adventures.co.uk/ | https://www.facebook.com/profile.php?id=100063120374470 | https://aala.hse.gov.uk/aala/provider_search.php | https://aceadventures.co.uk/ | https://visitscotland.com/info/see-do/ace-adventures-hideaways-p264191 | https://aceraft.com/ | https://www.tripadvisor.com/Hotel_Review-g59381-d543128-Reviews-ACE_Adventure_Resort-Oak_Hill_West_Virginia.html | https://ace-adventurecentre.com/,sourced,needs_review,,needs_review,needs_review,needs_review,needs_review,not_applicable,2026-06-04,,,,"Operator ""Ace Adventure"" missing: no description, no cover image, no logo, no website, no phone, no email, no Google rating | Operator ""Ace Adventure"" missing: no description, no cover image, no logo, no website, no phone, no email, no Google rating",Audit gap: Fill 7 missing fields | Research output exists: data/research/content-ops/operator-ace-adventure.json. Audit gap: Fill 7 missing fields,68,70
operator-adrenaline-mtb,commercial,operator,/directory/adrenaline-mtb,Adrenaline Mtb,,,unclassified_operator,34,blocked,false,content-ops,,6,https://www.mbwales.com/agents/ | https://www.visitwales.com/things-do/adventure-and-activities/cycling-and-mountain-biking/great-places-guided-mountain-bike-holiday | https://www.facebook.com/MTB.Adrenaline | https://www.facebook.com/adrenalinemtb/ | https://find-and-update.company-information.service.gov.uk/ | https://www.visitwales.com/things-do/adventure-and-activities/cycling-and-mountain-biking/mountain-bike-heaven-wales,sourced,needs_review,,needs_review,needs_review,needs_review,needs_review,not_applicable,2026-06-04,,,,"Operator ""Adrenaline MTB"" missing: no description, no cover image, no logo, no website, no phone, no email, no Google rating | Operator ""Adrenaline MTB"" missing: no description, no cover image, no logo, no website, no phone, no email, no Google rating",Audit gap: Fill 7 missing fields | Research output exists: data/research/content-ops/operator-adrenaline-mtb.json. Audit gap: Fill 7 missing fields,68,70
operator-adventure-beyond,commercial,operator,/directory/adventure-beyond,Adventure Beyond,,,unclassified_operator,34,qa_needed,false,content-ops,,12,https://www.adventurebeyond.co.uk | https://www.outdoor-learning.org/organisation-directory/adventure-beyond.html; | https://www.visitpembrokeshire.com/activity-listing/adventure-beyond | https://adventurebeyond.co.uk | https://www.adventurebeyond.co.uk; | https://www.outdoor-learning.org/organisation-directory/adventure-beyond.html | https://adventurebeyond.co.uk; | https://www.tripadvisor.com/Attraction_Review-g1472532-d13974862-Reviews-Adventure_Beyond-Coed_Y_Bryn_Ceredigion_Wales.html | https://adventurebeyond.co.uk/activities-list/sea-kayak | https://aala.hse.gov.uk/aala/provider_search.php | https://www.instagram.com/adventure.beyond/ | https://commons.wikimedia.org/wiki/Category:Coasteering,sourced,needs_review,,needs_review,needs_review,needs_review,needs_review,not_applicable,2026-06-04,,,,"Operator ""Adventure Beyond"" missing: no description, no cover image, no logo, no Google rating | Operator ""Adventure Beyond"" missing: no description, no cover image, no logo, no Google rating",Audit gap: Fill 4 missing fields | Research output exists: data/research/content-ops/operator-adventure-beyond.json. Audit gap: Fill 4 missing fields,68,70
operator-adventure-tours-uk,commercial,operator,/directory/adventure-tours-uk,Adventure Tours Uk,,,unclassified_operator,34,qa_needed,false,content-ops,,12,https://adventuretoursuk.com | https://www.visitwales.com/attraction/sightseeing-tour/adventure-tours-uk-526631 | https://www.northeastwales.wales/things-to-do/adventure-tours-uk/ | https://www.meetinwales.com/operator/operator-handler/adventure-tours-uk-2167057 | https://adventuretoursuk.com/contact-us/ | https://adventuretoursuk.com/adventure-holidays/ | https://adventuretoursuk.com/about-us/ | https://untoursfoundation.org/about-us/our-portfolio/adventure-tours-uk/ | https://adventuretoursuk.com/ | https://www.bcorporation.net/en-us/find-a-b-corp/company/adventure-tours-uk/ | https://adventuretoursuk.com/tour/adventure-north-wales/ | https://www.trustpilot.com/review/www.adventuretoursuk.com,sourced,needs_review,,needs_review,needs_review,needs_review,needs_review,not_applicable,2026-06-04,,,,"Operator ""Adventure Tours UK"" missing: no cover image, no logo, no phone, no Google rating | Operator ""Adventure Tours UK"" missing: no cover image, no logo, no phone, no Google rating",Audit gap: Fill 4 missing fields | Research output exists: data/research/content-ops/operator-adventure-tours-uk.json. Audit gap: Fill 4 missing fields,68,70
operator-afan-a-blast,commercial,operator,/directory/afan-a-blast,Afan A Blast,,,unclassified_operator,34,qa_needed,false,content-ops,,12,https://find-and-update.company-information.service.gov.uk/company/10985286 | https://glyncorrwgmtbcentreandcampsite.co.uk/afan-a-blast/ | https://ratingsplus.co.uk/city/rhondda-cynon-taff/bicycle-shops/afan-a-blast | https://exploresouthwales.com/explore/afan-a-blast-bike-hire-and-service/ | https://afantrailvolunteers.co.uk/mountain-bike-coaching-and-guiding-afan | https://afanforestpark.com/bike-hire-bike-shops-and-coaching/ | https://www.facebook.com/afanablast/ | https://www.instagram.com/afanablast/ | https://dramaticheart.wales/discover-our-area/activity/afan-a-blast/ | https://www.mbwales.com/agents/afan-forest-park/ | https://openverse.org/ | https://www.komoot.com/collection/1364278/-afan-a-blast-200km-route-bikepacking-the-afan-and-neath-valleys,sourced,needs_review,,needs_review,needs_review,needs_review,needs_review,not_applicable,2026-06-04,,,,"Operator ""Afan A Blast"" missing: no description, no cover image, no logo, no website, no phone, no email, no Google rating | Operator ""Afan A Blast"" missing: no description, no cover image, no logo, no website, no phone, no email, no Google rating",Audit gap: Fill 7 missing fields | Research output exists: data/research/content-ops/operator-afan-a-blast.json. Audit gap: Fill 7 missing fields,68,70
operator-afan-forest-park,commercial,operator,/directory/afan-forest-park,Afan Forest Park,,,unclassified_operator,34,qa_needed,false,content-ops,,12,https://afanforestpark.com/ | https://naturalresources.wales/days-out/places-to-visit/south-west-wales/afan-forest-park-visitor-centre/?lang=en | https://rideafan.bike/local-trails/lower-valley-trail-centre-afan-argoed-visitor-centre/ | https://www.mbwales.com/agents/afan-forest-park/ | https://naturalresources.wales/days-out/places-to-visit/south-west-wales/afan-forest-park-glyncorrwg-mountain-bike-centre/?lang=en | https://www.afanvalleybikeshed.co.uk/ | https://afanforestpark.com/mountain-biking/ | https://afanforestpark.com/afan-forest-park-walking-trails/ | https://afanforestpark.com/bike-hire-bike-shops-and-coaching/ | https://afanforestpark.com/mountain-biking/rookie-trail/ | https://afanforestpark.com/mountain-biking/penhydd/ | https://afanforestpark.com/mountain-biking/y-wal-the-wall/,sourced,needs_review,,needs_review,needs_review,needs_review,needs_review,not_applicable,2026-06-04,,,,"Operator ""Afan Forest Park"" missing: no cover image, no logo, no phone, no email | Operator ""Afan Forest Park"" missing: no cover image, no logo, no phone, no email",Audit gap: Fill 4 missing fields | Research output exists: data/research/content-ops/operator-afan-forest-park.json. Audit gap: Fill 4 missing fields,68,70
operator-arete-outdoor-centre,commercial,operator,/directory/arete-outdoor-centre,Arete Outdoor Centre,,,unclassified_operator,34,qa_needed,false,content-ops,,12,https://aretecentre.co.uk/ | https://www.facebook.com/aretecentre | https://www.instagram.com/aretecentre/ | https://x.com/aretecentre | https://www.youtube.com/channel/UC5t_cScIJMGY5OjhwDhVgLA | https://aala.hse.gov.uk/aala/provider_detail.php?ref_no=R2163 | https://aretecentre.co.uk/arete-centre-uk/about/ | https://aretecentre.co.uk/schools-youth/parents-guide/ | https://www.visitwales.com/accommodation/group-hostel/arete-outdoor-centre-527571 | https://reviews.birdeye.com/arete-outdoor-education-centre-llanrug-167850813234984 | https://www.tripadvisor.com/Attraction_Review-g186431-d6434422-Reviews-Arete_Outdoor_Centre_Llanrug-Caernarfon_Gwynedd_North_Wales_Wales.html | https://find-and-update.company-information.service.gov.uk/company/08857047,sourced,needs_review,,needs_review,needs_review,needs_review,needs_review,not_applicable,2026-08-26T03:45:59.154Z,,,,"Operator ""Arete Outdoor Centre"" missing: no description, no cover image, no logo, no coordinates, no phone, no email, no Google rating | Operator ""Arete Outdoor Centre"" missing: no description, no cover image, no logo, no coordinates, no phone, no email, no Google rating",Audit gap: Fill 7 missing fields | Research output exists: data/research/content-ops/operator-arete-outdoor-centre.json. Audit gap: Fill 7 missing fields,68,70
operator-beddgelert-bikes,commercial,operator,/directory/beddgelert-bikes,Beddgelert Bikes,,,unclassified_operator,34,qa_needed,false,content-ops,,12,"https://www.beddgelertbikes.co.uk | https://1085adventures.co.uk | https://1085adventures.co.uk/bike-hire/ | https://www.yha.org.uk/experience/beddgelert-bikes | https://www.forestholidays.co.uk/locations/wales/beddgelert-snowdonia/things-to-do/cycling/ | https://iguanagogo.com/cycling-park/1085-adventures-bike-hire-beddgelert/ | https://www.mbwales.com/listings/1085adventures/ | https://www.thecyclingexperts.co.uk/find-a-shop/?name=Beddgelert+Bikes&shop=128498 | https://www.snowdoniaguide.com/beddgelert_forest.html | https://www.yha.org.uk/experience/beddgelert-bikes, | https://www.forestholidays.co.uk/locations/wales/beddgelert-snowdonia/things-to-do/cycling/, | https://www.gps-routes.co.uk/routes/home.nsf/RoutesLinksCycle/lon-gwyrfai-walking-and-cycle-route",sourced,needs_review,,needs_review,needs_review,needs_review,needs_review,not_applicable,2026-06-04,,,,"Operator ""Beddgelert Bikes"" missing: no description, no cover image, no logo, no email, no Google rating | Operator ""Beddgelert Bikes"" missing: no description, no cover image, no logo, no email, no Google rating",Audit gap: Fill 5 missing fields | Research output exists: data/research/content-ops/operator-beddgelert-bikes.json. Audit gap: Fill 5 missing fields,68,70
operator-big-blue-experience,commercial,operator,/directory/big-blue-experience,Big Blue Experience,,,unclassified_operator,34,qa_needed,false,content-ops,,12,"https://www.thebigblueexperience.com | https://www.bigblueexperience.co.uk, | https://www.thebigblueexperience.com. | https://www.thebigblueexperience.com/ | https://www.thebigblueexperience.com/contact-big-blue/ | https://wellwild.com/listing/the-big-blue-experience/ | https://www.visitpembrokeshire.com/activity-listing/the-big-blue-experience | https://www.thebigblueexperience.com/, | https://www.visitpembrokeshire.com/activity-listing/the-big-blue-experience, | https://wellwild.com/listing/the-big-blue-experience/, | https://perfectpaddles.com/paddle-boarding-pro/the-big-blue-experience/ | https://www.thebigblueexperience.com/kitesurfing-courses/",sourced,needs_review,,needs_review,needs_review,needs_review,needs_review,not_applicable,2026-06-04,,,,"Operator ""Big Blue Experience"" missing: no description, no cover image, no logo, no email, no Google rating | Operator ""Big Blue Experience"" missing: no description, no cover image, no logo, no email, no Google rating",Audit gap: Fill 5 missing fields | Research output exists: data/research/content-ops/operator-big-blue-experience.json. Audit gap: Fill 5 missing fields,68,70
operator-bike-corris,commercial,operator,/directory/bike-corris,Bike Corris,,,unclassified_operator,34,qa_needed,false,content-ops,,12,https://www.bikecorris.co.uk | https://www.bikecorris.co.uk/contact | https://www.mbwales.com/listings/bike-corris/ | https://find-and-update.company-information.service.gov.uk/company/12079670 | https://www.ridenorthwales.co.uk/listings/bike-corris/ | https://www.bikecorris.co.uk/guiding | https://www.instagram.com/bikecorris/ | https://www.facebook.com/bikecorris/ | https://www.wideopenmountainbike.com/2025/07/david-evans-passes-on-bike-corris-torch-after-a-decade | https://openverse.org | https://www.flickr.com/search/?license=1%2C2%2C3%2C4%2C5%2C6%2C9%2C10&text=dyfi+forest+mountain+bike | https://www.visitwales.com/press-and-media,sourced,missing,,needs_review,needs_review,needs_review,needs_review,not_applicable,2026-06-04,,,,"Operator ""Bike Corris"" missing: no cover image, no logo, no phone, no email, no Google rating | Operator ""Bike Corris"" missing: no cover image, no logo, no phone, no email, no Google rating",Audit gap: Fill 5 missing fields | Research output exists: data/research/content-ops/operator-bike-corris.json. Audit gap: Fill 5 missing fields,68,70
operator-black-mountain-activities,commercial,operator,/directory/black-mountain-activities,Black Mountain Activities,,,unclassified_operator,34,blocked,false,content-ops,,12,https://find-and-update.company-information.service.gov.uk/company/04659715 | https://www.blackmountain.co.uk | https://www.visitwales.com/activity/activity/black-mountain-activities-529181 | https://www.blackmountain.co.uk/contact-us/ | https://aala.hse.gov.uk/aala/provider_detail.php?ref_no=R0704 | https://www.blackmountain.co.uk/ | https://bannaubrycheiniog.org/businesses/black-mountain-adventure/ | https://www.blackmountain.co.uk/tours/gorge-adventure/ | https://www.blackmountain.co.uk/tours/caving/ | https://www.tripadvisor.com/Attraction_Review-g186454-d243012-Reviews-Black_Mountain_Adventure-Brecon_Brecon_Beacons_National_Park_Wales.html | https://www.facebook.com/BlackMountainAdventures/ | https://www.facebook.com/BlackMountainActivities/,sourced,needs_review,,needs_review,needs_review,needs_review,needs_review,not_applicable,2026-06-04,,,,"Operator ""Black Mountain Activities"" missing: no cover image, no logo, no coordinates, no phone, no email | Operator ""Black Mountain Activities"" missing: no cover image, no logo, no coordinates, no phone, no email",Audit gap: Fill 5 missing fields | Research output exists: data/research/content-ops/operator-black-mountain-activities.json. Audit gap: Fill 5 missing fields,68,70
operator-black-mountains-cycle-centre,commercial,operator,/directory/black-mountains-cycle-centre,Black Mountains Cycle Centre,,,unclassified_operator,34,qa_needed,false,content-ops,,11,https://dirtfarm.wales/ | https://find-and-update.company-information.service.gov.uk/company/09053176 | https://www.visitwales.com/activity/black-mountains-cycle-centre-2166612 | https://dirtfarm.wales/faqs/ | https://ibikeride.com/wales/black-mountains-cycle-centre | https://dirtfarm.wales/visit | https://www.visitmonmouthshire.com/things-to-do/dirt-farm-wales-p1505201 | https://www.tripadvisor.com/Attraction_Review-g186433-d15194587-Reviews-Dirt_Farm-Abergavenny_Monmouthshire_South_Wales_Wales.html | https://www.moredirt.com/trail/United-Kingdom_South-Wales/Dirt-Farm-Downhill-Bike-Park/1522 | https://www.facebook.com/dirtfarmwales/ | https://x.com/dirtfarmwales,sourced,missing,,needs_review,needs_review,needs_review,needs_review,not_applicable,2026-06-04,,,,"Operator ""Black Mountains Cycle Centre"" missing: no cover image, no logo, no phone, no email, no Google rating | Operator ""Black Mountains Cycle Centre"" missing: no cover image, no logo, no phone, no email, no Google rating",Audit gap: Fill 5 missing fields | Research output exists: data/research/content-ops/operator-black-mountains-cycle-centre.json. Audit gap: Fill 5 missing fields,68,70
operator-blue-ocean-activities,commercial,operator,/directory/blue-ocean-activities,Blue Ocean Activities,,,unclassified_operator,34,qa_needed,false,content-ops,,12,"https://www.blueoceanactivities.co.uk | https://blueocean-teamevents.co.uk. | https://www.blueoceanactivities.co.uk/ | https://blueocean-teamevents.co.uk | https://www.blueoceanactivities.co.uk/contact/ | https://www.visitmidwales.co.uk/things-to-do/blue-ocean-activities-and-adventure-p1727731 | https://www.blueoceanactivities.co.uk/activities/ | https://www.blueoceanactivities.co.uk/coasteering-wales/ | https://www.blueoceanactivities.co.uk/, | https://www.blueoceanactivities.co.uk/activities/, | https://www.blueoceanactivities.co.uk/stag-activities-cardiff/ | https://www.visitwales.com/activity/activity/blue-ocean-activities-529471",sourced,needs_review,,needs_review,needs_review,needs_review,needs_review,not_applicable,2026-06-04,,,,"Operator ""Blue Ocean Activities"" missing: no description, no cover image, no logo, no phone, no Google rating | Operator ""Blue Ocean Activities"" missing: no description, no cover image, no logo, no phone, no Google rating",Audit gap: Fill 5 missing fields | Research output exists: data/research/content-ops/operator-blue-ocean-activities.json. Audit gap: Fill 5 missing fields,68,70
operator-caersws-dh,commercial,operator,/directory/caersws-dh,Caersws Dh,,,unclassified_operator,34,qa_needed,false,content-ops,,12,https://find-and-update.company-information.service.gov.uk/company/14802044 | https://find-and-update.company-information.service.gov.uk/company/14802044/officers | https://www.caerswsbikepark.co.uk/ | https://www.caerswsbikepark.co.uk/the-bike-park | https://singletrackworld.com/charged/2024/05/triple-black-diamond-helfare-highway-comes-to-caersws-bike-park/ | https://www.moredirt.com/trail/United-Kingdom_Mid-Wales/Caersws-DH-Bikepark/858 | https://www.caerswsbikepark.co.uk/uplift-dates | https://www.prolinemtbcoaching.com/caersws-bike-park | https://www.saracen.co.uk/blogs/news/saracen-announces-a-new-partnership-with-caersws-bike-park | https://www.facebook.com/CaerswsDHbikepark/ | https://www.instagram.com/caersws_bike_park/ | https://www.trailforks.com/region/caersws-dh-bikepark-18387/,sourced,needs_review,,needs_review,needs_review,needs_review,needs_review,not_applicable,2026-06-04,,,,"Operator ""Caersws DH"" missing: no description, no cover image, no logo, no website, no phone, no email, no Google rating | Operator ""Caersws DH"" missing: no description, no cover image, no logo, no website, no phone, no email, no Google rating",Audit gap: Fill 7 missing fields | Research output exists: data/research/content-ops/operator-caersws-dh.json. Audit gap: Fill 7 missing fields,68,70
operator-campbell-coaching,commercial,operator,/directory/campbell-coaching,Campbell Coaching,,,unclassified_operator,34,qa_needed,false,content-ops,,12,"https://www.campbellcoaching.eu/ | https://www.campbellcoaching.eu/about-us | https://www.cyclinguk.org/biography/ally-campbell | https://www.linkedin.com/in/bob-campbell-94562536/ | https://www.campbellcoaching.eu/contact | http://www.onegiantleapllangollen.co.uk/mtb-coaching/9-campbell-coaching | https://dramaticheart.wales/discover-our-area/activity/campbell-coaching/ | https://www.campbellcoaching.eu/, | https://www.campbellcoaching.eu/about-us, | https://dramaticheart.wales/discover-our-area/activity/campbell-coaching/, | https://www.campbellcoaching.eu/coaching | https://www.campbellcoaching.eu/service-page/cycle-trail-inspection-course-1",sourced,needs_review,,needs_review,needs_review,needs_review,needs_review,not_applicable,2026-06-04,,,,"Operator ""Campbell Coaching"" missing: no cover image, no logo, no phone, no email, no Google rating | Operator ""Campbell Coaching"" missing: no cover image, no logo, no phone, no email, no Google rating",Audit gap: Fill 5 missing fields | Research output exists: data/research/content-ops/operator-campbell-coaching.json. Audit gap: Fill 5 missing fields,68,70
operator-cardiff-international-white-water,commercial,operator,/directory/cardiff-international-white-water,Cardiff International White Water,,,unclassified_operator,34,qa_needed,false,content-ops,,12,"https://www.ciww.com | https://en.wikipedia.org/wiki/Cardiff_International_White_Water | https://www.visitwales.com/activity/cardiff-international-white-water-1853662 | https://www.ciww.com/activities | https://en.wikipedia.org/wiki/Cardiff_International_White_Water, | https://www.ciww.com/activities, | https://www.tripadvisor.com/Attraction_Review-g186460-d2689570-Reviews-Cardiff_International_White_Water-Cardiff_South_Wales_Wales.html | https://wanderlog.com/place/details/754432/cardiff-international-white-water | https://maps.google.com | https://www.google.com/maps/search/?api=1&query=Cardiff+International+White+Water+Cardiff+Bay | https://www.facebook.com/cardiffintww | https://www.instagram.com/cardiffintww/",sourced,needs_review,,needs_review,needs_review,needs_review,needs_review,not_applicable,2026-06-04,,,,"Operator ""Cardiff International White Water"" missing: no description, no cover image, no logo, no Google rating | Operator ""Cardiff International White Water"" missing: no description, no cover image, no logo, no Google rating",Audit gap: Fill 4 missing fields | Research output exists: data/research/content-ops/operator-cardiff-international-white-water.json. Audit gap: Fill 4 missing fields,68,70
operator-cardigan-bay-active,commercial,operator,/directory/cardigan-bay-active,Cardigan Bay Active,,,unclassified_operator,34,qa_needed,false,content-ops,,12,https://www.cardiganbayactive.co.uk | https://cardiganbayactive.cinolla.com/cardiganbay/ | https://www.cardiganbayactive.co.uk/about-us | https://www.cardiganbayactive.co.uk/contact-us | https://www.cardigan-bay.com/cardigan-bay-active/ | https://wanderlog.com/place/details/3784995/cardigan-bay-active | https://www.cardiganbayactive.co.uk/activities/coasteering | https://cardiganbayactive.co.uk/activities | https://ivisitwales.co.uk/wales-attractions/cardigan-bay-active-2/ | https://www.tripadvisor.co.uk/Attraction_Review-g316011-d4339708-Reviews-Cardigan_Bay_Active-Cardigan_Ceredigion_Wales.html | https://www.facebook.com/cardiganbayactive/ | https://www.facebook.com/adventurebeyond,sourced,needs_review,,needs_review,needs_review,needs_review,needs_review,not_applicable,2026-06-04,,,,"Operator ""Cardigan Bay Active"" missing: no description, no cover image, no logo, no coordinates, no phone, no email, no Google rating | Operator ""Cardigan Bay Active"" missing: no description, no cover image, no logo, no coordinates, no phone, no email, no Google rating",Audit gap: Fill 7 missing fields | Research output exists: data/research/content-ops/operator-cardigan-bay-active.json. Audit gap: Fill 7 missing fields,68,70
operator-celtic-canoes,commercial,operator,/directory/celtic-canoes,Celtic Canoes,,,unclassified_operator,34,qa_needed,false,content-ops,,12,https://www.celticcanoes.co.uk/ | https://www.celticcanoes.co.uk/contact | https://www.celticcanoes.co.uk/contact. | https://www.wyevalleycanoes.co.uk/ | https://www.celticcanoes.co.uk/river-wye-multi-day-canoe-trips | https://www.celticcanoes.co.uk/terms-conditions | https://www.celticcanoes.co.uk/faqs | https://www.instagram.com/celticcanoes | https://www.facebook.com/celticcanoes | https://aala.hse.gov.uk/aala/provider_search.php | https://www.celticcanoes.co.uk/canoeing-the-river-wye-environment. | https://www.celticcanoes.co.uk/canoeing-the-river-wye-environment,sourced,needs_review,,needs_review,needs_review,needs_review,needs_review,not_applicable,2026-06-04,,,,"Operator ""Celtic Canoes"" missing: no description, no cover image, no logo, no email, no Google rating | Operator ""Celtic Canoes"" missing: no description, no cover image, no logo, no email, no Google rating",Audit gap: Fill 5 missing fields | Research output exists: data/research/content-ops/operator-celtic-canoes.json. Audit gap: Fill 5 missing fields,68,70
operator-celtic-quest-coasteering,commercial,operator,/directory/celtic-quest-coasteering,Celtic Quest Coasteering,,,unclassified_operator,34,researched,false,content-ops,,6,https://www.celticquestcoasteering.com/ | https://www.tripadvisor.co.uk/Attraction_Review-g552047-d1881513-Reviews-Celtic_Quest_Coasteering-Haverfordwest_Pembrokeshire_Wales.html | https://www.celticquestcoasteering.com/contact-us/ | https://www.visitpembrokeshire.com/activity-listing/celtic-quest-coasteering | https://www.celticquestcoasteering.com/about-us/ | https://www.celticquestcoasteering.com/prices/,sourced,missing,,needs_review,needs_review,needs_review,needs_review,not_applicable,2026-07-03,,,,"Operator ""Celtic Quest Coasteering"" missing: no cover image, no logo, no coordinates, no phone, no email | Operator ""Celtic Quest Coasteering"" missing: no cover image, no logo, no coordinates, no phone, no email",Audit gap: Fill 5 missing fields | Research output exists: data/research/content-ops/operator-celtic-quest-coasteering.json. Audit gap: Fill 5 missing fields,68,70
operator-celtic-trail-shuttle,commercial,operator,/directory/celtic-trail-shuttle,Celtic Trail Shuttle,,,unclassified_operator,34,blocked,false,content-ops,,12,https://www.visitwales.com/things-do/adventure-and-activities/cycling-and-mountain-biking/celtic-trail-journey-discovery | https://en.wikipedia.org/wiki/Celtic_Trail_cycle_route | https://www.flickr.com/groups/cyclinguk/ | https://openverse.org/search/?q=cycling+wales+trail | https://www.droverholidays.co.uk/self-cycling.php | https://www.visitwales.com/activity/walkalongway-950359 | https://www.visitpembrokeshire.com/explore-pembrokeshire/getting-around | https://www.visitwales.com/ | https://traveltrade.visitwales.com/ | https://www.walkwheelcycletrust.org.uk/find-other-routes/celtic-trail/ | https://epicroadrides.com/cycling-blog/celtic-trail-cycle-route-cycling-pembrokeshire/ | https://forum.cyclinguk.org/viewtopic.php?t=83044,sourced,missing,,needs_review,needs_review,needs_review,needs_review,not_applicable,2026-06-04,,,,"Operator ""Celtic Trail Cycle Shuttle"" missing: no cover image, no logo, no coordinates, no Google rating | Operator ""Celtic Trail Cycle Shuttle"" missing: no cover image, no logo, no coordinates, no Google rating",Audit gap: Fill 4 missing fields | Research output exists: data/research/content-ops/operator-celtic-trail-shuttle.json. Audit gap: Fill 4 missing fields,68,70
operator-ciww,commercial,operator,/directory/ciww,Ciww,,,unclassified_operator,34,blocked,false,content-ops,,3,https://www.ciww.com | https://www.visitwales.com/activity/cardiff-international-white-water-1853662 | https://commons.wikimedia.org/wiki/File:Cardiff_International_White_Water_(Cardiff_Bay,sourced,needs_review,,needs_review,needs_review,needs_review,needs_review,not_applicable,2026-06-04,,,,"Operator ""Cardiff International White Water"" missing: no description, no cover image, no logo, no Google rating | Operator ""Cardiff International White Water"" missing: no description, no cover image, no logo, no Google rating",Audit gap: Fill 4 missing fields | Research output exists: data/research/content-ops/operator-ciww.json. Audit gap: Fill 4 missing fields,68,70
operator-climb-snowdon,commercial,operator,/directory/climb-snowdon,Climb Snowdon,,,unclassified_operator,34,qa_needed,false,content-ops,,12,https://www.climb-snowdon.co.uk/ | https://www.climb-snowdon.co.uk | https://climbsnowdon.co.uk | https://www.climb-snowdon.co.uk/about-us | https://www.climb-snowdon.co.uk/contact/ | https://www.climb-snowdon.co.uk/guided-walks | https://www.bcorporation.net/find-a-b-corp/ | https://www.livingwage.org.uk/accredited-living-wage-employers. | https://www.tripadvisor.com/Attraction_Review-g186448-d8725597-Reviews-Snowdon_Walks-Llanberis_Snowdonia_National_Park_North_Wales_Wales.html | https://www.facebook.com/ClimbSnowdon | https://x.com/ClimbSnowdon | https://www.instagram.com/ClimbSnowdon,sourced,needs_review,,needs_review,needs_review,needs_review,needs_review,not_applicable,2026-06-04,,,,"Operator ""Climb Snowdon"" missing: no cover image, no logo, no phone, no Google rating | Operator ""Climb Snowdon"" missing: no cover image, no logo, no phone, no Google rating",Audit gap: Fill 4 missing fields | Research output exists: data/research/content-ops/operator-climb-snowdon.json. Audit gap: Fill 4 missing fields,68,70
operator-cwmcarn-forest,commercial,operator,/directory/cwmcarn-forest,Cwmcarn Forest,,,unclassified_operator,34,qa_needed,false,content-ops,,12,"https://www.cwmcarnforest.co.uk/ | https://commons.wikimedia.org/w/index.php?search=Cwmcarn+Forest&ns6=1 | https://commons.wikimedia.org/wiki/Category:Cwmcarn_Forest | https://www.geograph.org.uk/search.php?q=Cwmcarn+forest | https://openverse.org/search/images?q=Cwmcarn+Forest+Wales | https://www.cwmcarnforest.co.uk/wp-content/themes/cwmcarn/images/cwmcarn_logo.svg. | https://www.cwmcarn.co.uk | https://naturalresources.wales/days-out/places-to-visit/south-east-wales/cwm-carn-forest/?lang=en | https://www.cwmcarnforest.co.uk/, | https://naturalresources.wales/days-out/places-to-visit/south-east-wales/cwm-carn-forest/?lang=en, | https://www.visitwales.com/attraction/visitor-centre/cwmcarn-forest-and-visitor-centre-536431 | https://www.cwmcarnforest.co.uk/.",sourced,needs_review,,needs_review,needs_review,needs_review,needs_review,not_applicable,2026-06-04,,,,"Operator ""Cwmcarn Forest"" missing: no cover image, no logo, no phone, no email | Operator ""Cwmcarn Forest"" missing: no cover image, no logo, no phone, no email",Audit gap: Fill 4 missing fields | Research output exists: data/research/content-ops/operator-cwmcarn-forest.json. Audit gap: Fill 4 missing fields,68,70
operator-dan-yr-ogof-showcaves,commercial,operator,/directory/dan-yr-ogof-showcaves,Dan Yr Ogof Showcaves,,,unclassified_operator,34,qa_needed,false,content-ops,,12,https://www.showcaves.co.uk/ | https://www.showcavesbookings.co.uk/ | https://www.showcaves.co.uk/plan-your-visit; | https://www.visitwales.com/attraction/underground-attraction/dan-yr-ogof-536881; | https://www.bannaubrycheiniog.org/ | https://www.showcaves.co.uk/; | https://en.wikipedia.org/wiki/Dan_yr_Ogof; | https://www.visitwales.com/attraction/underground-attraction/dan-yr-ogof-536881 | https://en.wikipedia.org/wiki/Dan_yr_Ogof | https://www.bannaubrycheiniog.org/; | https://www.showcaves.com/english/gb/showcaves/Dan-Yr-Ogof.html; | https://www.showcaves.com/english/gb/showcaves/Dan-Yr-Ogof.html,sourced,needs_review,,needs_review,needs_review,needs_review,needs_review,not_applicable,2026-06-04,,,,"Operator ""Dan yr Ogof Showcaves"" missing: no cover image, no logo, no coordinates, no phone, no email | Operator ""Dan yr Ogof Showcaves"" missing: no cover image, no logo, no coordinates, no phone, no email",Audit gap: Fill 5 missing fields | Research output exists: data/research/content-ops/operator-dan-yr-ogof-showcaves.json. Audit gap: Fill 5 missing fields,68,70
operator-dyfi-bike-park,commercial,operator,/directory/dyfi-bike-park,Dyfi Bike Park,,,unclassified_operator,34,qa_needed,false,content-ops,,12,https://www.dyfibikepark.co.uk/ | https://www.dyfibikepark.co.uk/tracks/ | https://www.dyfibikepark.co.uk/the-park/ | https://www.dyfibikepark.co.uk/product/uplift/ | https://www.bikeparkdyfi.co.uk/ | https://www.mbwales.com/agents/dyfi-bike-park/ | https://www.mbwales.com/listings/dyfi-bike-park-trails/ | https://www.visitmidwales.co.uk/showmewales/things-to-do/dyfi-bike-park-p1735201 | https://find-and-update.company-information.service.gov.uk/company/10605938 | https://ibikeride.com/wales/dyfi-bike-park | https://ratings.food.gov.uk/business/1792898 | https://www.singletracks.com/bike-trails/dyfi-bike-park/,sourced,needs_review,,needs_review,needs_review,needs_review,needs_review,not_applicable,2026-06-04,,,,"Operator ""Dyfi Bike Park"" missing: no description, no cover image, no logo, no phone, no email, no Google rating | Operator ""Dyfi Bike Park"" missing: no description, no cover image, no logo, no phone, no email, no Google rating",Audit gap: Fill 6 missing fields | Research output exists: data/research/content-ops/operator-dyfi-bike-park.json. Audit gap: Fill 6 missing fields,68,70
operator-elan-valley-lodge,commercial,operator,/directory/elan-valley-lodge,Elan Valley Lodge,,,unclassified_operator,34,qa_needed,false,content-ops,,12,https://find-and-update.company-information.service.gov.uk/company/02243757 | https://www.elanvalleyleisure.co.uk | https://www.visitwales.com/accommodation/activity-accommodation/elan-valley-lodge-538571 | https://www.elanvalleylodge.co.uk | https://www.elanvalleylodge.co.uk/ | https://www.elanvalleylodge.co.uk/contact-us | https://www.elanvalleylodge.co.uk/about-elan-valley-lodge | https://britishlistedbuildings.co.uk/300016206-elan-valley-lodge-rhayader | https://www.elanvalleyleisure.co.uk/the-lodge | https://www.elanvalleyleisure.co.uk/mountain-biking | https://www.elanvalleyleisure.co.uk/ | https://www.tripadvisor.co.uk/Hotel_Review-g658251-d2531146-Reviews-Elan_Valley_Lodge-Rhayader_Powys_Wales.html,sourced,needs_review,,needs_review,needs_review,needs_review,needs_review,not_applicable,2026-06-04,,,,"Operator ""Elan Valley Lodge"" missing: no description, no cover image, no logo, no website, no phone, no email, no Google rating | Operator ""Elan Valley Lodge"" missing: no description, no cover image, no logo, no website, no phone, no email, no Google rating",Audit gap: Fill 7 missing fields | Research output exists: data/research/content-ops/operator-elan-valley-lodge.json. Audit gap: Fill 7 missing fields,68,70
operator-evolution-bikes,commercial,operator,/directory/evolution-bikes,Evolution Bikes,,,unclassified_operator,34,qa_needed,false,content-ops,,12,"https://www.evolution-bikes.co.uk | https://www.trekbikes.com/gb/en_GB/store/91613/ | https://www.evolution-bikes.co.uk,,01248 | https://www.evolution-bikes.co.uk/pages/contact/ | https://www.facebook.com/evolutionbikesbangor/ | https://www.instagram.com/evolution_bikes_shop/ | https://www.instagram.com/evolution_bikes_portheirias/ | https://www.evolution-bikes.co.uk/pages/hire-bangor/ | https://www.cyclescheme.co.uk/retailer/evolution-bikes-bangor | https://reviews.birdeye.com/evolution-bikes-167669706154177 | https://www.evolution-bikes.co.uk/pages/hire/ | https://bangor.cylex-uk.co.uk/company/evolution-bikes-bangor-17787029.html",sourced,missing,,needs_review,needs_review,needs_review,needs_review,not_applicable,2026-06-04,,,,"Operator ""Evolution Bikes"" missing: no description, no cover image, no logo, no email, no Google rating | Operator ""Evolution Bikes"" missing: no description, no cover image, no logo, no email, no Google rating",Audit gap: Fill 5 missing fields | Research output exists: data/research/content-ops/operator-evolution-bikes.json. Audit gap: Fill 5 missing fields,68,70
operator-expedition-guide,commercial,operator,/directory/expedition-guide,Expedition Guide,,,unclassified_operator,34,qa_needed,false,content-ops,,12,https://www.expeditionguide.com/ | https://www.expeditionguide.com/contact-3/ | https://www.expeditionguide.com/about-us/ | https://www.expeditionguide.com/intro-to-scrambling-course-snowdonia/ | https://www.expeditionguide.com/advanced-scrambling-learn-to-lead-course/ | https://www.expeditionguide.com/course-notes-mountaincraft-course/ | https://www.expeditionguide.com/mountain-leader-training-course-snowdonia/ | https://www.expeditionguide.com/ML%20Assessment.php | https://www.expeditionguide.com/portfolio-items/mountain-leader-refresher-with-rob-johnson/ | https://www.expeditionguide.com/welshwinterclimbing.php | https://www.expeditionguide.com/portfolio-items/winter-prep-weekend/ | https://www.expeditionguide.com/2024/10/rock-climbing-snowdonia/,sourced,missing,,needs_review,needs_review,needs_review,needs_review,not_applicable,2026-06-04,,,,"Operator ""Expedition Guide"" missing: no cover image, no logo, no phone, no Google rating | Operator ""Expedition Guide"" missing: no cover image, no logo, no phone, no Google rating",Audit gap: Fill 4 missing fields | Research output exists: data/research/content-ops/operator-expedition-guide.json. Audit gap: Fill 4 missing fields,68,70
operator-forest-freeride,commercial,operator,/directory/forest-freeride,Forest Freeride,,,unclassified_operator,34,qa_needed,false,content-ops,,12,https://www.forestfreeride.co.uk | https://advntr.cc/bear-bones-200/ | http://www.forestfreeride.co.uk/pages/guiding+trips.html | https://www.bearbonesbikepacking.co.uk/events/wrt-event/ | https://www.bearbonesbikepacking.co.uk/events/bb200-event/ | https://www.forestfreeride.co.uk/pages/wildmap.html | https://www.facebook.com/people/The-Forest-Freeride/61569820735700/ | https://www.facebook.com/bearbonesbikepacking/ | https://www.bearbonesbikepacking.co.uk | https://www.bearbonesbikepacking.co.uk/contact/ | https://www.forestfreeride.co.uk/ | https://m.facebook.com/people/The-Forest-Freeride/61569820735700/,sourced,needs_review,,needs_review,needs_review,needs_review,needs_review,not_applicable,2026-06-04,,,,"Operator ""Forest Freeride"" missing: no description, no cover image, no logo, no website, no phone, no email, no Google rating | Operator ""Forest Freeride"" missing: no description, no cover image, no logo, no website, no phone, no email, no Google rating",Audit gap: Fill 7 missing fields | Research output exists: data/research/content-ops/operator-forest-freeride.json. Audit gap: Fill 7 missing fields,68,70
operator-gaynor-lee-coaching,commercial,operator,/directory/gaynor-lee-coaching,Gaynor Lee Coaching,,,unclassified_operator,34,blocked,false,content-ops,,5,https://ghcoachingservices.wixsite.com/my-site-1/about-gaynor | https://ghcoachingservices.wixsite.com/my-site-1 | https://find-and-update.company-information.service.gov.uk/search?q=gaynor+lee+coaching | https://find-and-update.company-information.service.gov.uk/officers/2aw5udrQO02RfoezsBn_JEK7GPw/appointments | https://uk.linkedin.com/in/gaynor-lee-7672ab78,sourced,needs_review,,needs_review,needs_review,needs_review,needs_review,not_applicable,2026-06-04,,,,"Operator ""Gaynor Lee Coaching"" missing: no description, no cover image, no logo, no website, no phone, no email, no Google rating | Operator ""Gaynor Lee Coaching"" missing: no description, no cover image, no logo, no website, no phone, no email, no Google rating",Audit gap: Fill 7 missing fields | Research output exists: data/research/content-ops/operator-gaynor-lee-coaching.json. Audit gap: Fill 7 missing fields,68,70
operator-gethin-woods-bike-park,commercial,operator,/directory/gethin-woods-bike-park,Gethin Woods Bike Park,,,unclassified_operator,34,blocked,false,content-ops,,12,https://www.mbwales.com/agents/bikepark-wales/ | https://www.visitwales.com/activity/activity/bikepark-wales-529131 | https://www.breconbeaconstourism.org/business/bike-park-wales/ | https://www.visitmerthyr.co.uk/things-to-do/attractions/bikepark-wales/ | https://www.bikeparkwales.com | https://naturalresources.wales/about-us/news-and-blogs/news/future-forest-vision-for-gethin-forest-and-bikepark-wales-takes-root/?lang=en | https://www.mbwales.com/agents/bikepark-wales/; | https://www.visitwales.com/activity/activity/bikepark-wales-529131; | https://www.bikeparkwales.com/opening-hours | https://ibikeride.com/wales/bikepark-wales-gethin-woods | https://www.facebook.com/BikeParkWales/ | https://www.instagram.com/bikepark_wales/,sourced,needs_review,,needs_review,needs_review,needs_review,needs_review,not_applicable,2026-06-04,,,,"Operator ""Gethin Woods (Bike Park Merthyr)"" missing: no cover image, no logo, no phone, no email | Operator ""Gethin Woods (Bike Park Merthyr)"" missing: no cover image, no logo, no phone, no email",Audit gap: Fill 4 missing fields | Research output exists: data/research/content-ops/operator-gethin-woods-bike-park.json. Audit gap: Fill 4 missing fields,68,70
operator-gigrin-farm,commercial,operator,/directory/gigrin-farm,Gigrin Farm,,,unclassified_operator,34,qa_needed,false,content-ops,,12,https://www.gigrin.co.uk | https://www.gigrin.co.uk/about | https://www.visitwales.com/attraction/nature-or-wildlife/gigrin-farm-red-kite-centre-540891 | https://www.trybooking.com/uk/events/landing/95119 | https://www.trybooking.com/uk/events/giftcertificate/2571 | https://www.instagram.com/gigrinfarm | https://www.facebook.com/GigrinFarmOffical | https://traveltrade.visitwales.com/attraction/nature-or-wildlife/gigrin-red-kite-feeding-centre-581171 | https://upload.wikimedia.org/wikipedia/commons/a/a0/Flock_of_Red_Kites_at_Gigrin_Farm_-_geograph.org.uk_-_4979150.jpg | https://commons.wikimedia.org/wiki/File:Flock_of_Red_Kites_at_Gigrin_Farm_-_geograph.org.uk_-_4979150.jpg | https://creativecommons.org/licenses/by-sa/2.0/ | https://upload.wikimedia.org/wikipedia/commons/c/cb/Red_Kite_and_Buzzard%2C_Gigrin_Farm_-_geograph.org.uk_-_2392406.jpg,sourced,needs_review,,needs_review,needs_review,needs_review,needs_review,not_applicable,2026-06-04,,,,"Operator ""Gigrin Farm Red Kite Feeding"" missing: no cover image, no logo, no phone, no email | Operator ""Gigrin Farm Red Kite Feeding"" missing: no cover image, no logo, no phone, no email",Audit gap: Fill 4 missing fields | Research output exists: data/research/content-ops/operator-gigrin-farm.json. Audit gap: Fill 4 missing fields,68,70
operator-go-below-underground,commercial,operator,/directory/go-below-underground,Go Below Underground,,,unclassified_operator,34,qa_needed,false,content-ops,,12,https://www.go-below.co.uk/ | https://www.go-below.co.uk/contact.asp; | https://www.visitwales.com/activity/go-below-underground-adventures-1889644; | https://www.gonorthwales.co.uk/things-to-do/go-below-underground-adventures-p376231 | https://www.visitwales.com/activity/go-below-underground-adventures-1889644 | https://www.go-below.co.uk/contact.asp | https://www.go-below.co.uk/; | https://www.go-below.co.uk/caving_trip1.asp; | https://www.go-below.co.uk/hero-xtreme.asp; | https://www.go-below.co.uk/ultimate-xtreme.asp; | https://www.go-below.co.uk/essential_information.asp; | https://www.gonorthwales.co.uk/things-to-do/go-below-underground-adventures-p376231;,sourced,needs_review,,needs_review,needs_review,needs_review,needs_review,not_applicable,2026-06-04,,,,"Operator ""Go Below Underground Adventures"" missing: no cover image, no logo, no coordinates, no phone, no email | Operator ""Go Below Underground Adventures"" missing: no cover image, no logo, no coordinates, no phone, no email",Audit gap: Fill 5 missing fields | Research output exists: data/research/content-ops/operator-go-below-underground.json. Audit gap: Fill 5 missing fields,68,70
operator-gone-mountain-biking,commercial,operator,/directory/gone-mountain-biking,Gone Mountain Biking,,,unclassified_operator,34,blocked,false,content-ops,,8,https://www.gonemountainbiking.com/ | https://www.facebook.com/gonemountainbiking/ | https://www.instagram.com/gonemountainbiking/ | https://twitter.com/gonemtbing | http://gonemountainbiking.blogspot.com/ | http://www.gonemountainbiking.com/index.php/maintenance-courses | https://www.mbwales.com/agents/ | https://www.visitwales.com/things-do/adventure-and-activities/cycling-and-mountain-biking/great-places-guided-mountain-bike-holiday,sourced,needs_review,,needs_review,needs_review,needs_review,needs_review,not_applicable,2026-06-04,,,,"Operator ""Gone Mountain Biking"" missing: no description, no cover image, no logo, no website, no phone, no email, no Google rating | Operator ""Gone Mountain Biking"" missing: no description, no cover image, no logo, no website, no phone, no email, no Google rating",Audit gap: Fill 7 missing fields | Research output exists: data/research/content-ops/operator-gone-mountain-biking.json. Audit gap: Fill 7 missing fields,68,70
operator-gower-adventures,commercial,operator,/directory/gower-adventures,Gower Adventures,,,unclassified_operator,34,qa_needed,false,content-ops,,12,https://www.goweradventures.co.uk | https://www.goweradventures.co.uk/ | https://www.goweradventures.co.uk/contact-gower-adventures/ | https://www.visitmidwales.co.uk/showmewales/things-to-do/gower-adventures-p1726371 | https://aala.hse.gov.uk/aala/provider_detail.php?ref_no=R2146 | https://www.goweradventures.co.uk/sit-on-top-kayaking/ | https://www.tourismswanseabay.co.uk/gower-adventures/ | https://www.tripadvisor.com/Attraction_Review-g186466-d10712986-Reviews-Gower_Adventures-Swansea_Swansea_County_South_Wales_Wales.html | https://www.visitwales.com/activity/activity/gower-adventures-542011 | https://industry.visitwales.com/supporting-you/visit-wales-quality-schemes/discover-visit-wales-adventure-activity-assurance-scheme | https://www.visitwales.com | https://www.visitswanseabay.com/listing/gower-adventures/48553101/,sourced,missing,,needs_review,needs_review,needs_review,needs_review,not_applicable,2026-06-04,,,,"Operator ""Gower Adventures"" missing: no description, no cover image, no logo, no Google rating | Operator ""Gower Adventures"" missing: no description, no cover image, no logo, no Google rating",Audit gap: Fill 4 missing fields | Research output exists: data/research/content-ops/operator-gower-adventures.json. Audit gap: Fill 4 missing fields,68,70
operator-gower-surf-academy,commercial,operator,/directory/gower-surf-academy,Gower Surf Academy,,,unclassified_operator,34,research_needed,false,content-ops,,0,,partial,missing,,missing,needs_review,needs_review,needs_review,not_applicable,,,,,"Operator ""Gower Surf Academy"" missing: no description, no cover image, no logo, no email, no Google rating",Audit gap: Fill 5 missing fields,15,45
operator-grange-trekking-centre,commercial,operator,/directory/grange-trekking-centre,Grange Trekking Centre,,,unclassified_operator,34,research_needed,false,content-ops,,0,,missing,missing,,needs_review,needs_review,needs_review,needs_review,not_applicable,,,,,"Operator ""Grange Trekking Centre"" missing: no cover image, no logo, no phone, no email",Audit gap: Fill 4 missing fields,15,25
operator-h-plus-i-adventures,commercial,operator,/directory/h-plus-i-adventures,H Plus I Adventures,,,unclassified_operator,34,research_needed,false,content-ops,,0,,partial,missing,,needs_review,needs_review,needs_review,needs_review,not_applicable,,,,,"Operator ""H+I Adventures"" missing: no cover image, no logo, no phone, no email, no Google rating",Audit gap: Fill 5 missing fields,15,45
operator-haven-sports,commercial,operator,/directory/haven-sports,Haven Sports,,,unclassified_operator,34,research_needed,false,content-ops,,0,,partial,missing,,missing,needs_review,needs_review,needs_review,not_applicable,,,,,"Operator ""Haven Sports"" missing: no description, no cover image, no logo, no email, no Google rating",Audit gap: Fill 5 missing fields,15,45
operator-heatherton-world-of-activities,commercial,operator,/directory/heatherton-world-of-activities,Heatherton World Of Activities,,,unclassified_operator,34,research_needed,false,content-ops,,0,,missing,missing,,needs_review,needs_review,needs_review,needs_review,not_applicable,,,,,"Operator ""Heatherton World of Activities"" missing: no cover image, no logo, no phone, no email",Audit gap: Fill 4 missing fields,15,25
operator-hells-mouth-surf-school,commercial,operator,/directory/hells-mouth-surf-school,Hells Mouth Surf School,,,unclassified_operator,34,research_needed,false,content-ops,,0,,missing,missing,,needs_review,needs_review,needs_review,needs_review,not_applicable,,,,,"Operator ""Hell's Mouth Surf School"" missing: no cover image, no logo, no phone, no email",Audit gap: Fill 4 missing fields,15,25
operator-ll-n-adventures,commercial,operator,/directory/ll-n-adventures,Ll N Adventures,,,unclassified_operator,34,research_needed,false,content-ops,,0,,partial,missing,,missing,needs_review,needs_review,needs_review,not_applicable,,,,,"Operator ""Llŷn Adventures"" missing: no description, no cover image, no logo, no coordinates",Audit gap: Fill 4 missing fields,15,45
operator-llandysul-angling-association,commercial,operator,/directory/llandysul-angling-association,Llandysul Angling Association,,,unclassified_operator,34,research_needed,false,content-ops,,0,,partial,missing,,needs_review,needs_review,needs_review,needs_review,not_applicable,,,,,"Operator ""Llandysul Angling Association"" missing: no cover image, no logo, no phone, no email, no Google rating",Audit gap: Fill 5 missing fields,15,45
operator-llyn-cycle-centre,commercial,operator,/directory/llyn-cycle-centre,Llyn Cycle Centre,,,unclassified_operator,34,research_needed,false,content-ops,,0,,partial,missing,,missing,needs_review,needs_review,needs_review,not_applicable,,,,,"Operator ""Llyn Cycle Centre"" missing: no description, no cover image, no logo, no email, no Google rating",Audit gap: Fill 5 missing fields,15,45
operator-ma-simes-surf-hut,commercial,operator,/directory/ma-simes-surf-hut,Ma Simes Surf Hut,,,unclassified_operator,34,research_needed,false,content-ops,,0,,partial,missing,,needs_review,needs_review,needs_review,needs_review,not_applicable,,,,,"Operator ""Ma Simes Surf Hut"" missing: no cover image, no logo, no coordinates, no Google rating",Audit gap: Fill 4 missing fields,15,45
operator-marsh-tracks,commercial,operator,/directory/marsh-tracks,Marsh Tracks,,,unclassified_operator,34,research_needed,false,content-ops,,0,,partial,missing,,needs_review,needs_review,needs_review,needs_review,not_applicable,,,,,"Operator ""Marsh Tracks"" missing: no cover image, no logo, no email, no Google rating",Audit gap: Fill 4 missing fields,15,45
operator-monmouth-canoe,commercial,operator,/directory/monmouth-canoe,Monmouth Canoe,,,unclassified_operator,34,research_needed,false,content-ops,,0,,partial,missing,,missing,needs_review,needs_review,needs_review,not_applicable,,,,,"Operator ""Monmouth Canoe"" missing: no description, no cover image, no logo, no email, no Google rating",Audit gap: Fill 5 missing fields,15,45
operator-mountain-bike-wales,commercial,operator,/directory/mountain-bike-wales,Mountain Bike Wales,,,unclassified_operator,34,research_needed,false,content-ops,,0,,partial,missing,,needs_review,needs_review,needs_review,needs_review,not_applicable,,,,,"Operator ""Mountain Bike Wales"" missing: no cover image, no logo, no phone, no email, no Google rating",Audit gap: Fill 5 missing fields,15,45
operator-mountain-walks,commercial,operator,/directory/mountain-walks,Mountain Walks,,,unclassified_operator,34,research_needed,false,content-ops,,0,,partial,missing,,needs_review,needs_review,needs_review,needs_review,not_applicable,,,,,"Operator ""Mountain Walks"" missing: no cover image, no logo, no phone, no Google rating",Audit gap: Fill 4 missing fields,15,45
operator-mtb-leadership,commercial,operator,/directory/mtb-leadership,Mtb Leadership,,,unclassified_operator,34,research_needed,false,content-ops,,0,,partial,missing,,missing,needs_review,needs_review,needs_review,not_applicable,,,,,"Operator ""MTB Leadership"" missing: no description, no cover image, no logo, no website, no phone, no email, no Google rating",Audit gap: Fill 7 missing fields,15,45
operator-national-white-water-centre,commercial,operator,/directory/national-white-water-centre,National White Water Centre,,,unclassified_operator,34,research_needed,false,content-ops,,0,,partial,missing,,needs_review,needs_review,needs_review,needs_review,not_applicable,,,,,"Operator ""National White Water Centre"" missing: no cover image, no logo, no coordinates, no phone, no email",Audit gap: Fill 5 missing fields,15,45
operator-newsurf,commercial,operator,/directory/newsurf,Newsurf,,,unclassified_operator,34,research_needed,false,content-ops,,0,,partial,missing,,missing,needs_review,needs_review,needs_review,not_applicable,,,,,"Operator ""Newsurf"" missing: no description, no cover image, no logo, no email, no Google rating",Audit gap: Fill 5 missing fields,15,45
operator-oneplanet-adventure,commercial,operator,/directory/oneplanet-adventure,Oneplanet Adventure,,,unclassified_operator,34,research_needed,false,content-ops,,0,,partial,missing,,missing,needs_review,needs_review,needs_review,not_applicable,,,,,"Operator ""Oneplanet Adventure"" missing: no description, no cover image, no logo, no Google rating",Audit gap: Fill 4 missing fields,15,45
operator-outward-bound-aberdyfi,commercial,operator,/directory/outward-bound-aberdyfi,Outward Bound Aberdyfi,,,unclassified_operator,34,research_needed,false,content-ops,,0,,partial,missing,,missing,needs_review,needs_review,needs_review,not_applicable,,,,,"Operator ""Outward Bound Aberdyfi"" missing: no description, no cover image, no logo, no Google rating",Audit gap: Fill 4 missing fields,15,45
operator-paddles-and-pedals,commercial,operator,/directory/paddles-and-pedals,Paddles And Pedals,,,unclassified_operator,34,research_needed,false,content-ops,,0,,partial,missing,,needs_review,needs_review,needs_review,needs_review,not_applicable,,,,,"Operator ""Paddles & Pedals"" missing: no cover image, no logo, no coordinates, no Google rating",Audit gap: Fill 4 missing fields,15,45
operator-pearce-cycles,commercial,operator,/directory/pearce-cycles,Pearce Cycles,,,unclassified_operator,34,research_needed,false,content-ops,,0,,partial,missing,,missing,needs_review,needs_review,needs_review,not_applicable,,,,,"Operator ""Pearce Cycles"" missing: no description, no cover image, no logo, no phone, no email, no Google rating",Audit gap: Fill 6 missing fields,15,45
operator-pedal-mtb,commercial,operator,/directory/pedal-mtb,Pedal Mtb,,,unclassified_operator,34,research_needed,false,content-ops,,0,,partial,missing,,missing,needs_review,needs_review,needs_review,not_applicable,,,,,"Operator ""Pedal MTB"" missing: no description, no cover image, no logo, no phone, no email, no Google rating",Audit gap: Fill 6 missing fields,15,45
operator-pedalabikeaway,commercial,operator,/directory/pedalabikeaway,Pedalabikeaway,,,unclassified_operator,34,research_needed,false,content-ops,,0,,partial,missing,,missing,needs_review,needs_review,needs_review,not_applicable,,,,,"Operator ""Pedalabikeaway"" missing: no description, no cover image, no logo, no Google rating",Audit gap: Fill 4 missing fields,15,45
operator-pembrokeshire-coastal-bus,commercial,operator,/directory/pembrokeshire-coastal-bus,Pembrokeshire Coastal Bus,,,unclassified_operator,34,research_needed,false,content-ops,,0,,partial,missing,,needs_review,needs_review,needs_review,needs_review,not_applicable,,,,,"Operator ""Pembrokeshire Coastal Bus"" missing: no cover image, no logo, no coordinates, no Google rating",Audit gap: Fill 4 missing fields,15,45
operator-pen-y-gwryd-hotel,commercial,operator,/directory/pen-y-gwryd-hotel,Pen Y Gwryd Hotel,,,unclassified_operator,34,research_needed,false,content-ops,,0,,partial,missing,,needs_review,needs_review,needs_review,needs_review,not_applicable,,,,,"Operator ""The Pen-y-Gwryd Hotel"" missing: no cover image, no logo, no coordinates, no Google rating",Audit gap: Fill 4 missing fields,15,45
operator-pinnacle-cafe,commercial,operator,/directory/pinnacle-cafe,Pinnacle Cafe,,,unclassified_operator,34,research_needed,false,content-ops,,0,,partial,missing,,needs_review,needs_review,needs_review,needs_review,not_applicable,,,,,"Operator ""The Pinnacle Café"" missing: no cover image, no logo, no coordinates, no Google rating",Audit gap: Fill 4 missing fields,15,45
operator-porthcawl-surf-school,commercial,operator,/directory/porthcawl-surf-school,Porthcawl Surf School,,,unclassified_operator,34,research_needed,false,content-ops,,0,,partial,missing,,missing,needs_review,needs_review,needs_review,not_applicable,,,,,"Operator ""Porthcawl Surf School"" missing: no description, no cover image, no logo, no email, no Google rating",Audit gap: Fill 5 missing fields,15,45
operator-pro-ride-mtb,commercial,operator,/directory/pro-ride-mtb,Pro Ride Mtb,,,unclassified_operator,34,research_needed,false,content-ops,,0,,partial,missing,,missing,needs_review,needs_review,needs_review,not_applicable,,,,,"Operator ""Pro Ride MTB"" missing: no description, no cover image, no logo, no website, no phone, no email, no Google rating",Audit gap: Fill 7 missing fields,15,45
operator-psyched-paddleboarding,commercial,operator,/directory/psyched-paddleboarding,Psyched Paddleboarding,,,unclassified_operator,34,research_needed,false,content-ops,,0,,partial,missing,,missing,needs_review,needs_review,needs_review,not_applicable,,,,,"Operator ""Psyched Paddleboarding"" missing: no description, no cover image, no logo, no email, no Google rating",Audit gap: Fill 5 missing fields,15,45
operator-revolution-bike-park,commercial,operator,/directory/revolution-bike-park,Revolution Bike Park,,,unclassified_operator,34,research_needed,false,content-ops,,0,,partial,missing,,missing,needs_review,needs_review,needs_review,not_applicable,,,,,"Operator ""Revolution Bike Park"" missing: no description, no cover image, no logo, no website, no phone, no email, no Google rating",Audit gap: Fill 7 missing fields,15,45
operator-ride-high-mtb,commercial,operator,/directory/ride-high-mtb,Ride High Mtb,,,unclassified_operator,34,research_needed,false,content-ops,,0,,partial,missing,,missing,needs_review,needs_review,needs_review,not_applicable,,,,,"Operator ""Ride High MTB"" missing: no description, no cover image, no logo, no website, no phone, no email, no Google rating",Audit gap: Fill 7 missing fields,15,45
operator-ropeworks-active,commercial,operator,/directory/ropeworks-active,Ropeworks Active,,,unclassified_operator,34,research_needed,false,content-ops,,0,,partial,missing,,needs_review,needs_review,needs_review,needs_review,not_applicable,,,,,"Operator ""Ropeworks Active"" missing: no cover image, no logo, no phone, no Google rating",Audit gap: Fill 4 missing fields,15,45
operator-saundersfoot-pleasure-boats,commercial,operator,/directory/saundersfoot-pleasure-boats,Saundersfoot Pleasure Boats,,,unclassified_operator,34,research_needed,false,content-ops,,0,,partial,missing,,missing,needs_review,needs_review,needs_review,not_applicable,,,,,"Operator ""Saundersfoot Pleasure Boats"" missing: no description, no cover image, no logo, no phone, no email, no Google rating",Audit gap: Fill 6 missing fields,15,45
operator-sea-kayaking-wales,commercial,operator,/directory/sea-kayaking-wales,Sea Kayaking Wales,,,unclassified_operator,34,research_needed,false,content-ops,,0,,partial,missing,,missing,needs_review,needs_review,needs_review,not_applicable,,,,,"Operator ""Sea Kayaking Wales"" missing: no description, no cover image, no logo, no coordinates, no phone, no email, no Google rating",Audit gap: Fill 7 missing fields,15,45
operator-snowdonia-adventures,commercial,operator,/directory/snowdonia-adventures,Snowdonia Adventures,,,unclassified_operator,34,qa_needed,false,content-ops,,12,https://find-and-update.company-information.service.gov.uk/company/05117191 | https://www.tripadvisor.com/Attraction_Review-g5994638-d5993965-Reviews-Snowdonia_Adventures-Llangoed_Anglesey_North_Wales_Wales.html | https://www.snowdonia-adventures.co.uk/ | https://www.snowdonia-adventures.co.uk/contact-us/ | https://www.facebook.com/SnowdoniaAdventures/ | https://find-and-update.company-information.service.gov.uk/company/05117191/officers | https://www.getthedata.com/postcode/LL55-4RY | https://www.snowdonia-adventures.co.uk/summer/guided-hiking-snowdonia/snowdon/ | https://www.snowdonia-adventures.co.uk/summer/skills-courses/3-day-mountain-skills-course/ | https://www.snowdonia-adventures.co.uk/about-us/ | https://aala.hse.gov.uk/aala/provider_search.php | https://www.flickr.com/photos/47515486@N05/14736978280,sourced,missing,,needs_review,needs_review,needs_review,needs_review,not_applicable,2026-06-04,,,,"Operator ""Snowdonia Adventures"" missing: no cover image, no logo, no coordinates, no phone, no email | Operator ""Snowdonia Adventures"" missing: no cover image, no logo, no coordinates, no phone, no email",Audit gap: Fill 5 missing fields | Research output exists: data/research/content-ops/operator-snowdonia-adventures.json. Audit gap: Fill 5 missing fields,68,70
operator-snowdonia-mtb-days,commercial,operator,/directory/snowdonia-mtb-days,Snowdonia Mtb Days,,,unclassified_operator,34,blocked,false,content-ops,,6,https://www.facebook.com/snowdoniamtbevents/?locale=en_GB | https://www.sientries.co.uk/event.php?elid=Y&event_id=14287 | https://www.britishcycling.org.uk/events/details/156912/The-Snowdonia-MTB-Challenge | https://www.facebook.com/mtbsnowdonia/ | https://www.mbwales.com/agents/north-snowdonia/ | https://www.visitwales.com/things-do/adventure-and-activities/cycling-and-mountain-biking/great-places-guided-mountain-bike-holiday,sourced,needs_review,,needs_review,needs_review,needs_review,needs_review,not_applicable,2026-06-04,,,,"Operator ""Snowdonia MTB Days"" missing: no description, no cover image, no logo, no website, no phone, no email, no Google rating | Operator ""Snowdonia MTB Days"" missing: no description, no cover image, no logo, no website, no phone, no email, no Google rating",Audit gap: Fill 7 missing fields | Research output exists: data/research/content-ops/operator-snowdonia-mtb-days.json. Audit gap: Fill 7 missing fields,68,70
operator-summit-cycles,commercial,operator,/directory/summit-cycles,Summit Cycles,,,unclassified_operator,34,research_needed,false,content-ops,,0,,partial,missing,,missing,needs_review,needs_review,needs_review,not_applicable,,,,,"Operator ""Summit Cycles"" missing: no description, no cover image, no logo, no Google rating",Audit gap: Fill 4 missing fields,15,45
operator-summit-to-sea,commercial,operator,/directory/summit-to-sea,Summit To Sea,,,unclassified_operator,34,research_needed,false,content-ops,,0,,partial,missing,,missing,needs_review,needs_review,needs_review,not_applicable,,,,,"Operator ""Summit to Sea"" missing: no description, no cover image, no logo, no coordinates, no phone, no email, no Google rating",Audit gap: Fill 7 missing fields,15,45
operator-surfability-uk,commercial,operator,/directory/surfability-uk,Surfability Uk,,,unclassified_operator,34,research_needed,false,content-ops,,0,,partial,missing,,missing,needs_review,needs_review,needs_review,not_applicable,,,,,"Operator ""Surfability UK"" missing: no description, no cover image, no logo, no email, no Google rating",Audit gap: Fill 5 missing fields,15,45
operator-taskforce-paintball,commercial,operator,/directory/taskforce-paintball,Taskforce Paintball,,,unclassified_operator,34,research_needed,false,content-ops,,0,,missing,missing,,needs_review,needs_review,needs_review,needs_review,not_applicable,,,,,"Operator ""Taskforce Paintball"" missing: no cover image, no logo, no phone, no email",Audit gap: Fill 4 missing fields,15,25
operator-the-fishing-passport,commercial,operator,/directory/the-fishing-passport,The Fishing Passport,,,unclassified_operator,34,research_needed,false,content-ops,,0,,partial,missing,,needs_review,needs_review,needs_review,needs_review,not_applicable,,,,,"Operator ""The Fishing Passport"" missing: no cover image, no logo, no coordinates, no phone, no email, no Google rating",Audit gap: Fill 6 missing fields,15,45
operator-the-gap-wales,commercial,operator,/directory/the-gap-wales,The Gap Wales,,,unclassified_operator,34,research_needed,false,content-ops,,0,,partial,missing,,missing,needs_review,needs_review,needs_review,not_applicable,,,,,"Operator ""The Gap Wales"" missing: no description, no cover image, no logo, no website, no phone, no email, no Google rating",Audit gap: Fill 7 missing fields,15,45
operator-tom-hutton-mtb,commercial,operator,/directory/tom-hutton-mtb,Tom Hutton Mtb,,,unclassified_operator,34,research_needed,false,content-ops,,0,,partial,missing,,needs_review,needs_review,needs_review,needs_review,not_applicable,,,,,"Operator ""Tom Hutton MTB"" missing: no cover image, no logo, no phone, no email, no Google rating",Audit gap: Fill 5 missing fields,15,45
operator-trans-wales-trails,commercial,operator,/directory/trans-wales-trails,Trans Wales Trails,,,unclassified_operator,34,research_needed,false,content-ops,,0,,missing,missing,,needs_review,needs_review,needs_review,needs_review,not_applicable,,,,,"Operator ""Trans Wales Trails"" missing: no cover image, no logo, no phone, no email",Audit gap: Fill 4 missing fields,15,25
operator-up4it-outdoors,commercial,operator,/directory/up4it-outdoors,Up4it Outdoors,,,unclassified_operator,34,research_needed,false,content-ops,,0,,partial,missing,,missing,needs_review,needs_review,needs_review,not_applicable,,,,,"Operator ""Up4It Outdoors"" missing: no description, no cover image, no logo, no coordinates, no phone, no email, no Google rating",Audit gap: Fill 7 missing fields,15,45
operator-wales-outdoors,commercial,operator,/directory/wales-outdoors,Wales Outdoors,,,unclassified_operator,34,research_needed,false,content-ops,,0,,partial,missing,,needs_review,needs_review,needs_review,needs_review,not_applicable,,,,,"Operator ""Wales Outdoors"" missing: no cover image, no logo, no phone, no Google rating",Audit gap: Fill 4 missing fields,15,45
operator-west-wales-windsurf,commercial,operator,/directory/west-wales-windsurf,West Wales Windsurf,,,unclassified_operator,34,research_needed,false,content-ops,,0,,partial,missing,,missing,needs_review,needs_review,needs_review,not_applicable,,,,,"Operator ""West Wales Windsurf"" missing: no description, no cover image, no logo, no email, no Google rating",Audit gap: Fill 5 missing fields,15,45
operator-wild-trails-wales,commercial,operator,/directory/wild-trails-wales,Wild Trails Wales,,,unclassified_operator,34,research_needed,false,content-ops,,0,,partial,missing,,missing,needs_review,needs_review,needs_review,not_applicable,,,,,"Operator ""Wild Trails Wales"" missing: no description, no cover image, no logo, no phone, no email, no Google rating",Audit gap: Fill 6 missing fields,15,45
operator-wildlife-trust-south-west-wales,commercial,operator,/directory/wildlife-trust-south-west-wales,Wildlife Trust South West Wales,,,unclassified_operator,34,research_needed,false,content-ops,,0,,partial,missing,,needs_review,needs_review,needs_review,needs_review,not_applicable,,,,,"Operator ""Wildlife Trust of South & West Wales"" missing: no cover image, no logo, no coordinates, no email",Audit gap: Fill 4 missing fields,15,45
operator-wye-mtb,commercial,operator,/directory/wye-mtb,Wye Mtb,,,unclassified_operator,34,research_needed,false,content-ops,,0,,partial,missing,,needs_review,needs_review,needs_review,needs_review,not_applicable,,,,,"Operator ""WyeMTB"" missing: no cover image, no logo, no phone, no email, no Google rating",Audit gap: Fill 5 missing fields,15,45
operator-wye-valley-canoes,commercial,operator,/directory/wye-valley-canoes,Wye Valley Canoes,,,unclassified_operator,34,research_needed,false,content-ops,,0,,partial,missing,,missing,needs_review,needs_review,needs_review,not_applicable,,,,,"Operator ""Wye Valley Canoes"" missing: no description, no cover image, no logo, no email, no Google rating",Audit gap: Fill 5 missing fields,15,45
operator-aber-adventures,commercial,operator,/directory/aber-adventures,Aber Adventures,,,unclassified_operator,28,research_needed,false,content-ops,,0,,partial,missing,,needs_review,needs_review,needs_review,needs_review,not_applicable,,,,,"Operator ""Aber Adventures"" missing: no cover image, no logo, no Google rating",Audit gap: Fill 3 missing fields,35,45
operator-aberadventures,commercial,operator,/directory/aberadventures,Aberadventures,,,unclassified_operator,28,research_needed,false,content-ops,,0,,missing,missing,,needs_review,needs_review,needs_review,needs_review,not_applicable,,,,,"Operator ""AberAdventures"" missing: no cover image, no logo",Audit gap: Fill 2 missing fields,35,25
operator-anglesey-walking-holidays,commercial,operator,/directory/anglesey-walking-holidays,Anglesey Walking Holidays,,,unclassified_operator,28,research_needed,false,content-ops,,0,,partial,missing,,needs_review,needs_review,needs_review,needs_review,not_applicable,,,,,"Operator ""Anglesey Walking Holidays"" missing: no cover image, no logo, no Google rating",Audit gap: Fill 3 missing fields,35,45
operator-bala-adventure-watersports,commercial,operator,/directory/bala-adventure-watersports,Bala Adventure Watersports,,,unclassified_operator,28,researched,false,content-ops,,7,https://www.balawatersports.com/ | https://www.tripadvisor.com/Attraction_Review-g672155-d2547794-Reviews-Bala_Adventure_and_Watersports-Bala_Snowdonia_Eryri_National_Park_North_Wales_Wal.html | https://www.balawatersports.com/boat-hire/ | https://www.balawatersports.com/adventure-activities-watersports/ | https://www.balawatersports.com/adventure-activities-watersports/canoeing-kayaking/ | https://www.visitsnowdonia.info/bala-adventure-and-watersports | https://www.tripadvisor.com/Attraction_Review-g672155-d2547794-...,sourced,missing,,needs_review,needs_review,needs_review,needs_review,not_applicable,2026-07-03,,,,"Operator ""Bala Adventure & Watersports"" missing: no cover image, no logo, no Google rating | Operator ""Bala Adventure & Watersports"" missing: no cover image, no logo, no Google rating",Audit gap: Fill 3 missing fields | Research output exists: data/research/content-ops/operator-bala-adventure-watersports.json. Audit gap: Fill 3 missing fields,68,70
operator-beics-betws,commercial,operator,/directory/beics-betws,Beics Betws,,,unclassified_operator,28,research_needed,false,content-ops,,0,,partial,missing,,needs_review,needs_review,needs_review,needs_review,not_applicable,,,,,"Operator ""Beics Betws"" missing: no cover image, no logo, no coordinates",Audit gap: Fill 3 missing fields,35,45
operator-boulder-adventures,commercial,operator,/directory/boulder-adventures,Boulder Adventures,,,unclassified_operator,28,research_needed,false,content-ops,,0,,partial,missing,,needs_review,needs_review,needs_review,needs_review,not_applicable,,,,,"Operator ""Boulder Adventures"" missing: no cover image, no logo, no Google rating",Audit gap: Fill 3 missing fields,35,45
operator-caffi-caban,commercial,operator,/directory/caffi-caban,Caffi Caban,,,unclassified_operator,28,research_needed,false,content-ops,,0,,partial,missing,,needs_review,needs_review,needs_review,needs_review,not_applicable,,,,,"Operator ""Caffi Caban"" missing: no cover image, no logo, no coordinates",Audit gap: Fill 3 missing fields,35,45
operator-call-of-the-wild,commercial,operator,/directory/call-of-the-wild,Call Of The Wild,,,unclassified_operator,28,research_needed,false,content-ops,,0,,partial,missing,,needs_review,needs_review,needs_review,needs_review,not_applicable,,,,,"Operator ""Call of the Wild"" missing: no cover image, no logo, no Google rating",Audit gap: Fill 3 missing fields,35,45
operator-cantref-riding-centre,commercial,operator,/directory/cantref-riding-centre,Cantref Riding Centre,,,unclassified_operator,28,research_needed,false,content-ops,,0,,missing,missing,,needs_review,needs_review,needs_review,needs_review,not_applicable,,,,,"Operator ""Cantref Riding Centre"" missing: no cover image, no logo, no email",Audit gap: Fill 3 missing fields,35,25
operator-clyne-farm-centre,commercial,operator,/directory/clyne-farm-centre,Clyne Farm Centre,,,unclassified_operator,28,research_needed,false,content-ops,,0,,partial,missing,,needs_review,needs_review,needs_review,needs_review,not_applicable,,,,,"Operator ""Clyne Farm Centre"" missing: no cover image, no logo, no Google rating",Audit gap: Fill 3 missing fields,35,45
operator-compass-holidays,commercial,operator,/directory/compass-holidays,Compass Holidays,,,unclassified_operator,28,research_needed,false,content-ops,,0,,partial,missing,,needs_review,needs_review,needs_review,needs_review,not_applicable,,,,,"Operator ""Compass Holidays"" missing: no cover image, no logo, no Google rating",Audit gap: Fill 3 missing fields,35,45
operator-contours-walking-holidays,commercial,operator,/directory/contours-walking-holidays,Contours Walking Holidays,,,unclassified_operator,28,research_needed,false,content-ops,,0,,partial,missing,,needs_review,needs_review,needs_review,needs_review,not_applicable,,,,,"Operator ""Contours Walking Holidays"" missing: no cover image, no logo, no Google rating",Audit gap: Fill 3 missing fields,35,45
operator-drover-cycles,commercial,operator,/directory/drover-cycles,Drover Cycles,,,unclassified_operator,28,research_needed,false,content-ops,,0,,partial,missing,,needs_review,needs_review,needs_review,needs_review,not_applicable,,,,,"Operator ""Drover Cycles"" missing: no cover image, no logo, no Google rating",Audit gap: Fill 3 missing fields,35,45
operator-drover-holidays,commercial,operator,/directory/drover-holidays,Drover Holidays,,,unclassified_operator,28,research_needed,false,content-ops,,0,,partial,missing,,needs_review,needs_review,needs_review,needs_review,not_applicable,,,,,"Operator ""Drover Holidays"" missing: no cover image, no logo, no Google rating",Audit gap: Fill 3 missing fields,35,45
operator-edge-of-wales-walk,commercial,operator,/directory/edge-of-wales-walk,Edge Of Wales Walk,,,unclassified_operator,28,research_needed,false,content-ops,,0,,partial,missing,,needs_review,needs_review,needs_review,needs_review,not_applicable,,,,,"Operator ""Edge of Wales Walk"" missing: no cover image, no logo, no Google rating",Audit gap: Fill 3 missing fields,35,45
operator-gecko-surf,commercial,operator,/directory/gecko-surf,Gecko Surf,,,unclassified_operator,28,research_needed,false,content-ops,,0,,missing,missing,,needs_review,needs_review,needs_review,needs_review,not_applicable,,,,,"Operator ""Gecko Surf"" missing: no cover image, no logo",Audit gap: Fill 2 missing fields,35,25
operator-hawk-adventures,commercial,operator,/directory/hawk-adventures,Hawk Adventures,,,unclassified_operator,28,research_needed,false,content-ops,,0,,partial,missing,,needs_review,needs_review,needs_review,needs_review,not_applicable,,,,,"Operator ""Hawk Adventures"" missing: no cover image, no logo, no Google rating",Audit gap: Fill 3 missing fields,35,45
operator-hell-s-mouth-surf-school,commercial,operator,/directory/hell-s-mouth-surf-school,Hell S Mouth Surf School,,,unclassified_operator,28,research_needed,false,content-ops,,0,,partial,missing,,needs_review,needs_review,needs_review,needs_review,not_applicable,,,,,"Operator ""Hell's Mouth Surf School"" missing: no cover image, no logo, no coordinates",Audit gap: Fill 3 missing fields,35,45
operator-hf-holidays,commercial,operator,/directory/hf-holidays,Hf Holidays,,,unclassified_operator,28,research_needed,false,content-ops,,0,,partial,missing,,needs_review,needs_review,needs_review,needs_review,not_applicable,,,,,"Operator ""HF Holidays"" missing: no cover image, no logo, no Google rating",Audit gap: Fill 3 missing fields,35,45
operator-kayak-king,commercial,operator,/directory/kayak-king,Kayak King,,,unclassified_operator,28,research_needed,false,content-ops,,0,,partial,missing,,needs_review,needs_review,needs_review,needs_review,not_applicable,,,,,"Operator ""Kayak King"" missing: no cover image, no logo, no Google rating",Audit gap: Fill 3 missing fields,35,45
operator-kevin-walker-mountain-activities,commercial,operator,/directory/kevin-walker-mountain-activities,Kevin Walker Mountain Activities,,,unclassified_operator,28,research_needed,false,content-ops,,0,,partial,missing,,needs_review,needs_review,needs_review,needs_review,not_applicable,,,,,"Operator ""Kevin Walker Mountain Activities"" missing: no cover image, no logo, no Google rating",Audit gap: Fill 3 missing fields,35,45
operator-large-outdoors,commercial,operator,/directory/large-outdoors,Large Outdoors,,,unclassified_operator,28,research_needed,false,content-ops,,0,,partial,missing,,needs_review,needs_review,needs_review,needs_review,not_applicable,,,,,"Operator ""Large Outdoors"" missing: no cover image, no logo, no Google rating",Audit gap: Fill 3 missing fields,35,45
operator-llangennith-surf-school,commercial,operator,/directory/llangennith-surf-school,Llangennith Surf School,,,unclassified_operator,28,researched,false,content-ops,,4,"https://www.llangennithsurf.co.uk | https://www.llangennithsurfschool.com/, | https://www.llangennithsurfschool.com/ | https://www.llangennithsurfschool.co.uk",sourced,missing,,needs_review,needs_review,needs_review,needs_review,not_applicable,2026-07-03,,,,"Operator ""Llangennith Surf School"" missing: no cover image, no logo | Operator ""Llangennith Surf School"" missing: no cover image, no logo",Audit gap: Fill 2 missing fields | Research output exists: data/research/content-ops/operator-llangennith-surf-school.json. Audit gap: Fill 2 missing fields,68,70
operator-lln-adventures,commercial,operator,/directory/lln-adventures,Lln Adventures,,,unclassified_operator,28,research_needed,false,content-ops,,0,,partial,missing,,needs_review,needs_review,needs_review,needs_review,not_applicable,,,,,"Operator ""Llŷn Adventures"" missing: no cover image, no logo, no coordinates",Audit gap: Fill 3 missing fields,35,45
operator-llyn-adventures,commercial,operator,/directory/llyn-adventures,Llyn Adventures,,,unclassified_operator,28,research_needed,false,content-ops,,0,,missing,missing,,needs_review,needs_review,needs_review,needs_review,not_applicable,,,,,"Operator ""Llŷn Adventures"" missing: no cover image, no logo",Audit gap: Fill 2 missing fields,35,25
operator-macs-adventure,commercial,operator,/directory/macs-adventure,Macs Adventure,,,unclassified_operator,28,research_needed,false,content-ops,,0,,partial,missing,,needs_review,needs_review,needs_review,needs_review,not_applicable,,,,,"Operator ""Macs Adventure"" missing: no cover image, no logo, no Google rating",Audit gap: Fill 3 missing fields,35,45
operator-mickledore-walking-holidays,commercial,operator,/directory/mickledore-walking-holidays,Mickledore Walking Holidays,,,unclassified_operator,28,research_needed,false,content-ops,,0,,partial,missing,,needs_review,needs_review,needs_review,needs_review,not_applicable,,,,,"Operator ""Mickledore Walking Holidays"" missing: no cover image, no logo, no Google rating",Audit gap: Fill 3 missing fields,35,45
operator-muuk-adventures,commercial,operator,/directory/muuk-adventures,Muuk Adventures,,,unclassified_operator,28,research_needed,false,content-ops,,0,,missing,missing,,needs_review,needs_review,needs_review,needs_review,not_applicable,,,,,"Operator ""MUUK Adventures"" missing: no cover image, no logo",Audit gap: Fill 2 missing fields,35,25
operator-north-wales-active,commercial,operator,/directory/north-wales-active,North Wales Active,,,unclassified_operator,28,research_needed,false,content-ops,,0,,partial,missing,,needs_review,needs_review,needs_review,needs_review,not_applicable,,,,,"Operator ""North Wales Active"" missing: no cover image, no logo, no Google rating",Audit gap: Fill 3 missing fields,35,45
operator-one-planet-adventure-llandegla,commercial,operator,/directory/one-planet-adventure-llandegla,One Planet Adventure Llandegla,,,unclassified_operator,28,research_needed,false,content-ops,,0,,missing,missing,,needs_review,needs_review,needs_review,needs_review,not_applicable,,,,,"Operator ""One Planet Adventure (Llandegla)"" missing: no cover image, no logo",Audit gap: Fill 2 missing fields,35,25
operator-paddle-west,commercial,operator,/directory/paddle-west,Paddle West,,,unclassified_operator,28,research_needed,false,content-ops,,0,,partial,missing,,needs_review,needs_review,needs_review,needs_review,not_applicable,,,,,"Operator ""Paddle West"" missing: no cover image, no logo, no Google rating",Audit gap: Fill 3 missing fields,35,45
operator-pembrokeshire-surf-school,commercial,operator,/directory/pembrokeshire-surf-school,Pembrokeshire Surf School,,,unclassified_operator,28,research_needed,false,content-ops,,0,,partial,missing,,needs_review,needs_review,needs_review,needs_review,not_applicable,,,,,"Operator ""Pembrokeshire Surf School"" missing: no cover image, no logo, no Google rating",Audit gap: Fill 3 missing fields,35,45
operator-pro-active-adventure,commercial,operator,/directory/pro-active-adventure,Pro Active Adventure,,,unclassified_operator,28,research_needed,false,content-ops,,0,,partial,missing,,needs_review,needs_review,needs_review,needs_review,not_applicable,,,,,"Operator ""Pro-Active Adventure"" missing: no cover image, no logo, no Google rating",Audit gap: Fill 3 missing fields,35,45
operator-pro-kitesurfing,commercial,operator,/directory/pro-kitesurfing,Pro Kitesurfing,,,unclassified_operator,28,research_needed,false,content-ops,,0,,missing,missing,,needs_review,needs_review,needs_review,needs_review,not_applicable,,,,,"Operator ""Pro Kitesurfing"" missing: no cover image, no logo",Audit gap: Fill 2 missing fields,35,25
operator-progress-surf-school,commercial,operator,/directory/progress-surf-school,Progress Surf School,,,unclassified_operator,28,research_needed,false,content-ops,,0,,partial,missing,,needs_review,needs_review,needs_review,needs_review,not_applicable,,,,,"Operator ""Progress Surf School"" missing: no cover image, no logo, no Google rating",Audit gap: Fill 3 missing fields,35,45
operator-ramble-worldwide,commercial,operator,/directory/ramble-worldwide,Ramble Worldwide,,,unclassified_operator,28,research_needed,false,content-ops,,0,,partial,missing,,needs_review,needs_review,needs_review,needs_review,not_applicable,,,,,"Operator ""Ramble Worldwide"" missing: no cover image, no logo, no Google rating",Audit gap: Fill 3 missing fields,35,45
operator-raw-adventures,commercial,operator,/directory/raw-adventures,Raw Adventures,,,unclassified_operator,28,research_needed,false,content-ops,,0,,partial,missing,,needs_review,needs_review,needs_review,needs_review,not_applicable,,,,,"Operator ""RAW Adventures"" missing: no cover image, no logo, no Google rating",Audit gap: Fill 3 missing fields,35,45
operator-rock-climbing-company,commercial,operator,/directory/rock-climbing-company,Rock Climbing Company,,,unclassified_operator,28,research_needed,false,content-ops,,0,,partial,missing,,needs_review,needs_review,needs_review,needs_review,not_applicable,,,,,"Operator ""The Rock Climbing Company"" missing: no cover image, no logo, no Google rating",Audit gap: Fill 3 missing fields,35,45
operator-rock-uk-summit-centre,commercial,operator,/directory/rock-uk-summit-centre,Rock Uk Summit Centre,,,unclassified_operator,28,research_needed,false,content-ops,,0,,partial,missing,,needs_review,needs_review,needs_review,needs_review,not_applicable,,,,,"Operator ""Rock UK Summit Centre"" missing: no cover image, no logo, no Google rating",Audit gap: Fill 3 missing fields,35,45
operator-seren-ventures,commercial,operator,/directory/seren-ventures,Seren Ventures,,,unclassified_operator,28,research_needed,false,content-ops,,0,,partial,missing,,needs_review,needs_review,needs_review,needs_review,not_applicable,,,,,"Operator ""Seren Ventures"" missing: no cover image, no logo, no Google rating",Audit gap: Fill 3 missing fields,35,45
operator-snowdon-sherpa,commercial,operator,/directory/snowdon-sherpa,Snowdon Sherpa,,,unclassified_operator,28,research_needed,false,content-ops,,0,,partial,missing,,needs_review,needs_review,needs_review,needs_review,not_applicable,,,,,"Operator ""Snowdon Sherpa"" missing: no cover image, no logo, no coordinates",Audit gap: Fill 3 missing fields,35,45
operator-stackpole-inn,commercial,operator,/directory/stackpole-inn,Stackpole Inn,,,unclassified_operator,28,research_needed,false,content-ops,,0,,partial,missing,,needs_review,needs_review,needs_review,needs_review,not_applicable,,,,,"Operator ""The Stackpole Inn"" missing: no cover image, no logo, no coordinates",Audit gap: Fill 3 missing fields,35,45
operator-stand-up-paddle-board-uk,commercial,operator,/directory/stand-up-paddle-board-uk,Stand Up Paddle Board Uk,,,unclassified_operator,28,research_needed,false,content-ops,,0,,partial,missing,,needs_review,needs_review,needs_review,needs_review,not_applicable,,,,,"Operator ""Stand Up Paddle Board UK"" missing: no cover image, no logo, no Google rating",Audit gap: Fill 3 missing fields,35,45
operator-summit-to-sea-hire,commercial,operator,/directory/summit-to-sea-hire,Summit To Sea Hire,,,unclassified_operator,28,research_needed,false,content-ops,,0,,partial,missing,,needs_review,needs_review,needs_review,needs_review,not_applicable,,,,,"Operator ""Summit to Sea Hire"" missing: no cover image, no logo, no coordinates",Audit gap: Fill 3 missing fields,35,45
operator-ty-nant-outdoors,commercial,operator,/directory/ty-nant-outdoors,Ty Nant Outdoors,,,unclassified_operator,28,research_needed,false,content-ops,,0,,partial,missing,,needs_review,needs_review,needs_review,needs_review,not_applicable,,,,,"Operator ""Ty Nant Outdoors"" missing: no cover image, no logo, no Google rating",Audit gap: Fill 3 missing fields,35,45
operator-wales-walking-holidays,commercial,operator,/directory/wales-walking-holidays,Wales Walking Holidays,,,unclassified_operator,28,research_needed,false,content-ops,,0,,partial,missing,,needs_review,needs_review,needs_review,needs_review,not_applicable,,,,,"Operator ""Wales Walking Holidays"" missing: no cover image, no logo, no Google rating",Audit gap: Fill 3 missing fields,35,45
operator-walk-hay,commercial,operator,/directory/walk-hay,Walk Hay,,,unclassified_operator,28,research_needed,false,content-ops,,0,,partial,missing,,needs_review,needs_review,needs_review,needs_review,not_applicable,,,,,"Operator ""Walk Hay"" missing: no cover image, no logo, no Google rating",Audit gap: Fill 3 missing fields,35,45
operator-west-coast-surf-shop,commercial,operator,/directory/west-coast-surf-shop,West Coast Surf Shop,,,unclassified_operator,28,researched,false,content-ops,,5,https://www.westcoastsurf.co.uk/ | https://www.tripadvisor.co.uk/Attraction_Review-g551995-d23444837-Reviews-West_Coast_Surf_Shop-Abersoch_Gwynedd_North_Wales_Wales.html | https://www.westcoastsurf.co.uk/surf-school-and-hire-4-w.asp | https://www.llynaobn.org.uk | https://www.abersochlife.com/directory/hells-mouth-surf-school/,sourced,missing,,needs_review,needs_review,needs_review,needs_review,not_applicable,2026-07-03,,,,"Operator ""West Coast Surf Shop"" missing: no cover image, no logo, no Google rating | Operator ""West Coast Surf Shop"" missing: no cover image, no logo, no Google rating",Audit gap: Fill 3 missing fields | Research output exists: data/research/content-ops/operator-west-coast-surf-shop.json. Audit gap: Fill 3 missing fields,68,70
activity-location-carmarthenshire-hiking,evergreen,activity_location,/carmarthenshire/things-to-do/hiking,Carmarthenshire / Hiking,carmarthenshire,hiking,not_applicable,24,qa_needed,false,content-ops,,12,https://www.metoffice.gov.uk/ | https://www.mountain-forecast.com/ | https://www.mountainwarehouse.com/stores/carmarthen/ | https://www.millets.co.uk/ | https://www.trespass.com/ | https://www.gooutdoors.co.uk/stores/llanelli | https://www.ploughinnrhosmaen.co.uk/ | https://www.theangelllandeilo.com/ | https://wrightsfood.co.uk/ | https://ypolyn.com/ | https://www.thecawdor.com/ | https://www.cwmcrwth.co.uk/,sourced,needs_review,,needs_review,needs_review,needs_review,not_applicable,needs_review,,,,,,Existing combo enrichment file: data/combo-pages/carmarthenshire--hiking.json,70,70
activity-location-gower-coasteering,evergreen,activity_location,/gower/things-to-do/coasteering,Gower / Coasteering,gower,coasteering,not_applicable,24,qa_needed,false,content-ops,,12,https://www.metoffice.gov.uk/weather/specialist-forecasts/coast-and-sea/inshore-waters/index.html#gales | https://www.windguru.cz/49730 | https://oxwichwatersports.co.uk/ | https://goweractivitycentres.co.uk/ | http://www.pjsurfshop.com/ | http://www.gowersurf.com/ | https://www.decathlon.co.uk/swansea-store-id_380 | http://www.kingsheadgower.co.uk/ | https://www.theshipinnporteynon.co.uk/ | https://www.verdis-cafe.co.uk/ | http://www.joes-icecream.com/ | https://www.pilot-inn.co.uk/,sourced,needs_review,,needs_review,needs_review,needs_review,not_applicable,needs_review,,,,,,Existing combo enrichment file: data/combo-pages/gower--coasteering.json,70,70
activity-location-north-wales-climbing,evergreen,activity_location,/north-wales/things-to-do/climbing,North Wales / Climbing,north-wales,climbing,not_applicable,24,qa_needed,false,content-ops,,12,https://www.mwis.org.uk/ | https://www.metoffice.gov.uk/ | https://www.joe-brown.com/ | https://v12outdoor.com/ | https://www.cotswoldoutdoor.com/ | https://www.heightshotel.co.uk/ | http://www.vaynolarms.com/ | http://www.pyg.co.uk/ | https://snowdonrailway.co.uk/ | https://www.pyb.co.uk/ | https://www.yha.org.uk/hostel/yha-snowdon-pen-y-pass | https://www.royalvictoria.co.uk/,sourced,needs_review,,needs_review,needs_review,needs_review,not_applicable,needs_review,,,,,,Existing combo enrichment file: data/combo-pages/north-wales--climbing.json,70,70
activity-location-north-wales-mountain-biking,evergreen,activity_location,/north-wales/things-to-do/mountain-biking,North Wales / Mountain Biking,north-wales,mountain-biking,not_applicable,24,qa_needed,false,content-ops,,12,https://www.metoffice.gov.uk/ | https://www.yr.no/ | https://oneplanetadventure.com/bike-hire/ | https://www.beicsbetws.co.uk/bike-hire/ | https://gorilla-bikes.co.uk/bike-hire/ | https://www.beicsbetws.co.uk/ | https://oneplanetadventure.com/bike-shop/ | https://www.trekbikes.com/gb/en_GB/retail/wrexham/ | https://www.rutlandcycling.com/pages/store-finder-porth-eirias.aspx | https://gorilla-bikes.co.uk/ | https://oneplanetadventure.com/cafe/ | https://hangin.co.uk/location/betws-y-coed/,sourced,needs_review,,needs_review,needs_review,needs_review,not_applicable,needs_review,,,,,,Existing combo enrichment file: data/combo-pages/north-wales--mountain-biking.json,70,70
activity-location-pembrokeshire-coasteering,evergreen,activity_location,/pembrokeshire/things-to-do/coasteering,Pembrokeshire / Coasteering,pembrokeshire,coasteering,not_applicable,24,qa_needed,false,content-ops,,12,https://www.metoffice.gov.uk/weather/specialist-forecasts/coast-and-sea/coastal-waters-forecast | https://www.windguru.cz/368 | https://www.masimes.co.uk/ | https://www.tyf.com/ | https://www.outerreefsurfschool.com/ | https://www.tyf.com/shop/ | http://www.coasttocoastseakayaking.co.uk/ | https://theshedporthgain.co.uk/ | https://www.thesloop.co.uk/ | https://www.druidstone.co.uk/ | https://www.yha.org.uk/hostel/yha-st-davids | https://www.whitesandscamping.co.uk/,sourced,needs_review,,needs_review,needs_review,needs_review,not_applicable,needs_review,,,,,,Existing combo enrichment file: data/combo-pages/pembrokeshire--coasteering.json,70,70
activity-location-pembrokeshire-kayaking,evergreen,activity_location,/pembrokeshire/things-to-do/kayaking,Pembrokeshire / Kayaking,pembrokeshire,kayaking,not_applicable,24,qa_needed,false,content-ops,,12,https://www.metoffice.gov.uk/weather/specialist-forecasts/coast-and-sea/inshore-waters/index.html#pembrokeshire | https://www.windguru.cz/33785 | https://www.tyf.com/shop/ | https://muukadventures.com/ | https://activitypembrokeshire.com/ | https://www.masimes.co.uk/ | https://coastlines.uk.com/ | https://theshedporthgain.co.uk/ | https://www.cwtchrestaurant.co.uk/ | https://www.thesloop.co.uk/ | https://www.yha.org.uk/hostel/yha-st-davids | http://www.whitesandscamping.co.uk/,sourced,needs_review,,needs_review,needs_review,needs_review,not_applicable,needs_review,,,,,,Existing combo enrichment file: data/combo-pages/pembrokeshire--kayaking.json,70,70
activity-location-snowdonia-beaches,evergreen,activity_location,/snowdonia/things-to-do/beaches,Snowdonia / Beaches,snowdonia,beaches,not_applicable,24,qa_needed,false,content-ops,,4,https://www.metoffice.gov.uk/weather/forecast/ | https://rnli.org/safety/choose-your-activity/visiting-the-coast | https://easytide.admiralty.co.uk/ | https://shellisland.co.uk/,sourced,needs_review,,needs_review,needs_review,needs_review,not_applicable,needs_review,,,,,,Existing combo enrichment file: data/combo-pages/snowdonia--beaches.json,70,70
activity-location-snowdonia-climbing,evergreen,activity_location,/snowdonia/things-to-do/climbing,Snowdonia / Climbing,snowdonia,climbing,not_applicable,24,qa_needed,false,content-ops,,12,https://www.mwis.org.uk/ | https://www.metoffice.gov.uk/weather/specialist-forecasts/mountain | https://www.joe-brown.com/ | https://v12outdoor.com/ | https://www.cotswoldoutdoor.com/ | https://siop-pinnacle.co.uk/ | https://www.bryntyrchinn.co.uk/ | https://heightswales.com/ | https://www.pyb.co.uk/ | https://www.yha.org.uk/hostel/yha-pen-y-pass | https://www.bryndinas.co.uk/ | https://dolperis.co.uk/,sourced,needs_review,,needs_review,needs_review,needs_review,not_applicable,needs_review,,,,,,Existing combo enrichment file: data/combo-pages/snowdonia--climbing.json,70,70
activity-location-snowdonia-scenic-railway,evergreen,activity_location,/snowdonia/things-to-do/scenic-railway,Snowdonia / Scenic Railway,snowdonia,scenic-railway,not_applicable,24,qa_needed,false,content-ops,,5,https://www.metoffice.gov.uk/weather/specialist-forecasts/mountain | https://www.metoffice.gov.uk/weather/ | https://www.bryntyrchinn.co.uk/ | https://www.yha.org.uk/hostel/yha-snowdon-llanberis | https://www.festrail.co.uk/,sourced,needs_review,,needs_review,needs_review,needs_review,not_applicable,needs_review,,,,,,Existing combo enrichment file: data/combo-pages/snowdonia--scenic-railway.json,70,70
activity-location-snowdonia-surfing,evergreen,activity_location,/snowdonia/things-to-do/surfing,Snowdonia / Surfing,snowdonia,surfing,not_applicable,24,qa_needed,false,content-ops,,5,https://www.metoffice.gov.uk/weather/specialist-forecasts/coast-and-sea | https://www.surfline.com/surf-reports-forecasts-cams/united-kingdom/2862135 | https://www.westcoastsurf.co.uk | https://adventureparcsnowdonia.com | https://www.yha.org.uk/hostel/yha-snowdon-llanberis,sourced,needs_review,,needs_review,needs_review,needs_review,not_applicable,needs_review,,,,,,Existing combo enrichment file: data/combo-pages/snowdonia--surfing.json,70,70
activity-location-snowdonia-trail-running,evergreen,activity_location,/snowdonia/things-to-do/trail-running,Snowdonia / Trail Running,snowdonia,trail-running,not_applicable,24,qa_needed,false,content-ops,,12,https://www.mwis.org.uk/ | https://www.metoffice.gov.uk/weather/specialist-forecasts/mountain | https://www.joe-brown.com/ | https://www.v12outdoor.com/ | https://runwales.com/ | https://www.tyhyll.co.uk/ | https://www.yha.org.uk/hostel/yha-snowdon-pen-y-pass | https://www.pyb.co.uk/ | http://www.bryntyrchinn.co.uk/ | https://www.royalvictoria.co.uk/ | https://www.snowdonrace.co.uk/ | https://www.mynydd-du.org.uk/,sourced,needs_review,,needs_review,needs_review,needs_review,not_applicable,needs_review,,,,,,Existing combo enrichment file: data/combo-pages/snowdonia--trail-running.json,70,70
activity-location-snowdonia-underground-trampolines,evergreen,activity_location,/snowdonia/things-to-do/underground-trampolines,Snowdonia / Underground Trampolines,snowdonia,underground-trampolines,not_applicable,24,qa_needed,false,content-ops,,3,https://www.metoffice.gov.uk/weather/specialist-forecasts/mountain | https://www.anturstiniog.com | https://www.yha.org.uk,sourced,needs_review,,needs_review,needs_review,needs_review,not_applicable,needs_review,,,,,,Existing combo enrichment file: data/combo-pages/snowdonia--underground-trampolines.json,70,70
activity-location-snowdonia-wild-swimming,evergreen,activity_location,/snowdonia/things-to-do/wild-swimming,Snowdonia / Wild Swimming,snowdonia,wild-swimming,not_applicable,24,qa_needed,false,content-ops,,12,https://www.mwis.org.uk/ | https://www.metoffice.gov.uk/weather/specialist-forecasts/mountain | https://www.cotswoldoutdoor.com/stores/betws-y-coed.html | https://www.joe-brown.com/ | https://www.siop-pinnacle.co.uk/ | https://v12outdoor.com/ | http://www.caffisiabod.com/ | https://www.gwydyrhotel.com/ | https://www.theheightshotel.co.uk/ | https://www.saracenshead.wales/ | https://www.plascurig.com/ | http://www.gwern-gof-isaf.co.uk/,sourced,needs_review,,needs_review,needs_review,needs_review,not_applicable,needs_review,,,,,,Existing combo enrichment file: data/combo-pages/snowdonia--wild-swimming.json,70,70
activity-location-snowdonia-zip-lining,evergreen,activity_location,/snowdonia/things-to-do/zip-lining,Snowdonia / Zip Lining,snowdonia,zip-lining,not_applicable,24,qa_needed,false,content-ops,,12,https://www.metoffice.gov.uk/weather/specialist-forecasts/mountain | https://www.mwis.org.uk/ | https://www.zipworld.co.uk/ | https://www.cotswoldoutdoor.com/stores/llanberis.html | https://www.ellis-brigham.com/stores/llanberis | https://www.v12outdoor.com/ | https://www.joebrowns.com/ | https://www.thecottageloaf.co.uk/ | https://www.yha.org.uk/hostel/yha-snowdon-llanberis | http://www.plascurig.com/ | https://www.pyg.co.uk/ | https://www.theroyalvictoria.co.uk/,sourced,needs_review,,needs_review,needs_review,needs_review,not_applicable,needs_review,,,,,,Existing combo enrichment file: data/combo-pages/snowdonia--zip-lining.json,70,70
activity-location-wye-valley-hiking,evergreen,activity_location,/wye-valley/things-to-do/hiking,Wye Valley / Hiking,wye-valley,hiking,not_applicable,24,qa_needed,false,content-ops,,12,https://www.metoffice.gov.uk/weather/forecast/gcm60z1n8 | https://www.paddlesandpedals.co.uk/ | https://www.mountainwarehouse.com/ | https://www.oldferrieinn.co.uk/ | https://www.saracensheadinn.co.uk/ | https://www.kingstonebrewery.co.uk/ | http://www.ostrichinn.co.uk/ | http://bigsweirhouse.co.uk/ | https://www.wigwamholidays.com/locations/symonds-yat | https://www.tinternoldrectory.co.uk/ | https://wyndhamarms.com/ | https://www.greenacresfarm.co.uk/,sourced,needs_review,,needs_review,needs_review,needs_review,not_applicable,needs_review,,,,,,Existing combo enrichment file: data/combo-pages/wye-valley--hiking.json,70,70
activity-location-wye-valley-kayaking,evergreen,activity_location,/wye-valley/things-to-do/kayaking,Wye Valley / Kayaking,wye-valley,kayaking,not_applicable,24,qa_needed,false,content-ops,,12,https://www.metoffice.gov.uk/ | https://riverlevels.uk/wye | https://www.wyevalleycanoes.co.uk/ | https://www.blackmountainadventure.co.uk/ | https://www.oldferrieinn.co.uk/ | https://www.saracensheadinn.co.uk/ | https://www.blueboarhay.com/ | https://www.kilvertsinn.com/ | https://www.theboatpenallt.co.uk/ | https://www.thehostelrie.co.uk/ | https://www.wyevalleycamping.com/ | https://www.oldcourthotel.com/,sourced,needs_review,,needs_review,needs_review,needs_review,not_applicable,needs_review,,,,,,Existing combo enrichment file: data/combo-pages/wye-valley--kayaking.json,70,70
operator-abersoch-sailing-school,commercial,operator,/directory/abersoch-sailing-school,Abersoch Sailing School,,,unclassified_operator,22,qa_needed,false,content-ops,,0,,missing,missing,,needs_review,needs_review,needs_review,needs_review,not_applicable,,,,,"Operator ""Abersoch Sailing School"" missing: no cover image",Audit gap: Fill 1 missing fields,55,25
operator-abersoch-watersports,commercial,operator,/directory/abersoch-watersports,Abersoch Watersports,,,unclassified_operator,22,qa_needed,false,content-ops,,0,,missing,missing,,needs_review,needs_review,needs_review,needs_review,not_applicable,,,,,"Operator ""Abersoch Watersports"" missing: no cover image",Audit gap: Fill 1 missing fields,55,25
operator-activity-pembrokeshire,commercial,operator,/directory/activity-pembrokeshire,Activity Pembrokeshire,,,unclassified_operator,22,researched,false,content-ops,,3,https://www.activitypembrokeshire.wales | https://www.activitypembrokeshire.wales/contact | https://www.activitypembrokeshire.wales/about,sourced,missing,,needs_review,needs_review,needs_review,needs_review,not_applicable,2026-07-03,,,,"Operator ""Activity Pembrokeshire"" missing: no cover image | Operator ""Activity Pembrokeshire"" missing: no cover image",Audit gap: Fill 1 missing fields | Research output exists: data/research/content-ops/operator-activity-pembrokeshire.json. Audit gap: Fill 1 missing fields,68,70
operator-adventure-britain,commercial,operator,/directory/adventure-britain,Adventure Britain,,,unclassified_operator,22,researched,false,content-ops,,6,https://www.adventurebritain.com | https://www.tripadvisor.co.uk/Attraction_Review-g186466-d1936565-Reviews-Adventure_Britain-Swansea_Swansea_County_South_Wales_Wales.html | https://www.adventurebritain.com/contact/ | https://www.adventurebritain.com/ | https://www.adventurebritain.com/activities/ | https://www.adventurebritain.com/activity/mountain-biking/,sourced,missing,,needs_review,needs_review,needs_review,needs_review,not_applicable,2026-07-03,,,,"Operator ""Adventure Britain"" missing: no cover image | Operator ""Adventure Britain"" missing: no cover image",Audit gap: Fill 1 missing fields | Research output exists: data/research/content-ops/operator-adventure-britain.json. Audit gap: Fill 1 missing fields,68,70
operator-adventures-wales,commercial,operator,/directory/adventures-wales,Adventures Wales,,,unclassified_operator,22,qa_needed,false,content-ops,,0,,missing,missing,,needs_review,needs_review,needs_review,needs_review,not_applicable,,,,,"Operator ""Adventures Wales"" missing: no cover image | Operator ""Adventures Wales"" missing: no cover image",Audit gap: Fill 1 missing fields | Audit gap: Fill 1 missing fields,55,25
operator-anglesey-adventures,commercial,operator,/directory/anglesey-adventures,Anglesey Adventures,,,unclassified_operator,22,researched,false,content-ops,,4,https://www.angleseyadventures.com | https://www.tripadvisor.co.uk/Attraction_Review-g186443-d3445296-Reviews-Anglesey_Adventures-Holyhead_Anglesey_North_Wales_Wales.html | https://www.angleseyadventures.com/contact | https://www.angleseyadventures.com/activities,sourced,missing,,needs_review,needs_review,needs_review,needs_review,not_applicable,2026-07-03,,,,"Operator ""Anglesey Adventures"" missing: no cover image | Operator ""Anglesey Adventures"" missing: no cover image",Audit gap: Fill 1 missing fields | Research output exists: data/research/content-ops/operator-anglesey-adventures.json. Audit gap: Fill 1 missing fields,68,70
operator-black-mountain-adventure,commercial,operator,/directory/black-mountain-adventure,Black Mountain Adventure,,,unclassified_operator,22,researched,false,content-ops,,10,https://www.blackmountain.co.uk | https://www.tripadvisor.com/Attraction_Review-g186454-d243012-Reviews-Black_Mountain_Adventure-Brecon_Brecon_Beacons_National_Park_Wales.html | https://find-and-update.company-information.service.gov.uk/company/04659715 | https://www.visitwales.com/activity/activity/black-mountain-activities-529181 | https://www.blackmountain.co.uk/contact-us/ | https://aala.hse.gov.uk/aala/provider_detail.php?ref_no=R0704 | https://www.blackmountain.co.uk/ | https://bannaubrycheiniog.org/businesses/black-mountain-adventure/ | https://www.blackmountain.co.uk/tours/gorge-adventure/ | https://www.blackmountain.co.uk/tours/caving/,sourced,missing,,needs_review,needs_review,needs_review,needs_review,not_applicable,2026-07-03,,,,"Operator ""Black Mountain Adventure"" missing: no cover image | Operator ""Black Mountain Adventure"" missing: no cover image",Audit gap: Fill 1 missing fields | Research output exists: data/research/content-ops/operator-black-mountain-adventure.json. Audit gap: Fill 1 missing fields,68,70
operator-funsport-rhosneigr,commercial,operator,/directory/funsport-rhosneigr,Funsport Rhosneigr,,,unclassified_operator,22,qa_needed,false,content-ops,,0,,missing,missing,,needs_review,needs_review,needs_review,needs_review,not_applicable,,,,,"Operator ""Funsport Rhosneigr"" missing: no cover image",Audit gap: Fill 1 missing fields,55,25
operator-gower-activity-centres,commercial,operator,/directory/gower-activity-centres,Gower Activity Centres,,,unclassified_operator,22,researched,false,content-ops,,8,https://www.goweractivitycentres.co.uk | https://www.tripadvisor.co.uk/Attraction_Review-g1644115-d16664538-Reviews-Gower_Activity_Centres-Swansea_County_South_Wales_Wales.html | http://www.goweractivitycentres.co.uk/ | https://www.swansea.gov.uk/goweractivitycentres | https://www.visitmidwales.co.uk/showmewales/things-to-do/gower-activity-centres-p1720421 | http://www.goweractivitycentres.co.uk/our-centres/ | http://www.goweractivitycentres.co.uk/about_us/activities/ | https://www.tourismswanseabay.co.uk/gower-activity-centres/,sourced,missing,,needs_review,needs_review,needs_review,needs_review,not_applicable,2026-07-03,,,,"Operator ""Gower Activity Centres"" missing: no cover image | Operator ""Gower Activity Centres"" missing: no cover image",Audit gap: Fill 1 missing fields | Research output exists: data/research/content-ops/operator-gower-activity-centres.json. Audit gap: Fill 1 missing fields,68,70
operator-llangorse-multi-activity-centre,commercial,operator,/directory/llangorse-multi-activity-centre,Llangorse Multi Activity Centre,,,unclassified_operator,22,researched,false,content-ops,,6,https://llangorse.com | https://www.tripadvisor.co.uk/Attraction_Review-g552062-d2103112-Reviews-Llangorse_Multi_Activity_Centre-Llangorse_Powys_Wales.html | https://llangorse.com/ | https://llangorse.com/contact/ | https://www.visitwales.com/activity/activity/llangorse-multi-activity-centre-547281 | https://llangorse.com/activities/,sourced,missing,,needs_review,needs_review,needs_review,needs_review,not_applicable,2026-07-03,,,,"Operator ""Llangorse Multi Activity Centre"" missing: no cover image | Operator ""Llangorse Multi Activity Centre"" missing: no cover image",Audit gap: Fill 1 missing fields | Research output exists: data/research/content-ops/operator-llangorse-multi-activity-centre.json. Audit gap: Fill 1 missing fields,68,70
operator-meadow-springs,commercial,operator,/directory/meadow-springs,Meadow Springs,,,unclassified_operator,22,qa_needed,false,content-ops,,0,,missing,missing,,needs_review,needs_review,needs_review,needs_review,not_applicable,,,,,"Operator ""Meadow Springs"" missing: no cover image",Audit gap: Fill 1 missing fields,55,25
operator-mountainxperience,commercial,operator,/directory/mountainxperience,Mountainxperience,,,unclassified_operator,22,researched,false,content-ops,,4,https://www.mountainxperience.uk | https://www.tripadvisor.com/Attraction_Review-g186448-d21325904-Reviews-MountainXperience-Llanberis_Snowdonia_Eryri_National_Park_North_Wales_Wales.html | https://www.mountainxperience.uk/contact | https://www.ratedtrips.com/things-to-do/wales/gwynedd/llanberis/mountain-xperience-ll554tu,sourced,missing,,needs_review,needs_review,needs_review,needs_review,not_applicable,2026-07-03,,,,"Operator ""MountainXperience"" missing: no cover image | Operator ""MountainXperience"" missing: no cover image",Audit gap: Fill 1 missing fields | Research output exists: data/research/content-ops/operator-mountainxperience.json. Audit gap: Fill 1 missing fields,68,70
operator-outer-reef-surf-school,commercial,operator,/directory/outer-reef-surf-school,Outer Reef Surf School,,,unclassified_operator,22,researched,false,content-ops,,5,https://www.outerreefsurfschool.com/ | https://www.tripadvisor.com/Attraction_Review-g552048-d6495762-Reviews-Outer_Reef-Pembroke_Pembrokeshire_Wales.html | https://www.outerreefsurfschool.com/home/ | https://www.outerreefsurfschool.com/pembrokeshire-surf-school/ | https://www.outerreefsurfschool.com/contact/,sourced,missing,,needs_review,needs_review,needs_review,needs_review,not_applicable,2026-07-03,,,,"Operator ""Outer Reef Surf School"" missing: no cover image | Operator ""Outer Reef Surf School"" missing: no cover image",Audit gap: Fill 1 missing fields | Research output exists: data/research/content-ops/operator-outer-reef-surf-school.json. Audit gap: Fill 1 missing fields,68,70
operator-oxwich-watersports,commercial,operator,/directory/oxwich-watersports,Oxwich Watersports,,,unclassified_operator,22,researched,false,content-ops,,4,https://www.oxwichwatersports.co.uk/ | https://www.tripadvisor.com/Attraction_Review-g1644116-d4811231-Reviews-Oxwich_Watersports-Oxwich_Swansea_County_South_Wales_Wales.html | https://www.tourismswanseabay.co.uk/oxwich-watersports/ | https://www.gowerholidays.com/things-to-do-see/activities/swansea-watersports/,sourced,missing,,needs_review,needs_review,needs_review,needs_review,not_applicable,2026-07-03,,,,"Operator ""Oxwich Watersports"" missing: no cover image | Operator ""Oxwich Watersports"" missing: no cover image",Audit gap: Fill 1 missing fields | Research output exists: data/research/content-ops/operator-oxwich-watersports.json. Audit gap: Fill 1 missing fields,68,70
operator-plas-menai,commercial,operator,/directory/plas-menai,Plas Menai,,,unclassified_operator,22,researched,false,content-ops,,4,"https://www.plasmenai.wales/ | https://www.plasmenai.co.uk/ | https://www.plasmenai.wales/, | https://www.plasmenai.wales/;",sourced,missing,,needs_review,needs_review,needs_review,needs_review,not_applicable,2026-07-03,,,,"Operator ""Plas Menai"" missing: no cover image | Operator ""Plas Menai"" missing: no cover image",Audit gap: Fill 1 missing fields | Research output exists: data/research/content-ops/operator-plas-menai.json. Audit gap: Fill 1 missing fields,68,70
operator-preseli-venture,commercial,operator,/directory/preseli-venture,Preseli Venture,,,unclassified_operator,22,researched,false,content-ops,,3,https://www.preseliventure.co.uk | https://www.tripadvisor.com/Attraction_Review-g2016254-d2016105-Reviews-Preseli_Venture-Mathry_Fishguard_Pembrokeshire_Wales.html | https://www.preseliventure.co.uk/activities/,sourced,missing,,needs_review,needs_review,needs_review,needs_review,not_applicable,2026-07-03,,,,"Operator ""Preseli Venture"" missing: no cover image | Operator ""Preseli Venture"" missing: no cover image",Audit gap: Fill 1 missing fields | Research output exists: data/research/content-ops/operator-preseli-venture.json. Audit gap: Fill 1 missing fields,68,70
operator-quest-adventure,commercial,operator,/directory/quest-adventure,Quest Adventure,,,unclassified_operator,22,qa_needed,false,content-ops,,0,,missing,missing,,needs_review,needs_review,needs_review,needs_review,not_applicable,,,,,"Operator ""Quest Adventure"" missing: no cover image",Audit gap: Fill 1 missing fields,55,25
operator-rip-n-rock,commercial,operator,/directory/rip-n-rock,Rip N Rock,,,unclassified_operator,22,researched,false,content-ops,,10,https://www.ripnrock.co.uk/ | https://www.tripadvisor.co.uk/Attraction_Review-g186466-d6474871-Reviews-RipNRock-Swansea_Swansea_County_South_Wales_Wales.html | https://www.ripnrock.co.uk/about-us/ | https://www.ripnrock.co.uk/locations-2/ | https://www.ripnrock.co.uk/category/activities/ | https://www.tripadvisor.co.uk/ShowUserReviews-g186466-d6474871-r217649059-RipNRock-Swansea_Swansea_County_South_Wales_Wales.html | https://www.tripadvisor.com/Attraction_Review-g186466-d6474871-Reviews-RipNRock-Swansea_Swansea_County_South_Wales_Wales.html | https://www.meetinwales.com/activity/activity-operator/rip-n-rock-577901 | https://www.visitwales.com/activity/rip-n-rock-1526384 | https://waterfallcountry.wales/places/rip-n-rock-adventure-guides/,sourced,missing,,needs_review,needs_review,needs_review,needs_review,not_applicable,2026-07-03,,,,"Operator ""Rip N Rock"" missing: no cover image | Operator ""Rip N Rock"" missing: no cover image",Audit gap: Fill 1 missing fields | Research output exists: data/research/content-ops/operator-rip-n-rock.json. Audit gap: Fill 1 missing fields,68,70
operator-sealyham-activity-centre,commercial,operator,/directory/sealyham-activity-centre,Sealyham Activity Centre,,,unclassified_operator,22,qa_needed,false,content-ops,,0,,missing,missing,,needs_review,needs_review,needs_review,needs_review,not_applicable,,,,,"Operator ""Sealyham Activity Centre"" missing: no cover image",Audit gap: Fill 1 missing fields,55,25
operator-snowdonia-mountain-guides,commercial,operator,/directory/snowdonia-mountain-guides,Snowdonia Mountain Guides,,,unclassified_operator,22,researched,false,content-ops,,5,https://snowdoniamountainguides.com | https://www.tripadvisor.com/Attraction_Review-g186445-d12527986-Reviews-Snowdonia_Mountain_Guides-Snowdonia_Eryri_National_Park_North_Wales_Wales.html | https://snowdoniamountainguides.com/ | https://snowdoniamountainguides.com/the-snowdonia-mountain-guides-team/az2i0360/ | https://www.facebook.com/snowdoniamountainguides/,sourced,missing,,needs_review,needs_review,needs_review,needs_review,not_applicable,2026-07-03,,,,"Operator ""Snowdonia Mountain Guides"" missing: no cover image | Operator ""Snowdonia Mountain Guides"" missing: no cover image",Audit gap: Fill 1 missing fields | Research output exists: data/research/content-ops/operator-snowdonia-mountain-guides.json. Audit gap: Fill 1 missing fields,68,70
operator-tenby-adventure,commercial,operator,/directory/tenby-adventure,Tenby Adventure,,,unclassified_operator,22,qa_needed,false,content-ops,,0,,missing,missing,,needs_review,needs_review,needs_review,needs_review,not_applicable,,,,,"Operator ""Tenby Adventure"" missing: no cover image",Audit gap: Fill 1 missing fields,55,25
operator-tyf-adventure,commercial,operator,/directory/tyf-adventure,Tyf Adventure,,,unclassified_operator,22,researched,false,content-ops,,6,https://www.tyf.com/ | https://www.tripadvisor.co.uk/Attraction_Review-g552051-d1985728-Reviews-TYF_Adventure-St_Davids_St_Davids_Peninsula_Pembrokeshire_Wales.html | https://www.visitpembrokeshire.com/activity-listing/tyf-adventure | https://www.tyf.com/adventures/ | https://www.visitwales.com/activity/tyf-adventure-and-coasteering-1889636 | https://www.tyf.com/adventures/coasteering/,sourced,missing,,needs_review,needs_review,needs_review,needs_review,not_applicable,2026-07-03,,,,"Operator ""TYF Adventure"" missing: no cover image | Operator ""TYF Adventure"" missing: no cover image",Audit gap: Fill 1 missing fields | Research output exists: data/research/content-ops/operator-tyf-adventure.json. Audit gap: Fill 1 missing fields,68,70
guide-beach-safety,evergreen,guide,/guides/beach-safety,Beach Safety,,,not_applicable,20,qa_needed,false,content-ops,,1,https://rnli.org/find-my-nearest/lifeguarded-beaches,partial,needs_review,,needs_review,needs_review,needs_review,not_applicable,not_applicable,,,,,,Existing markdown content: content/safety/beach-safety.md,45,40
guide-coasteering-safety,evergreen,guide,/guides/coasteering-safety,Coasteering Safety,,,not_applicable,20,research_needed,false,content-ops,,0,,missing,needs_review,,needs_review,needs_review,needs_review,not_applicable,not_applicable,,,,,,Existing markdown content: content/safety/coasteering-safety.md,45,40
guide-cycling-safety,evergreen,guide,/guides/cycling-safety,Cycling Safety,,,not_applicable,20,research_needed,false,content-ops,,0,,missing,needs_review,,needs_review,needs_review,needs_review,not_applicable,not_applicable,,,,,,Existing markdown content: content/safety/cycling-safety.md,45,40
guide-fishing-safety,evergreen,guide,/guides/fishing-safety,Fishing Safety,,,not_applicable,20,research_needed,false,content-ops,,0,,missing,needs_review,,needs_review,needs_review,needs_review,not_applicable,not_applicable,,,,,,Existing markdown content: content/safety/fishing-safety.md,45,40
guide-horse-riding-safety,evergreen,guide,/guides/horse-riding-safety,Horse Riding Safety,,,not_applicable,20,research_needed,false,content-ops,,0,,missing,needs_review,,needs_review,needs_review,needs_review,not_applicable,not_applicable,,,,,,Existing markdown content: content/safety/horse-riding-safety.md,45,40
guide-mountain-safety,evergreen,guide,/guides/mountain-safety,Mountain Safety,,,not_applicable,20,research_needed,false,content-ops,,0,,missing,needs_review,,needs_review,needs_review,needs_review,not_applicable,not_applicable,,,,,,Existing markdown content: content/safety/mountain-safety.md,45,40
guide-water-safety,evergreen,guide,/guides/water-safety,Water Safety,,,not_applicable,20,research_needed,false,content-ops,,0,,missing,needs_review,,needs_review,needs_review,needs_review,not_applicable,not_applicable,,,,,,Existing markdown content: content/safety/water-safety.md,45,40
guide-weather-awareness,evergreen,guide,/guides/weather-awareness,Weather Awareness,,,not_applicable,20,research_needed,false,content-ops,,0,,missing,needs_review,,needs_review,needs_review,needs_review,not_applicable,not_applicable,,,,,,Existing markdown content: content/safety/weather-awareness.md,45,40
guide-weather-safety,evergreen,guide,/guides/weather-safety,Weather Safety,,,not_applicable,20,research_needed,false,content-ops,,0,,missing,needs_review,,needs_review,needs_review,needs_review,not_applicable,not_applicable,,,,,,Existing markdown content: content/safety/weather-safety.md,45,40
itinerary-adrenaline-junkie-weekend,dynamic,itinerary,/itineraries/adrenaline-junkie-weekend,Adrenaline Junkie Weekend,itineraries,,not_applicable,20,research_needed,false,content-ops,,0,,missing,needs_review,,needs_review,needs_review,needs_review,not_applicable,needs_review,,,,,,Existing markdown content: content/itineraries/adrenaline-junkie-weekend.md,45,40
itinerary-beginners-adventure-taster,dynamic,itinerary,/itineraries/beginners-adventure-taster,Beginners Adventure Taster,itineraries,,not_applicable,20,research_needed,false,content-ops,,0,,missing,needs_review,,needs_review,needs_review,needs_review,not_applicable,needs_review,,,,,,Existing markdown content: content/itineraries/beginners-adventure-taster.md,45,40
itinerary-caving-and-climbing,dynamic,itinerary,/itineraries/caving-and-climbing,Caving And Climbing,itineraries,,not_applicable,20,research_needed,false,content-ops,,0,,missing,needs_review,,needs_review,needs_review,needs_review,not_applicable,needs_review,,,,,,Existing markdown content: content/itineraries/caving-and-climbing.md,45,40
itinerary-coastal-wild-swimming,dynamic,itinerary,/itineraries/coastal-wild-swimming,Coastal Wild Swimming,itineraries,,not_applicable,20,research_needed,false,content-ops,,0,,missing,needs_review,,needs_review,needs_review,needs_review,not_applicable,needs_review,,,,,,Existing markdown content: content/itineraries/coastal-wild-swimming.md,45,40
itinerary-family-adventure-week,dynamic,itinerary,/itineraries/family-adventure-week,Family Adventure Week,itineraries,,not_applicable,20,research_needed,false,content-ops,,0,,missing,needs_review,,needs_review,needs_review,needs_review,not_applicable,needs_review,,,,,,Existing markdown content: content/itineraries/family-adventure-week.md,45,40
itinerary-kayaking-explorer,dynamic,itinerary,/itineraries/kayaking-explorer,Kayaking Explorer,itineraries,,not_applicable,20,research_needed,false,content-ops,,0,,missing,needs_review,,needs_review,needs_review,needs_review,not_applicable,needs_review,,,,,,Existing markdown content: content/itineraries/kayaking-explorer.md,45,40
itinerary-mountain-biking-epic,dynamic,itinerary,/itineraries/mountain-biking-epic,Mountain Biking Epic,itineraries,,not_applicable,20,research_needed,false,content-ops,,0,,missing,needs_review,,needs_review,needs_review,needs_review,not_applicable,needs_review,,,,,,Existing markdown content: content/itineraries/mountain-biking-epic.md,45,40
itinerary-multi-sport-challenge,dynamic,itinerary,/itineraries/multi-sport-challenge,Multi Sport Challenge,itineraries,,not_applicable,20,research_needed,false,content-ops,,0,,missing,needs_review,,needs_review,needs_review,needs_review,not_applicable,needs_review,,,,,,Existing markdown content: content/itineraries/multi-sport-challenge.md,45,40
itinerary-pembrokeshire-coasteering-break,dynamic,itinerary,/itineraries/pembrokeshire-coasteering-break,Pembrokeshire Coasteering Break,itineraries,,not_applicable,20,research_needed,false,content-ops,,0,,missing,needs_review,,needs_review,needs_review,needs_review,not_applicable,needs_review,,,,,,Existing markdown content: content/itineraries/pembrokeshire-coasteering-break.md,45,40
itinerary-photography-adventure,dynamic,itinerary,/itineraries/photography-adventure,Photography Adventure,itineraries,,not_applicable,20,research_needed,false,content-ops,,0,,missing,needs_review,,needs_review,needs_review,needs_review,not_applicable,needs_review,,,,,,Existing markdown content: content/itineraries/photography-adventure.md,45,40
itinerary-romantic-adventure-escape,dynamic,itinerary,/itineraries/romantic-adventure-escape,Romantic Adventure Escape,itineraries,,not_applicable,20,research_needed,false,content-ops,,0,,missing,needs_review,,needs_review,needs_review,needs_review,not_applicable,needs_review,,,,,,Existing markdown content: content/itineraries/romantic-adventure-escape.md,45,40
itinerary-snowdonia-adventure-weekend,dynamic,itinerary,/itineraries/snowdonia-adventure-weekend,Snowdonia Adventure Weekend,itineraries,,not_applicable,20,qa_needed,false,content-ops,,12,https://www.zipworld.co.uk/adventures/velocity | https://www.zipworld.co.uk | https://www.zipworld.co.uk/adventures/velocity. | https://www.zipworld.co.uk/contact | https://www.zipworld.co.uk/adventures/bounce-below. | https://www.petes-eats.co.uk | https://www.snowdonia-adventures.co.uk | https://museum.wales/slate/ | https://museum.wales/slate | https://www.yha.org.uk/hostel/yha-snowdon-llanberis | https://www.yha.org.uk. | https://www.rawadventures.co.uk/snowdon-guided-walks,sourced,needs_review,,needs_review,needs_review,needs_review,not_applicable,needs_review,2026-06-04,,,,,Existing markdown content: content/itineraries/snowdonia-adventure-weekend.md | Research output exists: data/research/content-ops/itinerary-snowdonia-adventure-weekend.json. Existing markdown content: content/itineraries/snowdonia-adventure-weekend.md,68,70
itinerary-solo-traveler-trail,dynamic,itinerary,/itineraries/solo-traveler-trail,Solo Traveler Trail,itineraries,,not_applicable,20,research_needed,false,content-ops,,0,,missing,needs_review,,needs_review,needs_review,needs_review,not_applicable,needs_review,,,,,,Existing markdown content: content/itineraries/solo-traveler-trail.md,45,40
itinerary-summit-challenge,dynamic,itinerary,/itineraries/summit-challenge,Summit Challenge,itineraries,,not_applicable,20,research_needed,false,content-ops,,0,,missing,needs_review,,needs_review,needs_review,needs_review,not_applicable,needs_review,,,,,,Existing markdown content: content/itineraries/summit-challenge.md,45,40
itinerary-winter-adventure,dynamic,itinerary,/itineraries/winter-adventure,Winter Adventure,itineraries,,not_applicable,20,research_needed,false,content-ops,,0,,missing,needs_review,,needs_review,needs_review,needs_review,not_applicable,needs_review,,,,,,Existing markdown content: content/itineraries/winter-adventure.md,45,40
location-landing-carmarthenshire,evergreen,location_landing,/carmarthenshire,Carmarthenshire,carmarthenshire,,not_applicable,20,qa_needed,false,content-ops,,12,https://www.mbwales.com/listings/gorlech/ | https://www.mbwales.com/listings/raven-trail/ | https://www.mbwales.com/listings/derwen-green/ | https://naturalresourceswales.gov.uk/days-out/places-to-visit/south-west-wales/brechfa-forest-abergorlech/ | https://en.wikipedia.org/wiki/Carmarthenshire | https://en.wikipedia.org/wiki/List_of_Welsh_principal_areas_by_area | https://en.wikipedia.org/wiki/Dylan_Thomas_Boathouse | https://en.wikipedia.org/wiki/Under_Milk_Wood | http://www.carregcennencastle.com/visiting-us | https://cadw.gov.wales/visit/places-to-visit/castell-carreg-cennen | https://botanicgarden.wales/visit-2/admission-prices/ | https://www.dylanthomasboathouse.com/plan-your-visit/,sourced,needs_review,,needs_review,needs_review,needs_review,not_applicable,not_applicable,2026-06-04,,,,,Existing markdown content: content/regions/carmarthenshire.md | Research output exists: data/research/content-ops/location-landing-carmarthenshire.json. Existing markdown content: content/regions/carmarthenshire.md,68,70
location-landing-north-wales,evergreen,location_landing,/north-wales,North Wales,north-wales,,not_applicable,20,qa_needed,false,content-ops,,12,https://www.walescoastpath.gov.uk | https://www.zipworld.co.uk/adventure/detail/velocity2 | https://www.llangollenwhitewater.co.uk | https://www.britishcanoeing.org.uk/go-canoeing/rivers-and-locations/river-dee-llangollen | https://adventureparcsnowdonia.com | https://naturalresources.wales/guidance-and-advice/environmental-topics/rivers-and-drainage/rivers-and-estuaries/menai-strait/ | https://whc.unesco.org/en/list/374 | https://cadw.gov.wales/visit/places-to-visit/conwy-castle | https://www.nationalrail.co.uk/trains-and-services/routes-and-services/north-wales-main-line.html | https://www.greatorme.org.uk | https://www.greatormetramway.co.uk | https://zipworld.co.uk/adventure/detail/bounce-below,sourced,needs_review,,needs_review,needs_review,needs_review,not_applicable,not_applicable,2026-06-04,,,,,Existing markdown content: content/regions/north-wales.md | Research output exists: data/research/content-ops/location-landing-north-wales.json. Existing markdown content: content/regions/north-wales.md,68,70
location-landing-wye-valley,evergreen,location_landing,/wye-valley,Wye Valley,wye-valley,,not_applicable,20,qa_needed,false,content-ops,,12,https://www.wyevalleyaonb.org.uk/ | https://www.wyevalleyaonb.org.uk/about-the-aonb/designation/ | https://www.wyevalleywalk.org/ | https://cadw.gov.wales/visit/places-to-visit/tintern-abbey | https://www.forestryengland.uk/forest-of-dean | https://www.rspb.org.uk/reserves-and-events/reserves-a-z/nagshead/ | https://www.rsb.org.uk/cymru | https://cadw.gov.wales/visit/places-to-visit/chepstow-castle | https://cadw.gov.wales/visit/places-to-visit/monmouth-castle | https://www.hayfestival.com/ | https://www.clearwellcaves.com/ | https://www.puzzlewood.net/,sourced,needs_review,,needs_review,needs_review,needs_review,not_applicable,not_applicable,2026-06-04,,,,,Existing markdown content: content/regions/wye-valley.md | Research output exists: data/research/content-ops/location-landing-wye-valley.json. Existing markdown content: content/regions/wye-valley.md,68,70
activity-location-snowdonia-archery,evergreen,activity_location,/snowdonia/things-to-do/archery,Snowdonia / Archery,snowdonia,archery,not_applicable,16,qa_needed,false,content-ops,,0,,partial,needs_review,,needs_review,needs_review,needs_review,not_applicable,not_applicable,,,,,Combo page has no enrichment data file,Audit gap: Run deep research skill to generate combo content,70,45
activity-location-snowdonia-attractions,evergreen,activity_location,/snowdonia/things-to-do/attractions,Snowdonia / Attractions,snowdonia,attractions,not_applicable,16,qa_needed,false,content-ops,,0,,partial,needs_review,,needs_review,needs_review,needs_review,not_applicable,not_applicable,,,,,Combo page has no enrichment data file,Audit gap: Run deep research skill to generate combo content,70,45
activity-location-snowdonia-bike-hire,evergreen,activity_location,/snowdonia/things-to-do/bike-hire,Snowdonia / Bike Hire,snowdonia,bike-hire,not_applicable,16,qa_needed,false,content-ops,,0,,partial,needs_review,,needs_review,needs_review,needs_review,not_applicable,not_applicable,,,,,Combo page has no enrichment data file,Audit gap: Run deep research skill to generate combo content,70,45
activity-location-snowdonia-boat-tour,evergreen,activity_location,/snowdonia/things-to-do/boat-tour,Snowdonia / Boat Tour,snowdonia,boat-tour,not_applicable,16,qa_needed,false,content-ops,,0,,partial,needs_review,,needs_review,needs_review,needs_review,not_applicable,not_applicable,,,,,Combo page has no enrichment data file,Audit gap: Run deep research skill to generate combo content,70,45
activity-location-snowdonia-canyoning,evergreen,activity_location,/snowdonia/things-to-do/canyoning,Snowdonia / Canyoning,snowdonia,canyoning,not_applicable,16,qa_needed,false,content-ops,,0,,partial,needs_review,,needs_review,needs_review,needs_review,not_applicable,not_applicable,,,,,Combo page has no enrichment data file,Audit gap: Run deep research skill to generate combo content,70,45
activity-location-snowdonia-caving-potholing,evergreen,activity_location,/snowdonia/things-to-do/caving-potholing,Snowdonia / Caving Potholing,snowdonia,caving-potholing,not_applicable,16,qa_needed,false,content-ops,,0,,partial,needs_review,,needs_review,needs_review,needs_review,not_applicable,not_applicable,,,,,Combo page has no enrichment data file,Audit gap: Run deep research skill to generate combo content,70,45
activity-location-snowdonia-coasteering,evergreen,activity_location,/snowdonia/things-to-do/coasteering,Snowdonia / Coasteering,snowdonia,coasteering,not_applicable,16,qa_needed,false,content-ops,,0,,partial,needs_review,,needs_review,needs_review,needs_review,not_applicable,not_applicable,,,,,Combo page has no enrichment data file,Audit gap: Run deep research skill to generate combo content,70,45
activity-location-snowdonia-fishing,evergreen,activity_location,/snowdonia/things-to-do/fishing,Snowdonia / Fishing,snowdonia,fishing,not_applicable,16,qa_needed,false,content-ops,,0,,partial,needs_review,,needs_review,needs_review,needs_review,not_applicable,not_applicable,,,,,Combo page has no enrichment data file,Audit gap: Run deep research skill to generate combo content,70,45
activity-location-snowdonia-gorge-scrambling,evergreen,activity_location,/snowdonia/things-to-do/gorge-scrambling,Snowdonia / Gorge Scrambling,snowdonia,gorge-scrambling,not_applicable,16,qa_needed,false,content-ops,,0,,partial,needs_review,,needs_review,needs_review,needs_review,not_applicable,not_applicable,,,,,Combo page has no enrichment data file,Audit gap: Run deep research skill to generate combo content,70,45
activity-location-snowdonia-high-ropes,evergreen,activity_location,/snowdonia/things-to-do/high-ropes,Snowdonia / High Ropes,snowdonia,high-ropes,not_applicable,16,qa_needed,false,content-ops,,0,,partial,needs_review,,needs_review,needs_review,needs_review,not_applicable,not_applicable,,,,,Combo page has no enrichment data file,Audit gap: Run deep research skill to generate combo content,70,45
activity-location-snowdonia-hiking-scrambling,evergreen,activity_location,/snowdonia/things-to-do/hiking-scrambling,Snowdonia / Hiking Scrambling,snowdonia,hiking-scrambling,not_applicable,16,qa_needed,false,content-ops,,0,,partial,needs_review,,needs_review,needs_review,needs_review,not_applicable,not_applicable,,,,,Combo page has no enrichment data file,Audit gap: Run deep research skill to generate combo content,70,45
activity-location-snowdonia-horse-riding,evergreen,activity_location,/snowdonia/things-to-do/horse-riding,Snowdonia / Horse Riding,snowdonia,horse-riding,not_applicable,16,qa_needed,false,content-ops,,0,,partial,needs_review,,needs_review,needs_review,needs_review,not_applicable,not_applicable,,,,,Combo page has no enrichment data file,Audit gap: Run deep research skill to generate combo content,70,45
activity-location-snowdonia-jet-ski,evergreen,activity_location,/snowdonia/things-to-do/jet-ski,Snowdonia / Jet Ski,snowdonia,jet-ski,not_applicable,16,qa_needed,false,content-ops,,0,,partial,needs_review,,needs_review,needs_review,needs_review,not_applicable,not_applicable,,,,,Combo page has no enrichment data file,Audit gap: Run deep research skill to generate combo content,70,45
activity-location-snowdonia-kitesurfing,evergreen,activity_location,/snowdonia/things-to-do/kitesurfing,Snowdonia / Kitesurfing,snowdonia,kitesurfing,not_applicable,16,qa_needed,false,content-ops,,0,,partial,needs_review,,needs_review,needs_review,needs_review,not_applicable,not_applicable,,,,,Combo page has no enrichment data file,Audit gap: Run deep research skill to generate combo content,70,45
activity-location-snowdonia-mine-exploration,evergreen,activity_location,/snowdonia/things-to-do/mine-exploration,Snowdonia / Mine Exploration,snowdonia,mine-exploration,not_applicable,16,qa_needed,false,content-ops,,0,,partial,needs_review,,needs_review,needs_review,needs_review,not_applicable,not_applicable,,,,,Combo page has no enrichment data file,Audit gap: Run deep research skill to generate combo content,70,45
activity-location-snowdonia-mtb-coaching,evergreen,activity_location,/snowdonia/things-to-do/mtb-coaching,Snowdonia / Mtb Coaching,snowdonia,mtb-coaching,not_applicable,16,qa_needed,false,content-ops,,0,,partial,needs_review,,needs_review,needs_review,needs_review,not_applicable,not_applicable,,,,,Combo page has no enrichment data file,Audit gap: Run deep research skill to generate combo content,70,45
activity-location-snowdonia-paintball-laser-tag,evergreen,activity_location,/snowdonia/things-to-do/paintball-laser-tag,Snowdonia / Paintball Laser Tag,snowdonia,paintball-laser-tag,not_applicable,16,qa_needed,false,content-ops,,0,,partial,needs_review,,needs_review,needs_review,needs_review,not_applicable,not_applicable,,,,,Combo page has no enrichment data file,Audit gap: Run deep research skill to generate combo content,70,45
activity-location-snowdonia-powerboating,evergreen,activity_location,/snowdonia/things-to-do/powerboating,Snowdonia / Powerboating,snowdonia,powerboating,not_applicable,16,qa_needed,false,content-ops,,0,,partial,needs_review,,needs_review,needs_review,needs_review,not_applicable,not_applicable,,,,,Combo page has no enrichment data file,Audit gap: Run deep research skill to generate combo content,70,45
activity-location-snowdonia-rafting,evergreen,activity_location,/snowdonia/things-to-do/rafting,Snowdonia / Rafting,snowdonia,rafting,not_applicable,16,qa_needed,false,content-ops,,0,,partial,needs_review,,needs_review,needs_review,needs_review,not_applicable,not_applicable,,,,,Combo page has no enrichment data file,Audit gap: Run deep research skill to generate combo content,70,45
activity-location-snowdonia-running,evergreen,activity_location,/snowdonia/things-to-do/running,Snowdonia / Running,snowdonia,running,not_applicable,16,qa_needed,false,content-ops,,0,,partial,needs_review,,needs_review,needs_review,needs_review,not_applicable,not_applicable,,,,,Combo page has no enrichment data file,Audit gap: Run deep research skill to generate combo content,70,45
activity-location-snowdonia-sailing,evergreen,activity_location,/snowdonia/things-to-do/sailing,Snowdonia / Sailing,snowdonia,sailing,not_applicable,16,qa_needed,false,content-ops,,0,,partial,needs_review,,needs_review,needs_review,needs_review,not_applicable,not_applicable,,,,,Combo page has no enrichment data file,Audit gap: Run deep research skill to generate combo content,70,45
activity-location-snowdonia-sea-kayaking,evergreen,activity_location,/snowdonia/things-to-do/sea-kayaking,Snowdonia / Sea Kayaking,snowdonia,sea-kayaking,not_applicable,16,qa_needed,false,content-ops,,0,,partial,needs_review,,needs_review,needs_review,needs_review,not_applicable,not_applicable,,,,,Combo page has no enrichment data file,Audit gap: Run deep research skill to generate combo content,70,45
activity-location-snowdonia-sup,evergreen,activity_location,/snowdonia/things-to-do/sup,Snowdonia / Sup,snowdonia,sup,not_applicable,16,qa_needed,false,content-ops,,0,,partial,needs_review,,needs_review,needs_review,needs_review,not_applicable,not_applicable,,,,,Combo page has no enrichment data file,Audit gap: Run deep research skill to generate combo content,70,45
activity-location-snowdonia-toboggan,evergreen,activity_location,/snowdonia/things-to-do/toboggan,Snowdonia / Toboggan,snowdonia,toboggan,not_applicable,16,qa_needed,false,content-ops,,0,,partial,needs_review,,needs_review,needs_review,needs_review,not_applicable,not_applicable,,,,,Combo page has no enrichment data file,Audit gap: Run deep research skill to generate combo content,70,45
activity-location-snowdonia-wildlife-birdwatching,evergreen,activity_location,/snowdonia/things-to-do/wildlife-birdwatching,Snowdonia / Wildlife Birdwatching,snowdonia,wildlife-birdwatching,not_applicable,16,qa_needed,false,content-ops,,0,,partial,needs_review,,needs_review,needs_review,needs_review,not_applicable,not_applicable,,,,,Combo page has no enrichment data file,Audit gap: Run deep research skill to generate combo content,70,45
activity-location-snowdonia-wildlife-boat-tour,evergreen,activity_location,/snowdonia/things-to-do/wildlife-boat-tour,Snowdonia / Wildlife Boat Tour,snowdonia,wildlife-boat-tour,not_applicable,16,qa_needed,false,content-ops,,0,,partial,needs_review,,needs_review,needs_review,needs_review,not_applicable,not_applicable,,,,,Combo page has no enrichment data file,Audit gap: Run deep research skill to generate combo content,70,45
activity-location-snowdonia-windsurfing,evergreen,activity_location,/snowdonia/things-to-do/windsurfing,Snowdonia / Windsurfing,snowdonia,windsurfing,not_applicable,16,qa_needed,false,content-ops,,0,,partial,needs_review,,needs_review,needs_review,needs_review,not_applicable,not_applicable,,,,,Combo page has no enrichment data file,Audit gap: Run deep research skill to generate combo content,70,45
activity-location-snowdonia-wing-foiling,evergreen,activity_location,/snowdonia/things-to-do/wing-foiling,Snowdonia / Wing Foiling,snowdonia,wing-foiling,not_applicable,16,qa_needed,false,content-ops,,0,,partial,needs_review,,needs_review,needs_review,needs_review,not_applicable,not_applicable,,,,,Combo page has no enrichment data file,Audit gap: Run deep research skill to generate combo content,70,45
activity-landing-caving-potholing,evergreen,activity_landing,/activities?type=caving-potholing,Caving Potholing,activities?type=caving-potholing,,not_applicable,14,research_needed,false,content-ops,,0,,partial,needs_review,,needs_review,needs_review,needs_review,not_applicable,not_applicable,,,,,"Activity type ""Caving/Potholing"" has 0 activities",Audit gap: Seed activities for this type or remove type,35,45
activity-landing-gorge-walking,evergreen,activity_landing,/activities?type=gorge-walking,Gorge Walking,activities?type=gorge-walking,,not_applicable,14,research_needed,false,content-ops,,0,,partial,needs_review,,needs_review,needs_review,needs_review,not_applicable,not_applicable,,,,,"Activity type ""Gorge Walking"" has 0 activities",Audit gap: Seed activities for this type or remove type,35,45
activity-landing-running,evergreen,activity_landing,/activities?type=running,Running,activities?type=running,,not_applicable,14,research_needed,false,content-ops,,0,,partial,needs_review,,needs_review,needs_review,needs_review,not_applicable,not_applicable,,,,,"Activity type ""Running"" has 0 activities",Audit gap: Seed activities for this type or remove type,35,45
activity-landing-scenic-railway,evergreen,activity_landing,/activities?type=scenic-railway,Scenic Railway,activities?type=scenic-railway,,not_applicable,14,research_needed,false,content-ops,,0,,partial,needs_review,,needs_review,needs_review,needs_review,not_applicable,not_applicable,,,,,"Activity type ""Scenic Railway"" has 0 activities",Audit gap: Seed activities for this type or remove type,35,45
activity-aberglasney-gardens,evergreen,activity,/activities/aberglasney-gardens,Aberglasney Gardens,,,not_applicable,8,qa_needed,false,content-ops,,0,,partial,needs_review,,missing,needs_review,needs_review,not_applicable,not_applicable,,,,,"Activity ""Aberglasney Gardens"" has 43 char description (min 100)",Audit gap: Generate or write a proper description,55,45
activity-afan-blade-trail,evergreen,activity,/activities/afan-blade-trail,Afan Blade Trail,,,not_applicable,8,qa_needed,false,content-ops,,0,,partial,needs_review,,missing,needs_review,needs_review,not_applicable,not_applicable,,,,,"Activity ""Blade Trail"" has 81 char description (min 100)",Audit gap: Generate or write a proper description,55,45
activity-afan-penhydd-trail,evergreen,activity,/activities/afan-penhydd-trail,Afan Penhydd Trail,,,not_applicable,8,qa_needed,false,content-ops,,0,,partial,needs_review,,missing,needs_review,needs_review,not_applicable,not_applicable,,,,,"Activity ""Penhydd Trail"" has 99 char description (min 100)",Audit gap: Generate or write a proper description,55,45
activity-afan-y-wal-trail,evergreen,activity,/activities/afan-y-wal-trail,Afan Y Wal Trail,,,not_applicable,8,qa_needed,false,content-ops,,0,,partial,needs_review,,missing,needs_review,needs_review,not_applicable,not_applicable,,,,,"Activity ""Y Wal Trail"" has 95 char description (min 100)",Audit gap: Generate or write a proper description,55,45
activity-big-pit,evergreen,activity,/activities/big-pit,Big Pit,,,not_applicable,8,qa_needed,false,content-ops,,0,,partial,needs_review,,missing,needs_review,needs_review,not_applicable,not_applicable,,,,,"Activity ""Big Pit National Coal Museum"" has 47 char description (min 100)",Audit gap: Generate or write a proper description,55,45
activity-bodnant-garden,evergreen,activity,/activities/bodnant-garden,Bodnant Garden,,,not_applicable,8,qa_needed,false,content-ops,,0,,partial,needs_review,,missing,needs_review,needs_review,not_applicable,not_applicable,,,,,"Activity ""Bodnant Garden"" has 37 char description (min 100)",Audit gap: Generate or write a proper description,55,45
activity-caernarfon-castle,evergreen,activity,/activities/caernarfon-castle,Caernarfon Castle,,,not_applicable,8,qa_needed,false,content-ops,,0,,partial,needs_review,,missing,needs_review,needs_review,not_applicable,not_applicable,,,,,"Activity ""Caernarfon Castle"" has 33 char description (min 100)",Audit gap: Generate or write a proper description,55,45
activity-cardiff-castle,evergreen,activity,/activities/cardiff-castle,Cardiff Castle,,,not_applicable,8,qa_needed,false,content-ops,,0,,partial,needs_review,,missing,needs_review,needs_review,not_applicable,not_applicable,,,,,"Activity ""Cardiff Castle"" has 49 char description (min 100)",Audit gap: Generate or write a proper description,55,45
activity-conwy-castle,evergreen,activity,/activities/conwy-castle,Conwy Castle,,,not_applicable,8,qa_needed,false,content-ops,,0,,partial,needs_review,,missing,needs_review,needs_review,not_applicable,not_applicable,,,,,"Activity ""Conwy Castle"" has 46 char description (min 100)",Audit gap: Generate or write a proper description,55,45
activity-dan-yr-ogof,evergreen,activity,/activities/dan-yr-ogof,Dan Yr Ogof,,,not_applicable,8,qa_needed,false,content-ops,,0,,partial,needs_review,,missing,needs_review,needs_review,not_applicable,not_applicable,,,,,"Activity ""Dan yr Ogof Caves"" has 37 char description (min 100)",Audit gap: Generate or write a proper description,55,45
activity-dolaucothi-gold-mines,evergreen,activity,/activities/dolaucothi-gold-mines,Dolaucothi Gold Mines,,,not_applicable,8,qa_needed,false,content-ops,,0,,partial,needs_review,,missing,needs_review,needs_review,not_applicable,not_applicable,,,,,"Activity ""Dolaucothi Gold Mines"" has 37 char description (min 100)",Audit gap: Generate or write a proper description,55,45
activity-ffestiniog-railway,evergreen,activity,/activities/ffestiniog-railway,Ffestiniog Railway,,,not_applicable,8,qa_needed,false,content-ops,,0,,partial,needs_review,,missing,needs_review,needs_review,not_applicable,not_applicable,,,,,"Activity ""Ffestiniog Railway"" has 50 char description (min 100)",Audit gap: Generate or write a proper description,55,45
activity-folly-farm,evergreen,activity,/activities/folly-farm,Folly Farm,,,not_applicable,8,qa_needed,false,content-ops,,0,,partial,needs_review,,missing,needs_review,needs_review,not_applicable,not_applicable,,,,,"Activity ""Folly Farm"" has 36 char description (min 100)",Audit gap: Generate or write a proper description,55,45
activity-gethin-woods-uplift-dh,evergreen,activity,/activities/gethin-woods-uplift-dh,Gethin Woods Uplift Dh,,,not_applicable,8,qa_needed,false,content-ops,,0,,partial,needs_review,,missing,needs_review,needs_review,not_applicable,not_applicable,,,,,"Activity ""Gethin Woods - Uplift DH"" has 87 char description (min 100)",Audit gap: Generate or write a proper description,55,45
activity-harlech-castle,evergreen,activity,/activities/harlech-castle,Harlech Castle,,,not_applicable,8,qa_needed,false,content-ops,,0,,partial,needs_review,,missing,needs_review,needs_review,not_applicable,not_applicable,,,,,"Activity ""Harlech Castle"" has 48 char description (min 100)",Audit gap: Generate or write a proper description,55,45
activity-kayak-rental,evergreen,activity,/activities/kayak-rental,Kayak Rental,,,not_applicable,8,qa_needed,false,content-ops,,0,,partial,needs_review,,missing,needs_review,needs_review,not_applicable,not_applicable,,,,,"Activity ""Kayak Rental"" has 71 char description (min 100)",Audit gap: Generate or write a proper description,55,45
activity-national-botanic-garden,evergreen,activity,/activities/national-botanic-garden,National Botanic Garden,,,not_applicable,8,qa_needed,false,content-ops,,0,,partial,needs_review,,missing,needs_review,needs_review,not_applicable,not_applicable,,,,,"Activity ""National Botanic Garden of Wales"" has 47 char description (min 100)",Audit gap: Generate or write a proper description,55,45
activity-oakwood-theme-park,evergreen,activity,/activities/oakwood-theme-park,Oakwood Theme Park,,,not_applicable,8,qa_needed,false,content-ops,,0,,partial,needs_review,,missing,needs_review,needs_review,not_applicable,not_applicable,,,,,"Activity ""Oakwood Theme Park"" has 28 char description (min 100)",Audit gap: Generate or write a proper description,55,45
activity-pembroke-castle,evergreen,activity,/activities/pembroke-castle,Pembroke Castle,,,not_applicable,8,qa_needed,false,content-ops,,0,,partial,needs_review,,missing,needs_review,needs_review,not_applicable,not_applicable,,,,,"Activity ""Pembroke Castle"" has 26 char description (min 100)",Audit gap: Generate or write a proper description,55,45
activity-portmeirion,evergreen,activity,/activities/portmeirion,Portmeirion,,,not_applicable,8,qa_needed,false,content-ops,,0,,partial,needs_review,,missing,needs_review,needs_review,not_applicable,not_applicable,,,,,"Activity ""Portmeirion"" has 48 char description (min 100)",Audit gap: Generate or write a proper description,55,45
activity-ropes-course,evergreen,activity,/activities/ropes-course,Ropes Course,,,not_applicable,8,qa_needed,false,content-ops,,0,,partial,needs_review,,missing,needs_review,needs_review,not_applicable,not_applicable,,,,,"Activity ""Ropes Course"" has 55 char description (min 100)",Audit gap: Generate or write a proper description,55,45
activity-rya-start-windsurfing,evergreen,activity,/activities/rya-start-windsurfing,Rya Start Windsurfing,,,not_applicable,8,qa_needed,false,content-ops,,0,,partial,needs_review,,missing,needs_review,needs_review,not_applicable,not_applicable,,,,,"Activity ""RYA Start Windsurfing"" has 86 char description (min 100)",Audit gap: Generate or write a proper description,55,45
activity-skomer-island,evergreen,activity,/activities/skomer-island,Skomer Island,,,not_applicable,8,qa_needed,false,content-ops,,0,,partial,needs_review,,missing,needs_review,needs_review,not_applicable,not_applicable,,,,,"Activity ""Skomer Island"" has 54 char description (min 100)",Audit gap: Generate or write a proper description,55,45
activity-snowdon-mountain-railway,evergreen,activity,/activities/snowdon-mountain-railway,Snowdon Mountain Railway,,,not_applicable,8,qa_needed,false,content-ops,,0,,partial,needs_review,,missing,needs_review,needs_review,not_applicable,not_applicable,,,,,"Activity ""Snowdon Mountain Railway"" has 38 char description (min 100)",Audit gap: Generate or write a proper description,55,45
activity-st-fagans,evergreen,activity,/activities/st-fagans,St Fagans,,,not_applicable,8,qa_needed,false,content-ops,,0,,partial,needs_review,,missing,needs_review,needs_review,not_applicable,not_applicable,,,,,"Activity ""St Fagans National Museum of History"" has 32 char description (min 100)",Audit gap: Generate or write a proper description,55,45
activity-welsh-mountain-zoo,evergreen,activity,/activities/welsh-mountain-zoo,Welsh Mountain Zoo,,,not_applicable,8,qa_needed,false,content-ops,,0,,partial,needs_review,,missing,needs_review,needs_review,not_applicable,not_applicable,,,,,"Activity ""Welsh Mountain Zoo"" has 40 char description (min 100)",Audit gap: Generate or write a proper description,55,45
activity-zip-world-velocity,evergreen,activity,/activities/zip-world-velocity,Zip World Velocity,,,not_applicable,8,qa_needed,false,content-ops,,0,,partial,needs_review,,missing,needs_review,needs_review,not_applicable,not_applicable,,,,,"Activity ""Zip World Penrhyn Quarry"" has 38 char description (min 100)",Audit gap: Generate or write a proper description,55,45
event-aberaeron-carnival,dynamic,event,/events/aberaeron-carnival,Aberaeron Carnival,,,not_applicable,8,qa_needed,false,content-ops,,0,,partial,needs_review,,missing,needs_review,needs_review,not_applicable,needs_review,,,,,"Event ""Aberaeron Carnival"" missing image | Event ""Aberaeron Carnival"" has thin description",Audit gap: Source event image from operator or generate | Audit gap: Write proper event description,70,45
event-aberaeron-mackerel-festival,dynamic,event,/events/aberaeron-mackerel-festival,Aberaeron Mackerel Festival,,,not_applicable,8,qa_needed,false,content-ops,,0,,missing,missing,,needs_review,needs_review,needs_review,not_applicable,needs_review,,,,,"Event ""Aberaeron Mackerel Festival"" missing image",Audit gap: Source event image from operator or generate,55,25
event-aberaeron-regatta,dynamic,event,/events/aberaeron-regatta,Aberaeron Regatta,,,not_applicable,8,qa_needed,false,content-ops,,0,,partial,needs_review,,missing,needs_review,needs_review,not_applicable,needs_review,,,,,"Event ""Aberaeron Regatta"" missing image | Event ""Aberaeron Regatta"" has thin description",Audit gap: Source event image from operator or generate | Audit gap: Write proper event description,70,45
event-aberdovey-swim,dynamic,event,/events/aberdovey-swim,Aberdovey Swim,,,not_applicable,8,qa_needed,false,content-ops,,0,,partial,needs_review,,missing,needs_review,needs_review,not_applicable,needs_review,,,,,"Event ""Aberdovey Swim"" missing image | Event ""Aberdovey Swim"" has thin description",Audit gap: Source event image from operator or generate | Audit gap: Write proper event description,70,45
event-abergavenny-farmers-market,dynamic,event,/events/abergavenny-farmers-market,Abergavenny Farmers Market,,,not_applicable,8,qa_needed,false,content-ops,,0,,missing,missing,,needs_review,needs_review,needs_review,not_applicable,needs_review,,,,,"Event ""Abergavenny Farmers Market"" missing image",Audit gap: Source event image from operator or generate,55,25
event-abergavenny-food-festival,dynamic,event,/events/abergavenny-food-festival,Abergavenny Food Festival,,,not_applicable,8,qa_needed,false,content-ops,,0,,missing,missing,,needs_review,needs_review,needs_review,not_applicable,needs_review,,,,,"Event ""Abergavenny Food Festival"" missing image",Audit gap: Source event image from operator or generate,55,25
event-abergavenny-steam-rally,dynamic,event,/events/abergavenny-steam-rally,Abergavenny Steam Rally,,,not_applicable,8,qa_needed,false,content-ops,,0,,missing,missing,,needs_review,needs_review,needs_review,not_applicable,needs_review,,,,,"Event ""Abergavenny Steam Rally"" missing image",Audit gap: Source event image from operator or generate,55,25
event-abergavenny-writing-festival,dynamic,event,/events/abergavenny-writing-festival,Abergavenny Writing Festival,,,not_applicable,8,qa_needed,false,content-ops,,0,,partial,needs_review,,missing,needs_review,needs_review,not_applicable,needs_review,,,,,"Event ""Abergavenny Writing Festival"" missing image | Event ""Abergavenny Writing Festival"" has thin description",Audit gap: Source event image from operator or generate | Audit gap: Write proper event description,70,45
event-aberjazz,dynamic,event,/events/aberjazz,Aberjazz,,,not_applicable,8,qa_needed,false,content-ops,,0,,missing,missing,,needs_review,needs_review,needs_review,not_applicable,needs_review,,,,,"Event ""Aberjazz"" missing image",Audit gap: Source event image from operator or generate,55,25
event-abersoch-nyd-dip,dynamic,event,/events/abersoch-nyd-dip,Abersoch Nyd Dip,,,not_applicable,8,qa_needed,false,content-ops,,0,,missing,missing,,needs_review,needs_review,needs_review,not_applicable,needs_review,,,,,"Event ""Abersoch NYD Dip"" missing image",Audit gap: Source event image from operator or generate,55,25
event-abertillery-blues-festival,dynamic,event,/events/abertillery-blues-festival,Abertillery Blues Festival,,,not_applicable,8,qa_needed,false,content-ops,,0,,missing,missing,,needs_review,needs_review,needs_review,not_applicable,needs_review,,,,,"Event ""Abertillery Blues Festival"" missing image",Audit gap: Source event image from operator or generate,55,25
event-aberystwyth-arts-centre-summer-season,dynamic,event,/events/aberystwyth-arts-centre-summer-season,Aberystwyth Arts Centre Summer Season,,,not_applicable,8,qa_needed,false,content-ops,,0,,missing,missing,,needs_review,needs_review,needs_review,not_applicable,needs_review,,,,,"Event ""Aberystwyth Arts Centre Summer Season"" missing image",Audit gap: Source event image from operator or generate,55,25
event-aberystwyth-ceredigion-county-show,dynamic,event,/events/aberystwyth-ceredigion-county-show,Aberystwyth Ceredigion County Show,,,not_applicable,8,qa_needed,false,content-ops,,0,,missing,missing,,needs_review,needs_review,needs_review,not_applicable,needs_review,,,,,"Event ""Aberystwyth & Ceredigion County Show"" missing image",Audit gap: Source event image from operator or generate,55,25
event-aberystwyth-ceredigion-show,dynamic,event,/events/aberystwyth-ceredigion-show,Aberystwyth Ceredigion Show,,,not_applicable,8,qa_needed,false,content-ops,,0,,missing,missing,,needs_review,needs_review,needs_review,not_applicable,needs_review,,,,,"Event ""Aberystwyth & Ceredigion County Show"" missing image",Audit gap: Source event image from operator or generate,55,25
event-aberystwyth-comedy-festival,dynamic,event,/events/aberystwyth-comedy-festival,Aberystwyth Comedy Festival,,,not_applicable,8,qa_needed,false,content-ops,,0,,missing,missing,,needs_review,needs_review,needs_review,not_applicable,needs_review,,,,,"Event ""Aberystwyth Comedy Festival"" missing image",Audit gap: Source event image from operator or generate,55,25
event-aberystwyth-cycle-festival,dynamic,event,/events/aberystwyth-cycle-festival,Aberystwyth Cycle Festival,,,not_applicable,8,qa_needed,false,content-ops,,0,,partial,needs_review,,missing,needs_review,needs_review,not_applicable,needs_review,,,,,"Event ""Aberystwyth Cycle Festival"" missing image | Event ""Aberystwyth Cycle Festival"" has thin description",Audit gap: Source event image from operator or generate | Audit gap: Write proper event description,70,45
event-aberystwyth-farmers-market,dynamic,event,/events/aberystwyth-farmers-market,Aberystwyth Farmers Market,,,not_applicable,8,qa_needed,false,content-ops,,0,,missing,missing,,needs_review,needs_review,needs_review,not_applicable,needs_review,,,,,"Event ""Aberystwyth Farmers Market"" missing image",Audit gap: Source event image from operator or generate,55,25
event-aberystwyth-fireworks-fireworks-display,dynamic,event,/events/aberystwyth-fireworks-fireworks-display,Aberystwyth Fireworks Fireworks Display,,,not_applicable,8,qa_needed,false,content-ops,,0,,partial,needs_review,,missing,needs_review,needs_review,not_applicable,needs_review,,,,,"Event ""Aberystwyth Fireworks Fireworks Display"" missing image | Event ""Aberystwyth Fireworks Fireworks Display"" has thin description",Audit gap: Source event image from operator or generate | Audit gap: Write proper event description,70,45
event-aberystwyth-junior-parkrun,dynamic,event,/events/aberystwyth-junior-parkrun,Aberystwyth Junior Parkrun,,,not_applicable,8,qa_needed,false,content-ops,,0,,missing,missing,,needs_review,needs_review,needs_review,not_applicable,needs_review,,,,,"Event ""Aberystwyth Junior Parkrun"" missing image",Audit gap: Source event image from operator or generate,55,25
event-aberystwyth-parkrun,dynamic,event,/events/aberystwyth-parkrun,Aberystwyth Parkrun,,,not_applicable,8,qa_needed,false,content-ops,,0,,missing,missing,,needs_review,needs_review,needs_review,not_applicable,needs_review,,,,,"Event ""Aberystwyth Parkrun"" missing image",Audit gap: Source event image from operator or generate,55,25
event-aberystwyth-santa-run-santa-fun-run,dynamic,event,/events/aberystwyth-santa-run-santa-fun-run,Aberystwyth Santa Run Santa Fun Run,,,not_applicable,8,qa_needed,false,content-ops,,0,,partial,needs_review,,missing,needs_review,needs_review,not_applicable,needs_review,,,,,"Event ""Aberystwyth Santa Run Santa Fun Run"" missing image | Event ""Aberystwyth Santa Run Santa Fun Run"" has thin description",Audit gap: Source event image from operator or generate | Audit gap: Write proper event description,70,45
event-aberystwyth-sea2shore-food-festival,dynamic,event,/events/aberystwyth-sea2shore-food-festival,Aberystwyth Sea2shore Food Festival,,,not_applicable,8,qa_needed,false,content-ops,,0,,missing,missing,,needs_review,needs_review,needs_review,not_applicable,needs_review,,,,,"Event ""Aberystwyth Sea2shore Food Festival"" missing image",Audit gap: Source event image from operator or generate,55,25
event-aberystwyth-triathlon,dynamic,event,/events/aberystwyth-triathlon,Aberystwyth Triathlon,,,not_applicable,8,qa_needed,false,content-ops,,0,,partial,needs_review,,missing,needs_review,needs_review,not_applicable,needs_review,,,,,"Event ""Aberystwyth Triathlon"" missing image | Event ""Aberystwyth Triathlon"" has thin description",Audit gap: Source event image from operator or generate | Audit gap: Write proper event description,70,45
event-abp-newport-marathon-2026,dynamic,event,/events/abp-newport-marathon-2026,Abp Newport Marathon 2026,,,not_applicable,8,qa_needed,false,content-ops,,0,,partial,needs_review,,missing,needs_review,needs_review,not_applicable,needs_review,,,,,"Event ""ABP Newport Marathon 2026"" missing image | Event ""ABP Newport Marathon 2026"" has thin description",Audit gap: Source event image from operator or generate | Audit gap: Write proper event description,70,45
event-angle-show,dynamic,event,/events/angle-show,Angle Show,,,not_applicable,8,qa_needed,false,content-ops,,0,,missing,missing,,needs_review,needs_review,needs_review,not_applicable,needs_review,,,,,"Event ""Angle Show"" missing image",Audit gap: Source event image from operator or generate,55,25
event-anglesey-adventure-race,dynamic,event,/events/anglesey-adventure-race,Anglesey Adventure Race,,,not_applicable,8,qa_needed,false,content-ops,,0,,partial,needs_review,,missing,needs_review,needs_review,not_applicable,needs_review,,,,,"Event ""Anglesey Adventure Race"" missing image | Event ""Anglesey Adventure Race"" has thin description",Audit gap: Source event image from operator or generate | Audit gap: Write proper event description,70,45
event-anglesey-agricultural-show,dynamic,event,/events/anglesey-agricultural-show,Anglesey Agricultural Show,,,not_applicable,8,qa_needed,false,content-ops,,0,,missing,missing,,needs_review,needs_review,needs_review,not_applicable,needs_review,,,,,"Event ""Anglesey Agricultural Show"" missing image",Audit gap: Source event image from operator or generate,55,25
event-anglesey-county-show,dynamic,event,/events/anglesey-county-show,Anglesey County Show,,,not_applicable,8,qa_needed,false,content-ops,,0,,partial,needs_review,,missing,needs_review,needs_review,not_applicable,needs_review,,,,,"Event ""Anglesey County Show"" missing image | Event ""Anglesey County Show"" has thin description",Audit gap: Source event image from operator or generate | Audit gap: Write proper event description,70,45
event-anglesey-oyster-welsh-produce-festival,dynamic,event,/events/anglesey-oyster-welsh-produce-festival,Anglesey Oyster Welsh Produce Festival,,,not_applicable,8,qa_needed,false,content-ops,,0,,missing,missing,,needs_review,needs_review,needs_review,not_applicable,needs_review,,,,,"Event ""Anglesey Oyster & Welsh Produce Festival"" missing image",Audit gap: Source event image from operator or generate,55,25
event-anglesey-winter-fair,dynamic,event,/events/anglesey-winter-fair,Anglesey Winter Fair,,,not_applicable,8,qa_needed,false,content-ops,,0,,missing,missing,,needs_review,needs_review,needs_review,not_applicable,needs_review,,,,,"Event ""Anglesey Winter Fair"" missing image",Audit gap: Source event image from operator or generate,55,25
event-bala-lake-swim,dynamic,event,/events/bala-lake-swim,Bala Lake Swim,,,not_applicable,8,qa_needed,false,content-ops,,0,,missing,missing,,needs_review,needs_review,needs_review,not_applicable,needs_review,,,,,"Event ""Bala Lake Swim"" missing image",Audit gap: Source event image from operator or generate,55,25
event-bala-parkrun,dynamic,event,/events/bala-parkrun,Bala Parkrun,,,not_applicable,8,qa_needed,false,content-ops,,0,,missing,missing,,needs_review,needs_review,needs_review,not_applicable,needs_review,,,,,"Event ""Bala Parkrun"" missing image",Audit gap: Source event image from operator or generate,55,25
event-bala-sailing-regatta,dynamic,event,/events/bala-sailing-regatta,Bala Sailing Regatta,,,not_applicable,8,qa_needed,false,content-ops,,0,,partial,needs_review,,missing,needs_review,needs_review,not_applicable,needs_review,,,,,"Event ""Bala Sailing Club Regatta"" missing image | Event ""Bala Sailing Club Regatta"" has thin description",Audit gap: Source event image from operator or generate | Audit gap: Write proper event description,70,45
event-bala-sprint-triathlon,dynamic,event,/events/bala-sprint-triathlon,Bala Sprint Triathlon,,,not_applicable,8,qa_needed,false,content-ops,,0,,partial,needs_review,,missing,needs_review,needs_review,not_applicable,needs_review,,,,,"Event ""Bala Sprint Triathlon"" missing image | Event ""Bala Sprint Triathlon"" has thin description",Audit gap: Source event image from operator or generate | Audit gap: Write proper event description,70,45
event-bala-standard-triathlon,dynamic,event,/events/bala-standard-triathlon,Bala Standard Triathlon,,,not_applicable,8,qa_needed,false,content-ops,,0,,missing,missing,,needs_review,needs_review,needs_review,not_applicable,needs_review,,,,,"Event ""Bala Standard Triathlon"" missing image",Audit gap: Source event image from operator or generate,55,25
event-bala-sup-race,dynamic,event,/events/bala-sup-race,Bala Sup Race,,,not_applicable,8,qa_needed,false,content-ops,,0,,partial,needs_review,,missing,needs_review,needs_review,not_applicable,needs_review,,,,,"Event ""Bala SUP Race"" missing image | Event ""Bala SUP Race"" has thin description",Audit gap: Source event image from operator or generate | Audit gap: Write proper event description,70,45
event-balter-festival,dynamic,event,/events/balter-festival,Balter Festival,,,not_applicable,8,qa_needed,false,content-ops,,0,,partial,needs_review,,missing,needs_review,needs_review,not_applicable,needs_review,,,,,"Event ""Balter Festival"" missing image | Event ""Balter Festival"" has thin description",Audit gap: Source event image from operator or generate | Audit gap: Write proper event description,70,45
event-banff-mountain-film-festival-tour-wales,dynamic,event,/events/banff-mountain-film-festival-tour-wales,Banff Mountain Film Festival Tour Wales,,,not_applicable,8,qa_needed,false,content-ops,,0,,missing,missing,,needs_review,needs_review,needs_review,not_applicable,needs_review,,,,,"Event ""Banff Mountain Film Festival Tour (Wales)"" missing image",Audit gap: Source event image from operator or generate,55,25
event-bangor-music-festival,dynamic,event,/events/bangor-music-festival,Bangor Music Festival,,,not_applicable,8,qa_needed,false,content-ops,,0,,missing,missing,,needs_review,needs_review,needs_review,not_applicable,needs_review,,,,,"Event ""Bangor Music Festival"" missing image",Audit gap: Source event image from operator or generate,55,25
event-barley-saturday,dynamic,event,/events/barley-saturday,Barley Saturday,,,not_applicable,8,qa_needed,false,content-ops,,0,,missing,missing,,needs_review,needs_review,needs_review,not_applicable,needs_review,,,,,"Event ""Barley Saturday"" missing image",Audit gap: Source event image from operator or generate,55,25
event-barmouth-kite-festival,dynamic,event,/events/barmouth-kite-festival,Barmouth Kite Festival,,,not_applicable,8,qa_needed,false,content-ops,,0,,partial,needs_review,,missing,needs_review,needs_review,not_applicable,needs_review,,,,,"Event ""Barmouth Kite Festival"" missing image | Event ""Barmouth Kite Festival"" has thin description",Audit gap: Source event image from operator or generate | Audit gap: Write proper event description,70,45
event-barmouth-walking-festival,dynamic,event,/events/barmouth-walking-festival,Barmouth Walking Festival,,,not_applicable,8,qa_needed,false,content-ops,,0,,missing,missing,,needs_review,needs_review,needs_review,not_applicable,needs_review,,,,,"Event ""Barmouth Walking Festival"" missing image",Audit gap: Source event image from operator or generate,55,25
event-barry-dog-swim,dynamic,event,/events/barry-dog-swim,Barry Dog Swim,,,not_applicable,8,qa_needed,false,content-ops,,0,,partial,needs_review,,missing,needs_review,needs_review,not_applicable,needs_review,,,,,"Event ""Barry Island Dog Swim"" missing image | Event ""Barry Island Dog Swim"" has thin description",Audit gap: Source event image from operator or generate | Audit gap: Write proper event description,70,45
event-barry-island-10k-2026,dynamic,event,/events/barry-island-10k-2026,Barry Island 10k 2026,,,not_applicable,8,qa_needed,false,content-ops,,0,,missing,missing,,needs_review,needs_review,needs_review,not_applicable,needs_review,,,,,"Event ""Barry Island 10K 2026"" missing image",Audit gap: Source event image from operator or generate,55,25
event-barry-island-fireworks-fireworks-display,dynamic,event,/events/barry-island-fireworks-fireworks-display,Barry Island Fireworks Fireworks Display,,,not_applicable,8,qa_needed,false,content-ops,,0,,partial,needs_review,,missing,needs_review,needs_review,not_applicable,needs_review,,,,,"Event ""Barry Island Fireworks Fireworks Display"" missing image | Event ""Barry Island Fireworks Fireworks Display"" has thin description",Audit gap: Source event image from operator or generate | Audit gap: Write proper event description,70,45
event-barry-island-new-year-s-day-swim,dynamic,event,/events/barry-island-new-year-s-day-swim,Barry Island New Year S Day Swim,,,not_applicable,8,qa_needed,false,content-ops,,0,,partial,needs_review,,missing,needs_review,needs_review,not_applicable,needs_review,,,,,"Event ""Barry Island New Year's Day Swim"" missing image | Event ""Barry Island New Year's Day Swim"" has thin description",Audit gap: Source event image from operator or generate | Audit gap: Write proper event description,70,45
event-barry-island-nyd-swim,dynamic,event,/events/barry-island-nyd-swim,Barry Island Nyd Swim,,,not_applicable,8,qa_needed,false,content-ops,,0,,missing,missing,,needs_review,needs_review,needs_review,not_applicable,needs_review,,,,,"Event ""Barry Island NYD Swim"" missing image",Audit gap: Source event image from operator or generate,55,25
event-barry-island-parkrun,dynamic,event,/events/barry-island-parkrun,Barry Island Parkrun,,,not_applicable,8,qa_needed,false,content-ops,,0,,missing,missing,,needs_review,needs_review,needs_review,not_applicable,needs_review,,,,,"Event ""Barry Island Parkrun"" missing image",Audit gap: Source event image from operator or generate,55,25
event-barry-island-santa-run-santa-fun-run,dynamic,event,/events/barry-island-santa-run-santa-fun-run,Barry Island Santa Run Santa Fun Run,,,not_applicable,8,qa_needed,false,content-ops,,0,,partial,needs_review,,missing,needs_review,needs_review,not_applicable,needs_review,,,,,"Event ""Barry Island Santa Run Santa Fun Run"" missing image | Event ""Barry Island Santa Run Santa Fun Run"" has thin description",Audit gap: Source event image from operator or generate | Audit gap: Write proper event description,70,45
event-barry-junior-parkrun,dynamic,event,/events/barry-junior-parkrun,Barry Junior Parkrun,,,not_applicable,8,qa_needed,false,content-ops,,0,,partial,needs_review,,missing,needs_review,needs_review,not_applicable,needs_review,,,,,"Event ""Barry Junior Parkrun"" missing image | Event ""Barry Junior Parkrun"" has thin description",Audit gap: Source event image from operator or generate | Audit gap: Write proper event description,70,45
event-beast-of-llangattock,dynamic,event,/events/beast-of-llangattock,Beast Of Llangattock,,,not_applicable,8,qa_needed,false,content-ops,,0,,missing,missing,,needs_review,needs_review,needs_review,not_applicable,needs_review,,,,,"Event ""Beast of Llangattock"" missing image",Audit gap: Source event image from operator or generate,55,25
event-beast-of-the-blacks,dynamic,event,/events/beast-of-the-blacks,Beast Of The Blacks,,,not_applicable,8,qa_needed,false,content-ops,,0,,missing,missing,,needs_review,needs_review,needs_review,not_applicable,needs_review,,,,,"Event ""Beast of the Blacks"" missing image",Audit gap: Source event image from operator or generate,55,25
event-beaumaris-arts-festival,dynamic,event,/events/beaumaris-arts-festival,Beaumaris Arts Festival,,,not_applicable,8,qa_needed,false,content-ops,,0,,missing,missing,,needs_review,needs_review,needs_review,not_applicable,needs_review,,,,,"Event ""Beaumaris Arts Festival"" missing image",Audit gap: Source event image from operator or generate,55,25
event-beaumaris-festival,dynamic,event,/events/beaumaris-festival,Beaumaris Festival,,,not_applicable,8,qa_needed,false,content-ops,,0,,missing,missing,,needs_review,needs_review,needs_review,not_applicable,needs_review,,,,,"Event ""Beaumaris Festival"" missing image",Audit gap: Source event image from operator or generate,55,25
event-beaumaris-food-festival,dynamic,event,/events/beaumaris-food-festival,Beaumaris Food Festival,,,not_applicable,8,qa_needed,false,content-ops,,0,,missing,missing,,needs_review,needs_review,needs_review,not_applicable,needs_review,,,,,"Event ""Beaumaris Food Festival"" missing image",Audit gap: Source event image from operator or generate,55,25
event-bedwellty-agricultural-show,dynamic,event,/events/bedwellty-agricultural-show,Bedwellty Agricultural Show,,,not_applicable,8,qa_needed,false,content-ops,,0,,missing,missing,,needs_review,needs_review,needs_review,not_applicable,needs_review,,,,,"Event ""Bedwellty Agricultural Show"" missing image",Audit gap: Source event image from operator or generate,55,25
event-beguildy-show,dynamic,event,/events/beguildy-show,Beguildy Show,,,not_applicable,8,qa_needed,false,content-ops,,0,,missing,missing,,needs_review,needs_review,needs_review,not_applicable,needs_review,,,,,"Event ""Beguildy Show"" missing image",Audit gap: Source event image from operator or generate,55,25
event-bellis-brothers-pumpkin-picking,dynamic,event,/events/bellis-brothers-pumpkin-picking,Bellis Brothers Pumpkin Picking,,,not_applicable,8,qa_needed,false,content-ops,,0,,partial,needs_review,,missing,needs_review,needs_review,not_applicable,needs_review,,,,,"Event ""Bellis Brothers Pumpkin Picking"" missing image | Event ""Bellis Brothers Pumpkin Picking"" has thin description",Audit gap: Source event image from operator or generate | Audit gap: Write proper event description,70,45
event-between-the-trees,dynamic,event,/events/between-the-trees,Between The Trees,,,not_applicable,8,qa_needed,false,content-ops,,0,,missing,missing,,needs_review,needs_review,needs_review,not_applicable,needs_review,,,,,"Event ""Between The Trees"" missing image",Audit gap: Source event image from operator or generate,55,25
event-beulah-show,dynamic,event,/events/beulah-show,Beulah Show,,,not_applicable,8,qa_needed,false,content-ops,,0,,missing,missing,,needs_review,needs_review,needs_review,not_applicable,needs_review,,,,,"Event ""Beulah Show"" missing image",Audit gap: Source event image from operator or generate,55,25
event-beyond-the-border,dynamic,event,/events/beyond-the-border,Beyond The Border,,,not_applicable,8,qa_needed,false,content-ops,,0,,missing,missing,,needs_review,needs_review,needs_review,not_applicable,needs_review,,,,,"Event ""Beyond the Border"" missing image",Audit gap: Source event image from operator or generate,55,25
event-beyond-the-border-storytelling-festival,dynamic,event,/events/beyond-the-border-storytelling-festival,Beyond The Border Storytelling Festival,,,not_applicable,8,qa_needed,false,content-ops,,0,,partial,needs_review,,missing,needs_review,needs_review,not_applicable,needs_review,,,,,"Event ""Beyond the Border Storytelling Festival"" missing image | Event ""Beyond the Border Storytelling Festival"" has thin description",Audit gap: Source event image from operator or generate | Audit gap: Write proper event description,70,45
event-big-cheese-festival,dynamic,event,/events/big-cheese-festival,Big Cheese Festival,,,not_applicable,8,qa_needed,false,content-ops,,0,,missing,missing,,needs_review,needs_review,needs_review,not_applicable,needs_review,,,,,"Event ""Big Cheese Festival"" missing image",Audit gap: Source event image from operator or generate,55,25
event-big-love-festival,dynamic,event,/events/big-love-festival,Big Love Festival,,,not_applicable,8,qa_needed,false,content-ops,,0,,missing,missing,,needs_review,needs_review,needs_review,not_applicable,needs_review,,,,,"Event ""Big Love Festival"" missing image",Audit gap: Source event image from operator or generate,55,25
event-billy-bob-s-farm-pumpkin-picking,dynamic,event,/events/billy-bob-s-farm-pumpkin-picking,Billy Bob S Farm Pumpkin Picking,,,not_applicable,8,qa_needed,false,content-ops,,0,,partial,needs_review,,missing,needs_review,needs_review,not_applicable,needs_review,,,,,"Event ""Billy Bob's Farm Pumpkin Picking"" missing image | Event ""Billy Bob's Farm Pumpkin Picking"" has thin description",Audit gap: Source event image from operator or generate | Audit gap: Write proper event description,70,45
event-bite-food-festival-cardiff,dynamic,event,/events/bite-food-festival-cardiff,Bite Food Festival Cardiff,,,not_applicable,8,qa_needed,false,content-ops,,0,,missing,missing,,needs_review,needs_review,needs_review,not_applicable,needs_review,,,,,"Event ""Bite Food Festival, Cardiff"" missing image",Audit gap: Source event image from operator or generate,55,25
event-black-diamond-yr-wyddfa-snowdon24-2026,dynamic,event,/events/black-diamond-yr-wyddfa-snowdon24-2026,Black Diamond Yr Wyddfa Snowdon24 2026,,,not_applicable,8,qa_needed,false,content-ops,,0,,partial,needs_review,,missing,needs_review,needs_review,not_applicable,needs_review,,,,,"Event ""Black Diamond Yr Wyddfa | Snowdon24 2026"" missing image | Event ""Black Diamond Yr Wyddfa | Snowdon24 2026"" has thin description",Audit gap: Source event image from operator or generate | Audit gap: Write proper event description,70,45
event-black-mountains-ultras,dynamic,event,/events/black-mountains-ultras,Black Mountains Ultras,,,not_applicable,8,qa_needed,false,content-ops,,0,,missing,missing,,needs_review,needs_review,needs_review,not_applicable,needs_review,,,,,"Event ""Black Mountains Ultras"" missing image",Audit gap: Source event image from operator or generate,55,25
event-bodnant-garden-easter-hunt-easter-egg-hunt,dynamic,event,/events/bodnant-garden-easter-hunt-easter-egg-hunt,Bodnant Garden Easter Hunt Easter Egg Hunt,,,not_applicable,8,qa_needed,false,content-ops,,0,,partial,needs_review,,missing,needs_review,needs_review,not_applicable,needs_review,,,,,"Event ""Bodnant Garden Easter Hunt Easter Egg Hunt"" missing image | Event ""Bodnant Garden Easter Hunt Easter Egg Hunt"" has thin description",Audit gap: Source event image from operator or generate | Audit gap: Write proper event description,70,45
event-breca-gower,dynamic,event,/events/breca-gower,Breca Gower,,,not_applicable,8,qa_needed,false,content-ops,,0,,partial,needs_review,,missing,needs_review,needs_review,not_applicable,needs_review,,,,,"Event ""Breca Gower"" missing image | Event ""Breca Gower"" has thin description",Audit gap: Source event image from operator or generate | Audit gap: Write proper event description,70,45
event-brechfa-show,dynamic,event,/events/brechfa-show,Brechfa Show,,,not_applicable,8,qa_needed,false,content-ops,,0,,missing,missing,,needs_review,needs_review,needs_review,not_applicable,needs_review,,,,,"Event ""Brechfa Show"" missing image",Audit gap: Source event image from operator or generate,55,25
event-brecon-baroque-festival,dynamic,event,/events/brecon-baroque-festival,Brecon Baroque Festival,,,not_applicable,8,qa_needed,false,content-ops,,0,,partial,needs_review,,missing,needs_review,needs_review,not_applicable,needs_review,,,,,"Event ""Brecon Baroque Festival"" missing image | Event ""Brecon Baroque Festival"" has thin description",Audit gap: Source event image from operator or generate | Audit gap: Write proper event description,70,45
event-brecon-beacons-dark-sky-festival,dynamic,event,/events/brecon-beacons-dark-sky-festival,Brecon Beacons Dark Sky Festival,,,not_applicable,8,qa_needed,false,content-ops,,0,,partial,needs_review,,missing,needs_review,needs_review,not_applicable,needs_review,,,,,"Event ""Brecon Beacons Dark Sky Festival"" missing image | Event ""Brecon Beacons Dark Sky Festival"" has thin description",Audit gap: Source event image from operator or generate | Audit gap: Write proper event description,70,45
event-brecon-beacons-food-festival,dynamic,event,/events/brecon-beacons-food-festival,Brecon Beacons Food Festival,,,not_applicable,8,qa_needed,false,content-ops,,0,,missing,missing,,needs_review,needs_review,needs_review,not_applicable,needs_review,,,,,"Event ""Brecon Beacons Food Festival"" missing image",Audit gap: Source event image from operator or generate,55,25
event-brecon-county-show,dynamic,event,/events/brecon-county-show,Brecon County Show,,,not_applicable,8,qa_needed,false,content-ops,,0,,missing,missing,,needs_review,needs_review,needs_review,not_applicable,needs_review,,,,,"Event ""Brecon County Show"" missing image",Audit gap: Source event image from operator or generate,55,25
event-brecon-farmers-market,dynamic,event,/events/brecon-farmers-market,Brecon Farmers Market,,,not_applicable,8,qa_needed,false,content-ops,,0,,missing,missing,,needs_review,needs_review,needs_review,not_applicable,needs_review,,,,,"Event ""Brecon Farmers Market"" missing image",Audit gap: Source event image from operator or generate,55,25
event-brecon-jazz-festival,dynamic,event,/events/brecon-jazz-festival,Brecon Jazz Festival,,,not_applicable,8,qa_needed,false,content-ops,,0,,missing,missing,,needs_review,needs_review,needs_review,not_applicable,needs_review,,,,,"Event ""Brecon Jazz Festival"" missing image",Audit gap: Source event image from operator or generate,55,25
event-brecon-junior-parkrun,dynamic,event,/events/brecon-junior-parkrun,Brecon Junior Parkrun,,,not_applicable,8,qa_needed,false,content-ops,,0,,partial,needs_review,,missing,needs_review,needs_review,not_applicable,needs_review,,,,,"Event ""Brecon Junior Parkrun"" missing image | Event ""Brecon Junior Parkrun"" has thin description",Audit gap: Source event image from operator or generate | Audit gap: Write proper event description,70,45
event-brecon-parkrun,dynamic,event,/events/brecon-parkrun,Brecon Parkrun,,,not_applicable,8,qa_needed,false,content-ops,,0,,missing,missing,,needs_review,needs_review,needs_review,not_applicable,needs_review,,,,,"Event ""Brecon Parkrun"" missing image",Audit gap: Source event image from operator or generate,55,25
event-brecon-santa-run-santa-fun-run,dynamic,event,/events/brecon-santa-run-santa-fun-run,Brecon Santa Run Santa Fun Run,,,not_applicable,8,qa_needed,false,content-ops,,0,,partial,needs_review,,missing,needs_review,needs_review,not_applicable,needs_review,,,,,"Event ""Brecon Santa Run Santa Fun Run"" missing image | Event ""Brecon Santa Run Santa Fun Run"" has thin description",Audit gap: Source event image from operator or generate | Audit gap: Write proper event description,70,45
event-brecon-triathlon,dynamic,event,/events/brecon-triathlon,Brecon Triathlon,,,not_applicable,8,qa_needed,false,content-ops,,0,,partial,needs_review,,missing,needs_review,needs_review,not_applicable,needs_review,,,,,"Event ""Brecon Triathlon"" missing image | Event ""Brecon Triathlon"" has thin description",Audit gap: Source event image from operator or generate | Audit gap: Write proper event description,70,45
event-bridgend-county-show,dynamic,event,/events/bridgend-county-show,Bridgend County Show,,,not_applicable,8,qa_needed,false,content-ops,,0,,missing,missing,,needs_review,needs_review,needs_review,not_applicable,needs_review,,,,,"Event ""Bridgend County Show"" missing image",Audit gap: Source event image from operator or generate,55,25
event-bridgend-junior-parkrun,dynamic,event,/events/bridgend-junior-parkrun,Bridgend Junior Parkrun,,,not_applicable,8,qa_needed,false,content-ops,,0,,partial,needs_review,,missing,needs_review,needs_review,not_applicable,needs_review,,,,,"Event ""Bridgend Junior Parkrun"" missing image | Event ""Bridgend Junior Parkrun"" has thin description",Audit gap: Source event image from operator or generate | Audit gap: Write proper event description,70,45
event-broad-haven-christmas-swim,dynamic,event,/events/broad-haven-christmas-swim,Broad Haven Christmas Swim,,,not_applicable,8,qa_needed,false,content-ops,,0,,partial,needs_review,,missing,needs_review,needs_review,not_applicable,needs_review,,,,,"Event ""Broad Haven Christmas Pudding Run"" missing image | Event ""Broad Haven Christmas Pudding Run"" has thin description",Audit gap: Source event image from operator or generate | Audit gap: Write proper event description,70,45
event-broad-haven-triathlon,dynamic,event,/events/broad-haven-triathlon,Broad Haven Triathlon,,,not_applicable,8,qa_needed,false,content-ops,,0,,partial,needs_review,,missing,needs_review,needs_review,not_applicable,needs_review,,,,,"Event ""Broad Haven Triathlon"" missing image | Event ""Broad Haven Triathlon"" has thin description",Audit gap: Source event image from operator or generate | Audit gap: Write proper event description,70,45
event-brooksgrove-farm-pumpkin-picking,dynamic,event,/events/brooksgrove-farm-pumpkin-picking,Brooksgrove Farm Pumpkin Picking,,,not_applicable,8,qa_needed,false,content-ops,,0,,partial,needs_review,,missing,needs_review,needs_review,not_applicable,needs_review,,,,,"Event ""Brooksgrove Farm Pumpkin Picking"" missing image | Event ""Brooksgrove Farm Pumpkin Picking"" has thin description",Audit gap: Source event image from operator or generate | Audit gap: Write proper event description,70,45
event-builth-wells-antiques-fair,dynamic,event,/events/builth-wells-antiques-fair,Builth Wells Antiques Fair,,,not_applicable,8,qa_needed,false,content-ops,,0,,missing,missing,,needs_review,needs_review,needs_review,not_applicable,needs_review,,,,,"Event ""Builth Wells Antiques Fair"" missing image",Audit gap: Source event image from operator or generate,55,25
event-burn-series,dynamic,event,/events/burn-series,Burn Series,,,not_applicable,8,qa_needed,false,content-ops,,0,,partial,needs_review,,missing,needs_review,needs_review,not_applicable,needs_review,,,,,"Event ""Burn Series Adventure Race"" missing image | Event ""Burn Series Adventure Race"" has thin description",Audit gap: Source event image from operator or generate | Audit gap: Write proper event description,70,45
event-cadw-halloween-events,dynamic,event,/events/cadw-halloween-events,Cadw Halloween Events,,,not_applicable,8,qa_needed,false,content-ops,,0,,missing,missing,,needs_review,needs_review,needs_review,not_applicable,needs_review,,,,,"Event ""Cadw Halloween Events"" missing image",Audit gap: Source event image from operator or generate,55,25
event-cadw-open-doors,dynamic,event,/events/cadw-open-doors,Cadw Open Doors,,,not_applicable,8,qa_needed,false,content-ops,,0,,missing,missing,,needs_review,needs_review,needs_review,not_applicable,needs_review,,,,,"Event ""Cadw Open Doors"" missing image",Audit gap: Source event image from operator or generate,55,25
event-caerleon-arts-festival,dynamic,event,/events/caerleon-arts-festival,Caerleon Arts Festival,,,not_applicable,8,qa_needed,false,content-ops,,0,,missing,missing,,needs_review,needs_review,needs_review,not_applicable,needs_review,,,,,"Event ""Caerleon Arts Festival"" missing image",Audit gap: Source event image from operator or generate,55,25
event-caernarfon-food-festival,dynamic,event,/events/caernarfon-food-festival,Caernarfon Food Festival,,,not_applicable,8,qa_needed,false,content-ops,,0,,missing,missing,,needs_review,needs_review,needs_review,not_applicable,needs_review,,,,,"Event ""Caernarfon Food Festival"" missing image",Audit gap: Source event image from operator or generate,55,25
event-caernarfon-investiture-anniversary,dynamic,event,/events/caernarfon-investiture-anniversary,Caernarfon Investiture Anniversary,,,not_applicable,8,qa_needed,false,content-ops,,0,,missing,missing,,needs_review,needs_review,needs_review,not_applicable,needs_review,,,,,"Event ""Caernarfon Investiture Anniversary"" missing image",Audit gap: Source event image from operator or generate,55,25
event-caerphilly-big-cheese,dynamic,event,/events/caerphilly-big-cheese,Caerphilly Big Cheese,,,not_applicable,8,qa_needed,false,content-ops,,0,,missing,missing,,needs_review,needs_review,needs_review,not_applicable,needs_review,,,,,"Event ""Caerphilly Big Cheese"" missing image",Audit gap: Source event image from operator or generate,55,25
event-caerphilly-castle-fireworks-fireworks-display,dynamic,event,/events/caerphilly-castle-fireworks-fireworks-display,Caerphilly Castle Fireworks Fireworks Display,,,not_applicable,8,qa_needed,false,content-ops,,0,,partial,needs_review,,missing,needs_review,needs_review,not_applicable,needs_review,,,,,"Event ""Caerphilly Castle Fireworks Fireworks Display"" missing image | Event ""Caerphilly Castle Fireworks Fireworks Display"" has thin description",Audit gap: Source event image from operator or generate | Audit gap: Write proper event description,70,45
event-caerphilly-cheese-festival,dynamic,event,/events/caerphilly-cheese-festival,Caerphilly Cheese Festival,,,not_applicable,8,qa_needed,false,content-ops,,0,,missing,missing,,needs_review,needs_review,needs_review,not_applicable,needs_review,,,,,"Event ""Caerphilly Cheese Festival"" missing image",Audit gap: Source event image from operator or generate,55,25
event-caerphilly-christmas-market,dynamic,event,/events/caerphilly-christmas-market,Caerphilly Christmas Market,,,not_applicable,8,qa_needed,false,content-ops,,0,,missing,missing,,needs_review,needs_review,needs_review,not_applicable,needs_review,,,,,"Event ""Caerphilly Christmas Market"" missing image",Audit gap: Source event image from operator or generate,55,25
event-caerphilly-food-drink-festival,dynamic,event,/events/caerphilly-food-drink-festival,Caerphilly Food Drink Festival,,,not_applicable,8,qa_needed,false,content-ops,,0,,missing,missing,,needs_review,needs_review,needs_review,not_applicable,needs_review,,,,,"Event ""Caerphilly Food & Drink Festival"" missing image",Audit gap: Source event image from operator or generate,55,25
event-caerphilly-food-festival,dynamic,event,/events/caerphilly-food-festival,Caerphilly Food Festival,,,not_applicable,8,qa_needed,false,content-ops,,0,,missing,missing,,needs_review,needs_review,needs_review,not_applicable,needs_review,,,,,"Event ""Caerphilly Food Festival"" missing image",Audit gap: Source event image from operator or generate,55,25
event-caerphilly-little-cheese,dynamic,event,/events/caerphilly-little-cheese,Caerphilly Little Cheese,,,not_applicable,8,qa_needed,false,content-ops,,0,,missing,missing,,needs_review,needs_review,needs_review,not_applicable,needs_review,,,,,"Event ""Caerphilly Little Cheese"" missing image",Audit gap: Source event image from operator or generate,55,25
event-caio-show,dynamic,event,/events/caio-show,Caio Show,,,not_applicable,8,qa_needed,false,content-ops,,0,,missing,missing,,needs_review,needs_review,needs_review,not_applicable,needs_review,,,,,"Event ""Caio Show"" missing image",Audit gap: Source event image from operator or generate,55,25
event-caldey-island-swim,dynamic,event,/events/caldey-island-swim,Caldey Island Swim,,,not_applicable,8,qa_needed,false,content-ops,,0,,missing,missing,,needs_review,needs_review,needs_review,not_applicable,needs_review,,,,,"Event ""Caldey Island Swim"" missing image",Audit gap: Source event image from operator or generate,55,25
event-camp-good-life,dynamic,event,/events/camp-good-life,Camp Good Life,,,not_applicable,8,qa_needed,false,content-ops,,0,,partial,needs_review,,missing,needs_review,needs_review,not_applicable,needs_review,,,,,"Event ""Camp Good Life"" missing image | Event ""Camp Good Life"" has thin description",Audit gap: Source event image from operator or generate | Audit gap: Write proper event description,70,45
event-camrose-show,dynamic,event,/events/camrose-show,Camrose Show,,,not_applicable,8,qa_needed,false,content-ops,,0,,missing,missing,,needs_review,needs_review,needs_review,not_applicable,needs_review,,,,,"Event ""Camrose Show"" missing image",Audit gap: Source event image from operator or generate,55,25
event-cardiff-animation-festival,dynamic,event,/events/cardiff-animation-festival,Cardiff Animation Festival,,,not_applicable,8,qa_needed,false,content-ops,,0,,partial,needs_review,,missing,needs_review,needs_review,not_applicable,needs_review,,,,,"Event ""Cardiff Animation Festival"" missing image | Event ""Cardiff Animation Festival"" has thin description",Audit gap: Source event image from operator or generate | Audit gap: Write proper event description,70,45
event-cardiff-bay-paddlefest,dynamic,event,/events/cardiff-bay-paddlefest,Cardiff Bay Paddlefest,,,not_applicable,8,qa_needed,false,content-ops,,0,,missing,missing,,needs_review,needs_review,needs_review,not_applicable,needs_review,,,,,"Event ""Cardiff Bay Paddlefest"" missing image",Audit gap: Source event image from operator or generate,55,25
event-cardiff-children-s-literature-festival,dynamic,event,/events/cardiff-children-s-literature-festival,Cardiff Children S Literature Festival,,,not_applicable,8,qa_needed,false,content-ops,,0,,missing,missing,,needs_review,needs_review,needs_review,not_applicable,needs_review,,,,,"Event ""Cardiff Children's Literature Festival"" missing image",Audit gap: Source event image from operator or generate,55,25
event-cardiff-christmas-market,dynamic,event,/events/cardiff-christmas-market,Cardiff Christmas Market,,,not_applicable,8,qa_needed,false,content-ops,,0,,partial,needs_review,,missing,needs_review,needs_review,not_applicable,needs_review,,,,,"Event ""Cardiff Christmas Market"" missing image | Event ""Cardiff Christmas Market"" has thin description",Audit gap: Source event image from operator or generate | Audit gap: Write proper event description,70,45
event-cardiff-comedy-festival,dynamic,event,/events/cardiff-comedy-festival,Cardiff Comedy Festival,,,not_applicable,8,qa_needed,false,content-ops,,0,,missing,missing,,needs_review,needs_review,needs_review,not_applicable,needs_review,,,,,"Event ""Cardiff Comedy Festival"" missing image",Audit gap: Source event image from operator or generate,55,25
event-cardiff-film-festival,dynamic,event,/events/cardiff-film-festival,Cardiff Film Festival,,,not_applicable,8,qa_needed,false,content-ops,,0,,missing,missing,,needs_review,needs_review,needs_review,not_applicable,needs_review,,,,,"Event ""Cardiff Film Festival"" missing image",Audit gap: Source event image from operator or generate,55,25
event-cardiff-food-and-drink-festival,dynamic,event,/events/cardiff-food-and-drink-festival,Cardiff Food And Drink Festival,,,not_applicable,8,qa_needed,false,content-ops,,0,,partial,needs_review,,missing,needs_review,needs_review,not_applicable,needs_review,,,,,"Event ""Cardiff Food and Drink Festival"" missing image | Event ""Cardiff Food and Drink Festival"" has thin description",Audit gap: Source event image from operator or generate | Audit gap: Write proper event description,70,45
event-cardiff-food-drink-festival,dynamic,event,/events/cardiff-food-drink-festival,Cardiff Food Drink Festival,,,not_applicable,8,qa_needed,false,content-ops,,0,,missing,missing,,needs_review,needs_review,needs_review,not_applicable,needs_review,,,,,"Event ""Cardiff Food & Drink Festival"" missing image",Audit gap: Source event image from operator or generate,55,25
event-cardiff-half-marathon-2026,dynamic,event,/events/cardiff-half-marathon-2026,Cardiff Half Marathon 2026,,,not_applicable,8,qa_needed,false,content-ops,,0,,partial,needs_review,,missing,needs_review,needs_review,not_applicable,needs_review,,,,,"Event ""Cardiff Half Marathon 2026"" missing image | Event ""Cardiff Half Marathon 2026"" has thin description",Audit gap: Source event image from operator or generate | Audit gap: Write proper event description,70,45
event-cardiff-harbour-festival,dynamic,event,/events/cardiff-harbour-festival,Cardiff Harbour Festival,,,not_applicable,8,qa_needed,false,content-ops,,0,,partial,needs_review,,missing,needs_review,needs_review,not_applicable,needs_review,,,,,"Event ""Cardiff Harbour Festival"" missing image | Event ""Cardiff Harbour Festival"" has thin description",Audit gap: Source event image from operator or generate | Audit gap: Write proper event description,70,45
event-cardiff-head-taff,dynamic,event,/events/cardiff-head-taff,Cardiff Head Taff,,,not_applicable,8,qa_needed,false,content-ops,,0,,partial,needs_review,,missing,needs_review,needs_review,not_applicable,needs_review,,,,,"Event ""Cardiff Head of the Taff"" missing image | Event ""Cardiff Head of the Taff"" has thin description",Audit gap: Source event image from operator or generate | Audit gap: Write proper event description,70,45
event-cardiff-international-food-and-drink-festival,dynamic,event,/events/cardiff-international-food-and-drink-festival,Cardiff International Food And Drink Festival,,,not_applicable,8,qa_needed,false,content-ops,,0,,missing,missing,,needs_review,needs_review,needs_review,not_applicable,needs_review,,,,,"Event ""Cardiff International Food and Drink Festival"" missing image",Audit gap: Source event image from operator or generate,55,25
event-cardiff-junior-parkrun,dynamic,event,/events/cardiff-junior-parkrun,Cardiff Junior Parkrun,,,not_applicable,8,qa_needed,false,content-ops,,0,,partial,needs_review,,missing,needs_review,needs_review,not_applicable,needs_review,,,,,"Event ""Cardiff Junior Parkrun"" missing image | Event ""Cardiff Junior Parkrun"" has thin description",Audit gap: Source event image from operator or generate | Audit gap: Write proper event description,70,45
event-cardiff-parkrun,dynamic,event,/events/cardiff-parkrun,Cardiff Parkrun,,,not_applicable,8,qa_needed,false,content-ops,,0,,missing,missing,,needs_review,needs_review,needs_review,not_applicable,needs_review,,,,,"Event ""Cardiff Parkrun"" missing image",Audit gap: Source event image from operator or generate,55,25
event-cardiff-rhiwbina-farmers-market,dynamic,event,/events/cardiff-rhiwbina-farmers-market,Cardiff Rhiwbina Farmers Market,,,not_applicable,8,qa_needed,false,content-ops,,0,,missing,missing,,needs_review,needs_review,needs_review,not_applicable,needs_review,,,,,"Event ""Cardiff Rhiwbina Farmers Market"" missing image",Audit gap: Source event image from operator or generate,55,25
event-cardiff-riverside-farmers-market,dynamic,event,/events/cardiff-riverside-farmers-market,Cardiff Riverside Farmers Market,,,not_applicable,8,qa_needed,false,content-ops,,0,,missing,missing,,needs_review,needs_review,needs_review,not_applicable,needs_review,,,,,"Event ""Cardiff Riverside Farmers Market"" missing image",Audit gap: Source event image from operator or generate,55,25
event-cardiff-roath-farmers-market,dynamic,event,/events/cardiff-roath-farmers-market,Cardiff Roath Farmers Market,,,not_applicable,8,qa_needed,false,content-ops,,0,,missing,missing,,needs_review,needs_review,needs_review,not_applicable,needs_review,,,,,"Event ""Cardiff Roath Farmers Market"" missing image",Audit gap: Source event image from operator or generate,55,25
event-cardiff-santa-dash-santa-fun-run,dynamic,event,/events/cardiff-santa-dash-santa-fun-run,Cardiff Santa Dash Santa Fun Run,,,not_applicable,8,qa_needed,false,content-ops,,0,,partial,needs_review,,missing,needs_review,needs_review,not_applicable,needs_review,,,,,"Event ""Cardiff Santa Dash Santa Fun Run"" missing image | Event ""Cardiff Santa Dash Santa Fun Run"" has thin description",Audit gap: Source event image from operator or generate | Audit gap: Write proper event description,70,45
event-cardiff-sparks-in-the-park-fireworks-display,dynamic,event,/events/cardiff-sparks-in-the-park-fireworks-display,Cardiff Sparks In The Park Fireworks Display,,,not_applicable,8,qa_needed,false,content-ops,,0,,partial,needs_review,,missing,needs_review,needs_review,not_applicable,needs_review,,,,,"Event ""Cardiff Sparks in the Park Fireworks Display"" missing image | Event ""Cardiff Sparks in the Park Fireworks Display"" has thin description",Audit gap: Source event image from operator or generate | Audit gap: Write proper event description,70,45
event-cardiff-triathlon,dynamic,event,/events/cardiff-triathlon,Cardiff Triathlon,,,not_applicable,8,qa_needed,false,content-ops,,0,,missing,missing,,needs_review,needs_review,needs_review,not_applicable,needs_review,,,,,"Event ""Cardiff Triathlon"" missing image",Audit gap: Source event image from operator or generate,55,25
event-cardigan-barley-saturday,dynamic,event,/events/cardigan-barley-saturday,Cardigan Barley Saturday,,,not_applicable,8,qa_needed,false,content-ops,,0,,partial,needs_review,,missing,needs_review,needs_review,not_applicable,needs_review,,,,,"Event ""Cardigan Barley Saturday"" missing image | Event ""Cardigan Barley Saturday"" has thin description",Audit gap: Source event image from operator or generate | Audit gap: Write proper event description,70,45
event-cardigan-bay-regatta,dynamic,event,/events/cardigan-bay-regatta,Cardigan Bay Regatta,,,not_applicable,8,qa_needed,false,content-ops,,0,,partial,needs_review,,missing,needs_review,needs_review,not_applicable,needs_review,,,,,"Event ""Cardigan Bay Regatta"" missing image | Event ""Cardigan Bay Regatta"" has thin description",Audit gap: Source event image from operator or generate | Audit gap: Write proper event description,70,45
event-cardigan-bay-seafood-festival,dynamic,event,/events/cardigan-bay-seafood-festival,Cardigan Bay Seafood Festival,,,not_applicable,8,qa_needed,false,content-ops,,0,,missing,missing,,needs_review,needs_review,needs_review,not_applicable,needs_review,,,,,"Event ""Cardigan Bay Seafood Festival"" missing image",Audit gap: Source event image from operator or generate,55,25
event-cardigan-county-show,dynamic,event,/events/cardigan-county-show,Cardigan County Show,,,not_applicable,8,qa_needed,false,content-ops,,0,,partial,needs_review,,missing,needs_review,needs_review,not_applicable,needs_review,,,,,"Event ""Cardigan County Show"" missing image | Event ""Cardigan County Show"" has thin description",Audit gap: Source event image from operator or generate | Audit gap: Write proper event description,70,45
event-cardigan-river-and-food-festival,dynamic,event,/events/cardigan-river-and-food-festival,Cardigan River And Food Festival,,,not_applicable,8,qa_needed,false,content-ops,,0,,missing,missing,,needs_review,needs_review,needs_review,not_applicable,needs_review,,,,,"Event ""Cardigan River and Food Festival"" missing image",Audit gap: Source event image from operator or generate,55,25
event-cardigan-river-food-festival,dynamic,event,/events/cardigan-river-food-festival,Cardigan River Food Festival,,,not_applicable,8,qa_needed,false,content-ops,,0,,missing,missing,,needs_review,needs_review,needs_review,not_applicable,needs_review,,,,,"Event ""Cardigan River & Food Festival"" missing image",Audit gap: Source event image from operator or generate,55,25
event-cardigan-show,dynamic,event,/events/cardigan-show,Cardigan Show,,,not_applicable,8,qa_needed,false,content-ops,,0,,missing,missing,,needs_review,needs_review,needs_review,not_applicable,needs_review,,,,,"Event ""Cardigan Show"" missing image",Audit gap: Source event image from operator or generate,55,25
event-carmarthen-farmers-market,dynamic,event,/events/carmarthen-farmers-market,Carmarthen Farmers Market,,,not_applicable,8,qa_needed,false,content-ops,,0,,missing,missing,,needs_review,needs_review,needs_review,not_applicable,needs_review,,,,,"Event ""Carmarthen Farmers Market"" missing image",Audit gap: Source event image from operator or generate,55,25
event-carmarthen-fireworks-fireworks-display,dynamic,event,/events/carmarthen-fireworks-fireworks-display,Carmarthen Fireworks Fireworks Display,,,not_applicable,8,qa_needed,false,content-ops,,0,,partial,needs_review,,missing,needs_review,needs_review,not_applicable,needs_review,,,,,"Event ""Carmarthen Fireworks Fireworks Display"" missing image | Event ""Carmarthen Fireworks Fireworks Display"" has thin description",Audit gap: Source event image from operator or generate | Audit gap: Write proper event description,70,45
event-castell-roc,dynamic,event,/events/castell-roc,Castell Roc,,,not_applicable,8,qa_needed,false,content-ops,,0,,partial,needs_review,,missing,needs_review,needs_review,not_applicable,needs_review,,,,,"Event ""Castell Roc"" missing image | Event ""Castell Roc"" has thin description",Audit gap: Source event image from operator or generate | Audit gap: Write proper event description,70,45
event-castlemartin-show,dynamic,event,/events/castlemartin-show,Castlemartin Show,,,not_applicable,8,qa_needed,false,content-ops,,0,,missing,missing,,needs_review,needs_review,needs_review,not_applicable,needs_review,,,,,"Event ""Castlemartin Show"" missing image",Audit gap: Source event image from operator or generate,55,25
event-cdf-10k,dynamic,event,/events/cdf-10k,Cdf 10k,,,not_applicable,8,qa_needed,false,content-ops,,0,,missing,missing,,needs_review,needs_review,needs_review,not_applicable,needs_review,,,,,"Event ""CDF 10K"" missing image",Audit gap: Source event image from operator or generate,55,25
event-cdf-10k-2026,dynamic,event,/events/cdf-10k-2026,Cdf 10k 2026,,,not_applicable,8,qa_needed,false,content-ops,,0,,partial,needs_review,,missing,needs_review,needs_review,not_applicable,needs_review,,,,,"Event ""CDF 10K 2026"" missing image | Event ""CDF 10K 2026"" has thin description",Audit gap: Source event image from operator or generate | Audit gap: Write proper event description,70,45
event-celtic-blue-rock-community-arts-festival,dynamic,event,/events/celtic-blue-rock-community-arts-festival,Celtic Blue Rock Community Arts Festival,,,not_applicable,8,qa_needed,false,content-ops,,0,,missing,missing,,needs_review,needs_review,needs_review,not_applicable,needs_review,,,,,"Event ""Celtic Blue Rock Community Arts Festival"" missing image",Audit gap: Source event image from operator or generate,55,25
event-chepstow-farmers-market,dynamic,event,/events/chepstow-farmers-market,Chepstow Farmers Market,,,not_applicable,8,qa_needed,false,content-ops,,0,,missing,missing,,needs_review,needs_review,needs_review,not_applicable,needs_review,,,,,"Event ""Chepstow Farmers Market"" missing image",Audit gap: Source event image from operator or generate,55,25
event-chepstow-show,dynamic,event,/events/chepstow-show,Chepstow Show,,,not_applicable,8,qa_needed,false,content-ops,,0,,missing,missing,,needs_review,needs_review,needs_review,not_applicable,needs_review,,,,,"Event ""Chepstow Show"" missing image",Audit gap: Source event image from operator or generate,55,25
event-chepstow-walking-festival,dynamic,event,/events/chepstow-walking-festival,Chepstow Walking Festival,,,not_applicable,8,qa_needed,false,content-ops,,0,,missing,missing,,needs_review,needs_review,needs_review,not_applicable,needs_review,,,,,"Event ""Chepstow Walking Festival"" missing image",Audit gap: Source event image from operator or generate,55,25
event-chirk-castle-easter-hunt-easter-egg-hunt,dynamic,event,/events/chirk-castle-easter-hunt-easter-egg-hunt,Chirk Castle Easter Hunt Easter Egg Hunt,,,not_applicable,8,qa_needed,false,content-ops,,0,,partial,needs_review,,missing,needs_review,needs_review,not_applicable,needs_review,,,,,"Event ""Chirk Castle Easter Hunt Easter Egg Hunt"" missing image | Event ""Chirk Castle Easter Hunt Easter Egg Hunt"" has thin description",Audit gap: Source event image from operator or generate | Audit gap: Write proper event description,70,45
event-christmas-at-bute-park,dynamic,event,/events/christmas-at-bute-park,Christmas At Bute Park,,,not_applicable,8,qa_needed,false,content-ops,,0,,missing,missing,,needs_review,needs_review,needs_review,not_applicable,needs_review,,,,,"Event ""Christmas at Bute Park"" missing image",Audit gap: Source event image from operator or generate,55,25
event-cilycwm-show,dynamic,event,/events/cilycwm-show,Cilycwm Show,,,not_applicable,8,qa_needed,false,content-ops,,0,,missing,missing,,needs_review,needs_review,needs_review,not_applicable,needs_review,,,,,"Event ""Cilycwm Show"" missing image",Audit gap: Source event image from operator or generate,55,25
event-clearwell-farm-pumpkin-picking,dynamic,event,/events/clearwell-farm-pumpkin-picking,Clearwell Farm Pumpkin Picking,,,not_applicable,8,qa_needed,false,content-ops,,0,,partial,needs_review,,missing,needs_review,needs_review,not_applicable,needs_review,,,,,"Event ""Clearwell Farm Pumpkin Picking"" missing image | Event ""Clearwell Farm Pumpkin Picking"" has thin description",Audit gap: Source event image from operator or generate | Audit gap: Write proper event description,70,45
event-coasteering-champs,dynamic,event,/events/coasteering-champs,Coasteering Champs,,,not_applicable,8,qa_needed,false,content-ops,,0,,missing,missing,,needs_review,needs_review,needs_review,not_applicable,needs_review,,,,,"Event ""Coasteering Championships"" missing image",Audit gap: Source event image from operator or generate,55,25
event-coffee-morning-at-stackpole-centre,dynamic,event,/events/coffee-morning-at-stackpole-centre,Coffee Morning At Stackpole Centre,,,not_applicable,8,qa_needed,false,content-ops,,0,,missing,missing,,needs_review,needs_review,needs_review,not_applicable,needs_review,,,,,"Event ""Coffee Morning at Stackpole Centre"" missing image",Audit gap: Source event image from operator or generate,55,25
event-colby-parkrun,dynamic,event,/events/colby-parkrun,Colby Parkrun,,,not_applicable,8,qa_needed,false,content-ops,,0,,missing,missing,,needs_review,needs_review,needs_review,not_applicable,needs_review,,,,,"Event ""Colby Parkrun"" missing image",Audit gap: Source event image from operator or generate,55,25
event-colby-woodland-garden-easter-hunt-easter-egg-hunt,dynamic,event,/events/colby-woodland-garden-easter-hunt-easter-egg-hunt,Colby Woodland Garden Easter Hunt Easter Egg Hunt,,,not_applicable,8,qa_needed,false,content-ops,,0,,partial,needs_review,,missing,needs_review,needs_review,not_applicable,needs_review,,,,,"Event ""Colby Woodland Garden Easter Hunt Easter Egg Hunt"" missing image | Event ""Colby Woodland Garden Easter Hunt Easter Egg Hunt"" has thin description",Audit gap: Source event image from operator or generate | Audit gap: Write proper event description,70,45
event-coleford-music-festival,dynamic,event,/events/coleford-music-festival,Coleford Music Festival,,,not_applicable,8,qa_needed,false,content-ops,,0,,missing,missing,,needs_review,needs_review,needs_review,not_applicable,needs_review,,,,,"Event ""Coleford Music Festival"" missing image",Audit gap: Source event image from operator or generate,55,25
event-colwyn-bay-1940s-festival,dynamic,event,/events/colwyn-bay-1940s-festival,Colwyn Bay 1940s Festival,,,not_applicable,8,qa_needed,false,content-ops,,0,,partial,needs_review,,missing,needs_review,needs_review,not_applicable,needs_review,,,,,"Event ""Colwyn Bay 1940s Festival"" missing image | Event ""Colwyn Bay 1940s Festival"" has thin description",Audit gap: Source event image from operator or generate | Audit gap: Write proper event description,70,45
event-colwyn-bay-prom-xtra,dynamic,event,/events/colwyn-bay-prom-xtra,Colwyn Bay Prom Xtra,,,not_applicable,8,qa_needed,false,content-ops,,0,,partial,needs_review,,missing,needs_review,needs_review,not_applicable,needs_review,,,,,"Event ""Colwyn Bay Prom Xtra"" missing image | Event ""Colwyn Bay Prom Xtra"" has thin description",Audit gap: Source event image from operator or generate | Audit gap: Write proper event description,70,45
event-conwy-ascent,dynamic,event,/events/conwy-ascent,Conwy Ascent,,,not_applicable,8,qa_needed,false,content-ops,,0,,missing,missing,,needs_review,needs_review,needs_review,not_applicable,needs_review,,,,,"Event ""Conwy Ascent"" missing image",Audit gap: Source event image from operator or generate,55,25
event-conwy-honey-fair,dynamic,event,/events/conwy-honey-fair,Conwy Honey Fair,,,not_applicable,8,qa_needed,false,content-ops,,0,,missing,missing,,needs_review,needs_review,needs_review,not_applicable,needs_review,,,,,"Event ""Conwy Honey Fair"" missing image",Audit gap: Source event image from operator or generate,55,25
event-conwy-junior-parkrun,dynamic,event,/events/conwy-junior-parkrun,Conwy Junior Parkrun,,,not_applicable,8,qa_needed,false,content-ops,,0,,partial,needs_review,,missing,needs_review,needs_review,not_applicable,needs_review,,,,,"Event ""Conwy Junior Parkrun"" missing image | Event ""Conwy Junior Parkrun"" has thin description",Audit gap: Source event image from operator or generate | Audit gap: Write proper event description,70,45
event-conwy-medieval-festival,dynamic,event,/events/conwy-medieval-festival,Conwy Medieval Festival,,,not_applicable,8,qa_needed,false,content-ops,,0,,missing,missing,,needs_review,needs_review,needs_review,not_applicable,needs_review,,,,,"Event ""Conwy Medieval Festival"" missing image",Audit gap: Source event image from operator or generate,55,25
event-conwy-parkrun,dynamic,event,/events/conwy-parkrun,Conwy Parkrun,,,not_applicable,8,qa_needed,false,content-ops,,0,,missing,missing,,needs_review,needs_review,needs_review,not_applicable,needs_review,,,,,"Event ""Conwy Parkrun"" missing image",Audit gap: Source event image from operator or generate,55,25
event-conwy-pirate-weekend,dynamic,event,/events/conwy-pirate-weekend,Conwy Pirate Weekend,,,not_applicable,8,qa_needed,false,content-ops,,0,,partial,needs_review,,missing,needs_review,needs_review,not_applicable,needs_review,,,,,"Event ""Conwy Pirate Weekend"" missing image | Event ""Conwy Pirate Weekend"" has thin description",Audit gap: Source event image from operator or generate | Audit gap: Write proper event description,70,45
event-conwy-river-festival,dynamic,event,/events/conwy-river-festival,Conwy River Festival,,,not_applicable,8,qa_needed,false,content-ops,,0,,partial,needs_review,,missing,needs_review,needs_review,not_applicable,needs_review,,,,,"Event ""Conwy River Festival"" missing image | Event ""Conwy River Festival"" has thin description",Audit gap: Source event image from operator or generate | Audit gap: Write proper event description,70,45
event-cowbridge-farmers-market,dynamic,event,/events/cowbridge-farmers-market,Cowbridge Farmers Market,,,not_applicable,8,qa_needed,false,content-ops,,0,,missing,missing,,needs_review,needs_review,needs_review,not_applicable,needs_review,,,,,"Event ""Cowbridge Farmers Market"" missing image",Audit gap: Source event image from operator or generate,55,25
event-cowbridge-food-and-drink-festival,dynamic,event,/events/cowbridge-food-and-drink-festival,Cowbridge Food And Drink Festival,,,not_applicable,8,qa_needed,false,content-ops,,0,,missing,missing,,needs_review,needs_review,needs_review,not_applicable,needs_review,,,,,"Event ""Cowbridge Food and Drink Festival"" missing image",Audit gap: Source event image from operator or generate,55,25
event-criccieth-boxing-day-dip,dynamic,event,/events/criccieth-boxing-day-dip,Criccieth Boxing Day Dip,,,not_applicable,8,qa_needed,false,content-ops,,0,,partial,needs_review,,missing,needs_review,needs_review,not_applicable,needs_review,,,,,"Event ""Criccieth Boxing Day Dip"" missing image | Event ""Criccieth Boxing Day Dip"" has thin description",Audit gap: Source event image from operator or generate | Audit gap: Write proper event description,70,45
event-crickhowell-walking-festival,dynamic,event,/events/crickhowell-walking-festival,Crickhowell Walking Festival,,,not_applicable,8,qa_needed,false,content-ops,,0,,missing,missing,,needs_review,needs_review,needs_review,not_applicable,needs_review,,,,,"Event ""Crickhowell Walking Festival"" missing image",Audit gap: Source event image from operator or generate,55,25
event-cwmbran-parkrun,dynamic,event,/events/cwmbran-parkrun,Cwmbran Parkrun,,,not_applicable,8,qa_needed,false,content-ops,,0,,missing,missing,,needs_review,needs_review,needs_review,not_applicable,needs_review,,,,,"Event ""Cwmbran Parkrun"" missing image",Audit gap: Source event image from operator or generate,55,25
event-cylch-y-frenni-show,dynamic,event,/events/cylch-y-frenni-show,Cylch Y Frenni Show,,,not_applicable,8,qa_needed,false,content-ops,,0,,missing,missing,,needs_review,needs_review,needs_review,not_applicable,needs_review,,,,,"Event ""Cylch y Frenni Show"" missing image",Audit gap: Source event image from operator or generate,55,25
event-dan-yr-ogof-events,dynamic,event,/events/dan-yr-ogof-events,Dan Yr Ogof Events,,,not_applicable,8,qa_needed,false,content-ops,,0,,missing,missing,,needs_review,needs_review,needs_review,not_applicable,needs_review,,,,,"Event ""Dan yr Ogof Dinosaur Park Events"" missing image",Audit gap: Source event image from operator or generate,55,25
event-denbigh-and-flint-show,dynamic,event,/events/denbigh-and-flint-show,Denbigh And Flint Show,,,not_applicable,8,qa_needed,false,content-ops,,0,,missing,missing,,needs_review,needs_review,needs_review,not_applicable,needs_review,,,,,"Event ""Denbigh and Flint Show"" missing image",Audit gap: Source event image from operator or generate,55,25
event-devauden-festival,dynamic,event,/events/devauden-festival,Devauden Festival,,,not_applicable,8,qa_needed,false,content-ops,,0,,partial,needs_review,,missing,needs_review,needs_review,not_applicable,needs_review,,,,,"Event ""Devauden Festival"" missing image | Event ""Devauden Festival"" has thin description",Audit gap: Source event image from operator or generate | Audit gap: Write proper event description,70,45
event-dinefwr-literature-festival,dynamic,event,/events/dinefwr-literature-festival,Dinefwr Literature Festival,,,not_applicable,8,qa_needed,false,content-ops,,0,,missing,missing,,needs_review,needs_review,needs_review,not_applicable,needs_review,,,,,"Event ""Dinefwr Literature Festival"" missing image",Audit gap: Source event image from operator or generate,55,25
event-dolgellau-parkrun,dynamic,event,/events/dolgellau-parkrun,Dolgellau Parkrun,,,not_applicable,8,qa_needed,false,content-ops,,0,,missing,missing,,needs_review,needs_review,needs_review,not_applicable,needs_review,,,,,"Event ""Dolgellau Parkrun"" missing image",Audit gap: Source event image from operator or generate,55,25
event-dragon-boat-festival,dynamic,event,/events/dragon-boat-festival,Dragon Boat Festival,,,not_applicable,8,qa_needed,false,content-ops,,0,,partial,needs_review,,missing,needs_review,needs_review,not_applicable,needs_review,,,,,"Event ""Dragon Boat Festival"" missing image | Event ""Dragon Boat Festival"" has thin description",Audit gap: Source event image from operator or generate | Audit gap: Write proper event description,70,45
event-dyffryn-gardens-easter-hunt-easter-egg-hunt,dynamic,event,/events/dyffryn-gardens-easter-hunt-easter-egg-hunt,Dyffryn Gardens Easter Hunt Easter Egg Hunt,,,not_applicable,8,qa_needed,false,content-ops,,0,,missing,missing,,needs_review,needs_review,needs_review,not_applicable,needs_review,,,,,"Event ""Dyffryn Gardens Easter Hunt Easter Egg Hunt"" missing image",Audit gap: Source event image from operator or generate,55,25
event-easter-holiday-activities-at-aberglasney-gardens,dynamic,event,/events/easter-holiday-activities-at-aberglasney-gardens,Easter Holiday Activities At Aberglasney Gardens,,,not_applicable,8,qa_needed,false,content-ops,,0,,missing,missing,,needs_review,needs_review,needs_review,not_applicable,needs_review,,,,,"Event ""Easter Holiday Activities at Aberglasney Gardens"" missing image",Audit gap: Source event image from operator or generate,55,25
event-easter-holiday-activities-at-beaumaris-castle,dynamic,event,/events/easter-holiday-activities-at-beaumaris-castle,Easter Holiday Activities At Beaumaris Castle,,,not_applicable,8,qa_needed,false,content-ops,,0,,missing,missing,,needs_review,needs_review,needs_review,not_applicable,needs_review,,,,,"Event ""Easter Holiday Activities at Beaumaris Castle"" missing image",Audit gap: Source event image from operator or generate,55,25
event-easter-holiday-activities-at-big-pit-national-coal-museum,dynamic,event,/events/easter-holiday-activities-at-big-pit-national-coal-museum,Easter Holiday Activities At Big Pit National Coal Museum,,,not_applicable,8,qa_needed,false,content-ops,,0,,missing,missing,,needs_review,needs_review,needs_review,not_applicable,needs_review,,,,,"Event ""Easter Holiday Activities at Big Pit National Coal Museum"" missing image",Audit gap: Source event image from operator or generate,55,25
event-easter-holiday-activities-at-bodnant-garden,dynamic,event,/events/easter-holiday-activities-at-bodnant-garden,Easter Holiday Activities At Bodnant Garden,,,not_applicable,8,qa_needed,false,content-ops,,0,,missing,missing,,needs_review,needs_review,needs_review,not_applicable,needs_review,,,,,"Event ""Easter Holiday Activities at Bodnant Garden"" missing image",Audit gap: Source event image from operator or generate,55,25
event-easter-holiday-activities-at-brecon-mountain-railway,dynamic,event,/events/easter-holiday-activities-at-brecon-mountain-railway,Easter Holiday Activities At Brecon Mountain Railway,,,not_applicable,8,qa_needed,false,content-ops,,0,,missing,missing,,needs_review,needs_review,needs_review,not_applicable,needs_review,,,,,"Event ""Easter Holiday Activities at Brecon Mountain Railway"" missing image",Audit gap: Source event image from operator or generate,55,25
event-easter-holiday-activities-at-bryngarw-country-park,dynamic,event,/events/easter-holiday-activities-at-bryngarw-country-park,Easter Holiday Activities At Bryngarw Country Park,,,not_applicable,8,qa_needed,false,content-ops,,0,,missing,missing,,needs_review,needs_review,needs_review,not_applicable,needs_review,,,,,"Event ""Easter Holiday Activities at Bryngarw Country Park"" missing image",Audit gap: Source event image from operator or generate,55,25
event-easter-holiday-activities-at-caernarfon-castle,dynamic,event,/events/easter-holiday-activities-at-caernarfon-castle,Easter Holiday Activities At Caernarfon Castle,,,not_applicable,8,qa_needed,false,content-ops,,0,,missing,missing,,needs_review,needs_review,needs_review,not_applicable,needs_review,,,,,"Event ""Easter Holiday Activities at Caernarfon Castle"" missing image",Audit gap: Source event image from operator or generate,55,25
event-easter-holiday-activities-at-caerphilly-castle,dynamic,event,/events/easter-holiday-activities-at-caerphilly-castle,Easter Holiday Activities At Caerphilly Castle,,,not_applicable,8,qa_needed,false,content-ops,,0,,missing,missing,,needs_review,needs_review,needs_review,not_applicable,needs_review,,,,,"Event ""Easter Holiday Activities at Caerphilly Castle"" missing image",Audit gap: Source event image from operator or generate,55,25
event-easter-holiday-activities-at-castell-coch,dynamic,event,/events/easter-holiday-activities-at-castell-coch,Easter Holiday Activities At Castell Coch,,,not_applicable,8,qa_needed,false,content-ops,,0,,missing,missing,,needs_review,needs_review,needs_review,not_applicable,needs_review,,,,,"Event ""Easter Holiday Activities at Castell Coch"" missing image",Audit gap: Source event image from operator or generate,55,25
event-easter-holiday-activities-at-chepstow-castle,dynamic,event,/events/easter-holiday-activities-at-chepstow-castle,Easter Holiday Activities At Chepstow Castle,,,not_applicable,8,qa_needed,false,content-ops,,0,,missing,missing,,needs_review,needs_review,needs_review,not_applicable,needs_review,,,,,"Event ""Easter Holiday Activities at Chepstow Castle"" missing image",Audit gap: Source event image from operator or generate,55,25
event-easter-holiday-activities-at-chirk-castle,dynamic,event,/events/easter-holiday-activities-at-chirk-castle,Easter Holiday Activities At Chirk Castle,,,not_applicable,8,qa_needed,false,content-ops,,0,,missing,missing,,needs_review,needs_review,needs_review,not_applicable,needs_review,,,,,"Event ""Easter Holiday Activities at Chirk Castle"" missing image",Audit gap: Source event image from operator or generate,55,25
event-easter-holiday-activities-at-colby-woodland-garden,dynamic,event,/events/easter-holiday-activities-at-colby-woodland-garden,Easter Holiday Activities At Colby Woodland Garden,,,not_applicable,8,qa_needed,false,content-ops,,0,,missing,missing,,needs_review,needs_review,needs_review,not_applicable,needs_review,,,,,"Event ""Easter Holiday Activities at Colby Woodland Garden"" missing image",Audit gap: Source event image from operator or generate,55,25
event-easter-holiday-activities-at-conwy-castle,dynamic,event,/events/easter-holiday-activities-at-conwy-castle,Easter Holiday Activities At Conwy Castle,,,not_applicable,8,qa_needed,false,content-ops,,0,,missing,missing,,needs_review,needs_review,needs_review,not_applicable,needs_review,,,,,"Event ""Easter Holiday Activities at Conwy Castle"" missing image",Audit gap: Source event image from operator or generate,55,25
event-easter-holiday-activities-at-cosmeston-lakes-country-park,dynamic,event,/events/easter-holiday-activities-at-cosmeston-lakes-country-park,Easter Holiday Activities At Cosmeston Lakes Country Park,,,not_applicable,8,qa_needed,false,content-ops,,0,,missing,missing,,needs_review,needs_review,needs_review,not_applicable,needs_review,,,,,"Event ""Easter Holiday Activities at Cosmeston Lakes Country Park"" missing image",Audit gap: Source event image from operator or generate,55,25
event-easter-holiday-activities-at-criccieth-castle,dynamic,event,/events/easter-holiday-activities-at-criccieth-castle,Easter Holiday Activities At Criccieth Castle,,,not_applicable,8,qa_needed,false,content-ops,,0,,missing,missing,,needs_review,needs_review,needs_review,not_applicable,needs_review,,,,,"Event ""Easter Holiday Activities at Criccieth Castle"" missing image",Audit gap: Source event image from operator or generate,55,25
event-easter-holiday-activities-at-denbigh-castle,dynamic,event,/events/easter-holiday-activities-at-denbigh-castle,Easter Holiday Activities At Denbigh Castle,,,not_applicable,8,qa_needed,false,content-ops,,0,,missing,missing,,needs_review,needs_review,needs_review,not_applicable,needs_review,,,,,"Event ""Easter Holiday Activities at Denbigh Castle"" missing image",Audit gap: Source event image from operator or generate,55,25
event-easter-holiday-activities-at-dinefwr,dynamic,event,/events/easter-holiday-activities-at-dinefwr,Easter Holiday Activities At Dinefwr,,,not_applicable,8,qa_needed,false,content-ops,,0,,missing,missing,,needs_review,needs_review,needs_review,not_applicable,needs_review,,,,,"Event ""Easter Holiday Activities at Dinefwr"" missing image",Audit gap: Source event image from operator or generate,55,25
event-easter-holiday-activities-at-dyffryn-gardens,dynamic,event,/events/easter-holiday-activities-at-dyffryn-gardens,Easter Holiday Activities At Dyffryn Gardens,,,not_applicable,8,qa_needed,false,content-ops,,0,,missing,missing,,needs_review,needs_review,needs_review,not_applicable,needs_review,,,,,"Event ""Easter Holiday Activities at Dyffryn Gardens"" missing image",Audit gap: Source event image from operator or generate,55,25
event-easter-holiday-activities-at-erddig,dynamic,event,/events/easter-holiday-activities-at-erddig,Easter Holiday Activities At Erddig,,,not_applicable,8,qa_needed,false,content-ops,,0,,missing,missing,,needs_review,needs_review,needs_review,not_applicable,needs_review,,,,,"Event ""Easter Holiday Activities at Erddig"" missing image",Audit gap: Source event image from operator or generate,55,25
event-easter-holiday-activities-at-ffestiniog-welsh-highland-railways,dynamic,event,/events/easter-holiday-activities-at-ffestiniog-welsh-highland-railways,Easter Holiday Activities At Ffestiniog Welsh Highland Railways,,,not_applicable,8,qa_needed,false,content-ops,,0,,missing,missing,,needs_review,needs_review,needs_review,not_applicable,needs_review,,,,,"Event ""Easter Holiday Activities at Ffestiniog & Welsh Highland Railways"" missing image",Audit gap: Source event image from operator or generate,55,25
event-easter-holiday-activities-at-folly-farm-adventure-park-and-zoo,dynamic,event,/events/easter-holiday-activities-at-folly-farm-adventure-park-and-zoo,Easter Holiday Activities At Folly Farm Adventure Park And Zoo,,,not_applicable,8,qa_needed,false,content-ops,,0,,missing,missing,,needs_review,needs_review,needs_review,not_applicable,needs_review,,,,,"Event ""Easter Holiday Activities at Folly Farm Adventure Park and Zoo"" missing image",Audit gap: Source event image from operator or generate,55,25
event-easter-holiday-activities-at-gigrin-farm-red-kite-feeding-centre,dynamic,event,/events/easter-holiday-activities-at-gigrin-farm-red-kite-feeding-centre,Easter Holiday Activities At Gigrin Farm Red Kite Feeding Centre,,,not_applicable,8,qa_needed,false,content-ops,,0,,missing,missing,,needs_review,needs_review,needs_review,not_applicable,needs_review,,,,,"Event ""Easter Holiday Activities at Gigrin Farm Red Kite Feeding Centre"" missing image",Audit gap: Source event image from operator or generate,55,25
event-easter-holiday-activities-at-gnoll-estate-country-park,dynamic,event,/events/easter-holiday-activities-at-gnoll-estate-country-park,Easter Holiday Activities At Gnoll Estate Country Park,,,not_applicable,8,qa_needed,false,content-ops,,0,,missing,missing,,needs_review,needs_review,needs_review,not_applicable,needs_review,,,,,"Event ""Easter Holiday Activities at Gnoll Estate Country Park"" missing image",Audit gap: Source event image from operator or generate,55,25
event-easter-holiday-activities-at-greenwood-family-park,dynamic,event,/events/easter-holiday-activities-at-greenwood-family-park,Easter Holiday Activities At Greenwood Family Park,,,not_applicable,8,qa_needed,false,content-ops,,0,,missing,missing,,needs_review,needs_review,needs_review,not_applicable,needs_review,,,,,"Event ""Easter Holiday Activities at Greenwood Family Park"" missing image",Audit gap: Source event image from operator or generate,55,25
event-easter-holiday-activities-at-harlech-castle,dynamic,event,/events/easter-holiday-activities-at-harlech-castle,Easter Holiday Activities At Harlech Castle,,,not_applicable,8,qa_needed,false,content-ops,,0,,missing,missing,,needs_review,needs_review,needs_review,not_applicable,needs_review,,,,,"Event ""Easter Holiday Activities at Harlech Castle"" missing image",Audit gap: Source event image from operator or generate,55,25
event-easter-holiday-activities-at-kidwelly-castle,dynamic,event,/events/easter-holiday-activities-at-kidwelly-castle,Easter Holiday Activities At Kidwelly Castle,,,not_applicable,8,qa_needed,false,content-ops,,0,,missing,missing,,needs_review,needs_review,needs_review,not_applicable,needs_review,,,,,"Event ""Easter Holiday Activities at Kidwelly Castle"" missing image",Audit gap: Source event image from operator or generate,55,25
event-easter-holiday-activities-at-llanerchaeron,dynamic,event,/events/easter-holiday-activities-at-llanerchaeron,Easter Holiday Activities At Llanerchaeron,,,not_applicable,8,qa_needed,false,content-ops,,0,,missing,missing,,needs_review,needs_review,needs_review,not_applicable,needs_review,,,,,"Event ""Easter Holiday Activities at Llanerchaeron"" missing image",Audit gap: Source event image from operator or generate,55,25
event-easter-holiday-activities-at-manor-wildlife-park,dynamic,event,/events/easter-holiday-activities-at-manor-wildlife-park,Easter Holiday Activities At Manor Wildlife Park,,,not_applicable,8,qa_needed,false,content-ops,,0,,missing,missing,,needs_review,needs_review,needs_review,not_applicable,needs_review,,,,,"Event ""Easter Holiday Activities at Manor Wildlife Park"" missing image",Audit gap: Source event image from operator or generate,55,25
event-easter-holiday-activities-at-margam-country-park,dynamic,event,/events/easter-holiday-activities-at-margam-country-park,Easter Holiday Activities At Margam Country Park,,,not_applicable,8,qa_needed,false,content-ops,,0,,missing,missing,,needs_review,needs_review,needs_review,not_applicable,needs_review,,,,,"Event ""Easter Holiday Activities at Margam Country Park"" missing image",Audit gap: Source event image from operator or generate,55,25
event-easter-holiday-activities-at-national-botanic-garden-of-wales,dynamic,event,/events/easter-holiday-activities-at-national-botanic-garden-of-wales,Easter Holiday Activities At National Botanic Garden Of Wales,,,not_applicable,8,qa_needed,false,content-ops,,0,,missing,missing,,needs_review,needs_review,needs_review,not_applicable,needs_review,,,,,"Event ""Easter Holiday Activities at National Botanic Garden of Wales"" missing image",Audit gap: Source event image from operator or generate,55,25
event-easter-holiday-activities-at-national-museum-cardiff,dynamic,event,/events/easter-holiday-activities-at-national-museum-cardiff,Easter Holiday Activities At National Museum Cardiff,,,not_applicable,8,qa_needed,false,content-ops,,0,,missing,missing,,needs_review,needs_review,needs_review,not_applicable,needs_review,,,,,"Event ""Easter Holiday Activities at National Museum Cardiff"" missing image",Audit gap: Source event image from operator or generate,55,25
event-easter-holiday-activities-at-national-roman-legion-museum,dynamic,event,/events/easter-holiday-activities-at-national-roman-legion-museum,Easter Holiday Activities At National Roman Legion Museum,,,not_applicable,8,qa_needed,false,content-ops,,0,,missing,missing,,needs_review,needs_review,needs_review,not_applicable,needs_review,,,,,"Event ""Easter Holiday Activities at National Roman Legion Museum"" missing image",Audit gap: Source event image from operator or generate,55,25
event-easter-holiday-activities-at-national-showcaves-centre-for-wales-dan-yr-ogof,dynamic,event,/events/easter-holiday-activities-at-national-showcaves-centre-for-wales-dan-yr-ogof,Easter Holiday Activities At National Showcaves Centre For Wales Dan Yr Ogof,,,not_applicable,8,qa_needed,false,content-ops,,0,,missing,missing,,needs_review,needs_review,needs_review,not_applicable,needs_review,,,,,"Event ""Easter Holiday Activities at National Showcaves Centre for Wales (Dan yr Ogof)"" missing image",Audit gap: Source event image from operator or generate,55,25
event-easter-holiday-activities-at-national-slate-museum,dynamic,event,/events/easter-holiday-activities-at-national-slate-museum,Easter Holiday Activities At National Slate Museum,,,not_applicable,8,qa_needed,false,content-ops,,0,,missing,missing,,needs_review,needs_review,needs_review,not_applicable,needs_review,,,,,"Event ""Easter Holiday Activities at National Slate Museum"" missing image",Audit gap: Source event image from operator or generate,55,25
event-easter-holiday-activities-at-national-waterfront-museum,dynamic,event,/events/easter-holiday-activities-at-national-waterfront-museum,Easter Holiday Activities At National Waterfront Museum,,,not_applicable,8,qa_needed,false,content-ops,,0,,missing,missing,,needs_review,needs_review,needs_review,not_applicable,needs_review,,,,,"Event ""Easter Holiday Activities at National Waterfront Museum"" missing image",Audit gap: Source event image from operator or generate,55,25
event-easter-holiday-activities-at-national-wool-museum,dynamic,event,/events/easter-holiday-activities-at-national-wool-museum,Easter Holiday Activities At National Wool Museum,,,not_applicable,8,qa_needed,false,content-ops,,0,,missing,missing,,needs_review,needs_review,needs_review,not_applicable,needs_review,,,,,"Event ""Easter Holiday Activities at National Wool Museum"" missing image",Audit gap: Source event image from operator or generate,55,25
event-easter-holiday-activities-at-pembrey-country-park,dynamic,event,/events/easter-holiday-activities-at-pembrey-country-park,Easter Holiday Activities At Pembrey Country Park,,,not_applicable,8,qa_needed,false,content-ops,,0,,missing,missing,,needs_review,needs_review,needs_review,not_applicable,needs_review,,,,,"Event ""Easter Holiday Activities at Pembrey Country Park"" missing image",Audit gap: Source event image from operator or generate,55,25
event-easter-holiday-activities-at-penrhyn-castle,dynamic,event,/events/easter-holiday-activities-at-penrhyn-castle,Easter Holiday Activities At Penrhyn Castle,,,not_applicable,8,qa_needed,false,content-ops,,0,,missing,missing,,needs_review,needs_review,needs_review,not_applicable,needs_review,,,,,"Event ""Easter Holiday Activities at Penrhyn Castle"" missing image",Audit gap: Source event image from operator or generate,55,25
event-easter-holiday-activities-at-plas-newydd-house-and-garden,dynamic,event,/events/easter-holiday-activities-at-plas-newydd-house-and-garden,Easter Holiday Activities At Plas Newydd House And Garden,,,not_applicable,8,qa_needed,false,content-ops,,0,,missing,missing,,needs_review,needs_review,needs_review,not_applicable,needs_review,,,,,"Event ""Easter Holiday Activities at Plas Newydd House and Garden"" missing image",Audit gap: Source event image from operator or generate,55,25
event-easter-holiday-activities-at-plas-yn-rhiw,dynamic,event,/events/easter-holiday-activities-at-plas-yn-rhiw,Easter Holiday Activities At Plas Yn Rhiw,,,not_applicable,8,qa_needed,false,content-ops,,0,,missing,missing,,needs_review,needs_review,needs_review,not_applicable,needs_review,,,,,"Event ""Easter Holiday Activities at Plas yn Rhiw"" missing image",Audit gap: Source event image from operator or generate,55,25
event-easter-holiday-activities-at-powis-castle-and-garden,dynamic,event,/events/easter-holiday-activities-at-powis-castle-and-garden,Easter Holiday Activities At Powis Castle And Garden,,,not_applicable,8,qa_needed,false,content-ops,,0,,missing,missing,,needs_review,needs_review,needs_review,not_applicable,needs_review,,,,,"Event ""Easter Holiday Activities at Powis Castle and Garden"" missing image",Audit gap: Source event image from operator or generate,55,25
event-easter-holiday-activities-at-raglan-castle,dynamic,event,/events/easter-holiday-activities-at-raglan-castle,Easter Holiday Activities At Raglan Castle,,,not_applicable,8,qa_needed,false,content-ops,,0,,missing,missing,,needs_review,needs_review,needs_review,not_applicable,needs_review,,,,,"Event ""Easter Holiday Activities at Raglan Castle"" missing image",Audit gap: Source event image from operator or generate,55,25
event-easter-holiday-activities-at-rhuddlan-castle,dynamic,event,/events/easter-holiday-activities-at-rhuddlan-castle,Easter Holiday Activities At Rhuddlan Castle,,,not_applicable,8,qa_needed,false,content-ops,,0,,missing,missing,,needs_review,needs_review,needs_review,not_applicable,needs_review,,,,,"Event ""Easter Holiday Activities at Rhuddlan Castle"" missing image",Audit gap: Source event image from operator or generate,55,25
event-easter-holiday-activities-at-rspb-conwy,dynamic,event,/events/easter-holiday-activities-at-rspb-conwy,Easter Holiday Activities At Rspb Conwy,,,not_applicable,8,qa_needed,false,content-ops,,0,,missing,missing,,needs_review,needs_review,needs_review,not_applicable,needs_review,,,,,"Event ""Easter Holiday Activities at RSPB Conwy"" missing image",Audit gap: Source event image from operator or generate,55,25
event-easter-holiday-activities-at-rspb-lake-vyrnwy,dynamic,event,/events/easter-holiday-activities-at-rspb-lake-vyrnwy,Easter Holiday Activities At Rspb Lake Vyrnwy,,,not_applicable,8,qa_needed,false,content-ops,,0,,missing,missing,,needs_review,needs_review,needs_review,not_applicable,needs_review,,,,,"Event ""Easter Holiday Activities at RSPB Lake Vyrnwy"" missing image",Audit gap: Source event image from operator or generate,55,25
event-easter-holiday-activities-at-rspb-newport-wetlands,dynamic,event,/events/easter-holiday-activities-at-rspb-newport-wetlands,Easter Holiday Activities At Rspb Newport Wetlands,,,not_applicable,8,qa_needed,false,content-ops,,0,,missing,missing,,needs_review,needs_review,needs_review,not_applicable,needs_review,,,,,"Event ""Easter Holiday Activities at RSPB Newport Wetlands"" missing image",Audit gap: Source event image from operator or generate,55,25
event-easter-holiday-activities-at-rspb-south-stack,dynamic,event,/events/easter-holiday-activities-at-rspb-south-stack,Easter Holiday Activities At Rspb South Stack,,,not_applicable,8,qa_needed,false,content-ops,,0,,missing,missing,,needs_review,needs_review,needs_review,not_applicable,needs_review,,,,,"Event ""Easter Holiday Activities at RSPB South Stack"" missing image",Audit gap: Source event image from operator or generate,55,25
event-easter-holiday-activities-at-rspb-ynys-hir,dynamic,event,/events/easter-holiday-activities-at-rspb-ynys-hir,Easter Holiday Activities At Rspb Ynys Hir,,,not_applicable,8,qa_needed,false,content-ops,,0,,missing,missing,,needs_review,needs_review,needs_review,not_applicable,needs_review,,,,,"Event ""Easter Holiday Activities at RSPB Ynys-hir"" missing image",Audit gap: Source event image from operator or generate,55,25
event-easter-holiday-activities-at-skomer-island,dynamic,event,/events/easter-holiday-activities-at-skomer-island,Easter Holiday Activities At Skomer Island,,,not_applicable,8,qa_needed,false,content-ops,,0,,missing,missing,,needs_review,needs_review,needs_review,not_applicable,needs_review,,,,,"Event ""Easter Holiday Activities at Skomer Island"" missing image",Audit gap: Source event image from operator or generate,55,25
event-easter-holiday-activities-at-st-davids-bishop-s-palace,dynamic,event,/events/easter-holiday-activities-at-st-davids-bishop-s-palace,Easter Holiday Activities At St Davids Bishop S Palace,,,not_applicable,8,qa_needed,false,content-ops,,0,,missing,missing,,needs_review,needs_review,needs_review,not_applicable,needs_review,,,,,"Event ""Easter Holiday Activities at St Davids Bishop's Palace"" missing image",Audit gap: Source event image from operator or generate,55,25
event-easter-holiday-activities-at-st-fagans-national-museum-of-history,dynamic,event,/events/easter-holiday-activities-at-st-fagans-national-museum-of-history,Easter Holiday Activities At St Fagans National Museum Of History,,,not_applicable,8,qa_needed,false,content-ops,,0,,missing,missing,,needs_review,needs_review,needs_review,not_applicable,needs_review,,,,,"Event ""Easter Holiday Activities at St Fagans National Museum of History"" missing image",Audit gap: Source event image from operator or generate,55,25
event-easter-holiday-activities-at-stackpole-estate,dynamic,event,/events/easter-holiday-activities-at-stackpole-estate,Easter Holiday Activities At Stackpole Estate,,,not_applicable,8,qa_needed,false,content-ops,,0,,missing,missing,,needs_review,needs_review,needs_review,not_applicable,needs_review,,,,,"Event ""Easter Holiday Activities at Stackpole Estate"" missing image",Audit gap: Source event image from operator or generate,55,25
event-easter-holiday-activities-at-talyllyn-railway,dynamic,event,/events/easter-holiday-activities-at-talyllyn-railway,Easter Holiday Activities At Talyllyn Railway,,,not_applicable,8,qa_needed,false,content-ops,,0,,missing,missing,,needs_review,needs_review,needs_review,not_applicable,needs_review,,,,,"Event ""Easter Holiday Activities at Talyllyn Railway"" missing image",Audit gap: Source event image from operator or generate,55,25
event-easter-holiday-activities-at-tredegar-house,dynamic,event,/events/easter-holiday-activities-at-tredegar-house,Easter Holiday Activities At Tredegar House,,,not_applicable,8,qa_needed,false,content-ops,,0,,missing,missing,,needs_review,needs_review,needs_review,not_applicable,needs_review,,,,,"Event ""Easter Holiday Activities at Tredegar House"" missing image",Audit gap: Source event image from operator or generate,55,25
event-easter-holiday-activities-at-tretower-court-and-castle,dynamic,event,/events/easter-holiday-activities-at-tretower-court-and-castle,Easter Holiday Activities At Tretower Court And Castle,,,not_applicable,8,qa_needed,false,content-ops,,0,,missing,missing,,needs_review,needs_review,needs_review,not_applicable,needs_review,,,,,"Event ""Easter Holiday Activities at Tretower Court and Castle"" missing image",Audit gap: Source event image from operator or generate,55,25
event-easter-holiday-activities-at-vale-of-rheidol-railway,dynamic,event,/events/easter-holiday-activities-at-vale-of-rheidol-railway,Easter Holiday Activities At Vale Of Rheidol Railway,,,not_applicable,8,qa_needed,false,content-ops,,0,,missing,missing,,needs_review,needs_review,needs_review,not_applicable,needs_review,,,,,"Event ""Easter Holiday Activities at Vale of Rheidol Railway"" missing image",Audit gap: Source event image from operator or generate,55,25
event-easter-holiday-activities-at-welsh-mountain-zoo,dynamic,event,/events/easter-holiday-activities-at-welsh-mountain-zoo,Easter Holiday Activities At Welsh Mountain Zoo,,,not_applicable,8,qa_needed,false,content-ops,,0,,missing,missing,,needs_review,needs_review,needs_review,not_applicable,needs_review,,,,,"Event ""Easter Holiday Activities at Welsh Mountain Zoo"" missing image",Audit gap: Source event image from operator or generate,55,25
event-easter-holiday-activities-at-welsh-wildlife-centre-cilgerran,dynamic,event,/events/easter-holiday-activities-at-welsh-wildlife-centre-cilgerran,Easter Holiday Activities At Welsh Wildlife Centre Cilgerran,,,not_applicable,8,qa_needed,false,content-ops,,0,,missing,missing,,needs_review,needs_review,needs_review,not_applicable,needs_review,,,,,"Event ""Easter Holiday Activities at Welsh Wildlife Centre (Cilgerran)"" missing image",Audit gap: Source event image from operator or generate,55,25
event-easter-holiday-activities-at-zip-world-various,dynamic,event,/events/easter-holiday-activities-at-zip-world-various,Easter Holiday Activities At Zip World Various,,,not_applicable,8,qa_needed,false,content-ops,,0,,missing,missing,,needs_review,needs_review,needs_review,not_applicable,needs_review,,,,,"Event ""Easter Holiday Activities at Zip World (Various)"" missing image",Audit gap: Source event image from operator or generate,55,25
event-eglwyswrw-show,dynamic,event,/events/eglwyswrw-show,Eglwyswrw Show,,,not_applicable,8,qa_needed,false,content-ops,,0,,missing,missing,,needs_review,needs_review,needs_review,not_applicable,needs_review,,,,,"Event ""Eglwyswrw Show"" missing image",Audit gap: Source event image from operator or generate,55,25
event-eisteddfod,dynamic,event,/events/eisteddfod,Eisteddfod,,,not_applicable,8,qa_needed,false,content-ops,,0,,missing,missing,,needs_review,needs_review,needs_review,not_applicable,needs_review,,,,,"Event ""Eisteddfod"" missing image",Audit gap: Source event image from operator or generate,55,25
event-elan-valley-dark-skies-events,dynamic,event,/events/elan-valley-dark-skies-events,Elan Valley Dark Skies Events,,,not_applicable,8,qa_needed,false,content-ops,,0,,partial,needs_review,,missing,needs_review,needs_review,not_applicable,needs_review,,,,,"Event ""Elan Valley Dark Skies Events"" missing image | Event ""Elan Valley Dark Skies Events"" has thin description",Audit gap: Source event image from operator or generate | Audit gap: Write proper event description,70,45
event-elvis-festival,dynamic,event,/events/elvis-festival,Elvis Festival,,,not_applicable,8,qa_needed,false,content-ops,,0,,partial,needs_review,,missing,needs_review,needs_review,not_applicable,needs_review,,,,,"Event ""Elvis Festival"" missing image | Event ""Elvis Festival"" has thin description",Audit gap: Source event image from operator or generate | Audit gap: Write proper event description,70,45
event-elvis-festival-porthcawl,dynamic,event,/events/elvis-festival-porthcawl,Elvis Festival Porthcawl,,,not_applicable,8,qa_needed,false,content-ops,,0,,missing,missing,,needs_review,needs_review,needs_review,not_applicable,needs_review,,,,,"Event ""Elvis Festival Porthcawl"" missing image",Audit gap: Source event image from operator or generate,55,25
event-erddig-easter-hunt-easter-egg-hunt,dynamic,event,/events/erddig-easter-hunt-easter-egg-hunt,Erddig Easter Hunt Easter Egg Hunt,,,not_applicable,8,qa_needed,false,content-ops,,0,,partial,needs_review,,missing,needs_review,needs_review,not_applicable,needs_review,,,,,"Event ""Erddig Easter Hunt Easter Egg Hunt"" missing image | Event ""Erddig Easter Hunt Easter Egg Hunt"" has thin description",Audit gap: Source event image from operator or generate | Audit gap: Write proper event description,70,45
event-erddig-parkrun,dynamic,event,/events/erddig-parkrun,Erddig Parkrun,,,not_applicable,8,qa_needed,false,content-ops,,0,,missing,missing,,needs_review,needs_review,needs_review,not_applicable,needs_review,,,,,"Event ""Erddig Parkrun"" missing image",Audit gap: Source event image from operator or generate,55,25
event-erwood-show,dynamic,event,/events/erwood-show,Erwood Show,,,not_applicable,8,qa_needed,false,content-ops,,0,,missing,missing,,needs_review,needs_review,needs_review,not_applicable,needs_review,,,,,"Event ""Erwood Show"" missing image",Audit gap: Source event image from operator or generate,55,25
event-escape-into-the-park,dynamic,event,/events/escape-into-the-park,Escape Into The Park,,,not_applicable,8,qa_needed,false,content-ops,,0,,missing,missing,,needs_review,needs_review,needs_review,not_applicable,needs_review,,,,,"Event ""Escape into the Park"" missing image",Audit gap: Source event image from operator or generate,55,25
event-february-half-term-trails-at-aberglasney-gardens,dynamic,event,/events/february-half-term-trails-at-aberglasney-gardens,February Half Term Trails At Aberglasney Gardens,,,not_applicable,8,qa_needed,false,content-ops,,0,,missing,missing,,needs_review,needs_review,needs_review,not_applicable,needs_review,,,,,"Event ""February Half Term Trails at Aberglasney Gardens"" missing image",Audit gap: Source event image from operator or generate,55,25
event-february-half-term-trails-at-beaumaris-castle,dynamic,event,/events/february-half-term-trails-at-beaumaris-castle,February Half Term Trails At Beaumaris Castle,,,not_applicable,8,qa_needed,false,content-ops,,0,,missing,missing,,needs_review,needs_review,needs_review,not_applicable,needs_review,,,,,"Event ""February Half Term Trails at Beaumaris Castle"" missing image",Audit gap: Source event image from operator or generate,55,25
event-february-half-term-trails-at-big-pit-national-coal-museum,dynamic,event,/events/february-half-term-trails-at-big-pit-national-coal-museum,February Half Term Trails At Big Pit National Coal Museum,,,not_applicable,8,qa_needed,false,content-ops,,0,,missing,missing,,needs_review,needs_review,needs_review,not_applicable,needs_review,,,,,"Event ""February Half Term Trails at Big Pit National Coal Museum"" missing image",Audit gap: Source event image from operator or generate,55,25
event-february-half-term-trails-at-bodnant-garden,dynamic,event,/events/february-half-term-trails-at-bodnant-garden,February Half Term Trails At Bodnant Garden,,,not_applicable,8,qa_needed,false,content-ops,,0,,missing,missing,,needs_review,needs_review,needs_review,not_applicable,needs_review,,,,,"Event ""February Half Term Trails at Bodnant Garden"" missing image",Audit gap: Source event image from operator or generate,55,25
event-february-half-term-trails-at-brecon-mountain-railway,dynamic,event,/events/february-half-term-trails-at-brecon-mountain-railway,February Half Term Trails At Brecon Mountain Railway,,,not_applicable,8,qa_needed,false,content-ops,,0,,missing,missing,,needs_review,needs_review,needs_review,not_applicable,needs_review,,,,,"Event ""February Half Term Trails at Brecon Mountain Railway"" missing image",Audit gap: Source event image from operator or generate,55,25
event-february-half-term-trails-at-bryngarw-country-park,dynamic,event,/events/february-half-term-trails-at-bryngarw-country-park,February Half Term Trails At Bryngarw Country Park,,,not_applicable,8,qa_needed,false,content-ops,,0,,missing,missing,,needs_review,needs_review,needs_review,not_applicable,needs_review,,,,,"Event ""February Half Term Trails at Bryngarw Country Park"" missing image",Audit gap: Source event image from operator or generate,55,25
event-february-half-term-trails-at-caernarfon-castle,dynamic,event,/events/february-half-term-trails-at-caernarfon-castle,February Half Term Trails At Caernarfon Castle,,,not_applicable,8,qa_needed,false,content-ops,,0,,missing,missing,,needs_review,needs_review,needs_review,not_applicable,needs_review,,,,,"Event ""February Half Term Trails at Caernarfon Castle"" missing image",Audit gap: Source event image from operator or generate,55,25
event-february-half-term-trails-at-caerphilly-castle,dynamic,event,/events/february-half-term-trails-at-caerphilly-castle,February Half Term Trails At Caerphilly Castle,,,not_applicable,8,qa_needed,false,content-ops,,0,,missing,missing,,needs_review,needs_review,needs_review,not_applicable,needs_review,,,,,"Event ""February Half Term Trails at Caerphilly Castle"" missing image",Audit gap: Source event image from operator or generate,55,25
event-february-half-term-trails-at-castell-coch,dynamic,event,/events/february-half-term-trails-at-castell-coch,February Half Term Trails At Castell Coch,,,not_applicable,8,qa_needed,false,content-ops,,0,,missing,missing,,needs_review,needs_review,needs_review,not_applicable,needs_review,,,,,"Event ""February Half Term Trails at Castell Coch"" missing image",Audit gap: Source event image from operator or generate,55,25
event-february-half-term-trails-at-chepstow-castle,dynamic,event,/events/february-half-term-trails-at-chepstow-castle,February Half Term Trails At Chepstow Castle,,,not_applicable,8,qa_needed,false,content-ops,,0,,missing,missing,,needs_review,needs_review,needs_review,not_applicable,needs_review,,,,,"Event ""February Half Term Trails at Chepstow Castle"" missing image",Audit gap: Source event image from operator or generate,55,25
event-february-half-term-trails-at-chirk-castle,dynamic,event,/events/february-half-term-trails-at-chirk-castle,February Half Term Trails At Chirk Castle,,,not_applicable,8,qa_needed,false,content-ops,,0,,missing,missing,,needs_review,needs_review,needs_review,not_applicable,needs_review,,,,,"Event ""February Half Term Trails at Chirk Castle"" missing image",Audit gap: Source event image from operator or generate,55,25
event-february-half-term-trails-at-colby-woodland-garden,dynamic,event,/events/february-half-term-trails-at-colby-woodland-garden,February Half Term Trails At Colby Woodland Garden,,,not_applicable,8,qa_needed,false,content-ops,,0,,missing,missing,,needs_review,needs_review,needs_review,not_applicable,needs_review,,,,,"Event ""February Half Term Trails at Colby Woodland Garden"" missing image",Audit gap: Source event image from operator or generate,55,25
event-february-half-term-trails-at-conwy-castle,dynamic,event,/events/february-half-term-trails-at-conwy-castle,February Half Term Trails At Conwy Castle,,,not_applicable,8,qa_needed,false,content-ops,,0,,missing,missing,,needs_review,needs_review,needs_review,not_applicable,needs_review,,,,,"Event ""February Half Term Trails at Conwy Castle"" missing image",Audit gap: Source event image from operator or generate,55,25
event-february-half-term-trails-at-cosmeston-lakes-country-park,dynamic,event,/events/february-half-term-trails-at-cosmeston-lakes-country-park,February Half Term Trails At Cosmeston Lakes Country Park,,,not_applicable,8,qa_needed,false,content-ops,,0,,missing,missing,,needs_review,needs_review,needs_review,not_applicable,needs_review,,,,,"Event ""February Half Term Trails at Cosmeston Lakes Country Park"" missing image",Audit gap: Source event image from operator or generate,55,25
event-february-half-term-trails-at-criccieth-castle,dynamic,event,/events/february-half-term-trails-at-criccieth-castle,February Half Term Trails At Criccieth Castle,,,not_applicable,8,qa_needed,false,content-ops,,0,,missing,missing,,needs_review,needs_review,needs_review,not_applicable,needs_review,,,,,"Event ""February Half Term Trails at Criccieth Castle"" missing image",Audit gap: Source event image from operator or generate,55,25
event-february-half-term-trails-at-denbigh-castle,dynamic,event,/events/february-half-term-trails-at-denbigh-castle,February Half Term Trails At Denbigh Castle,,,not_applicable,8,qa_needed,false,content-ops,,0,,missing,missing,,needs_review,needs_review,needs_review,not_applicable,needs_review,,,,,"Event ""February Half Term Trails at Denbigh Castle"" missing image",Audit gap: Source event image from operator or generate,55,25
event-february-half-term-trails-at-dinefwr,dynamic,event,/events/february-half-term-trails-at-dinefwr,February Half Term Trails At Dinefwr,,,not_applicable,8,qa_needed,false,content-ops,,0,,missing,missing,,needs_review,needs_review,needs_review,not_applicable,needs_review,,,,,"Event ""February Half Term Trails at Dinefwr"" missing image",Audit gap: Source event image from operator or generate,55,25
event-february-half-term-trails-at-dyffryn-gardens,dynamic,event,/events/february-half-term-trails-at-dyffryn-gardens,February Half Term Trails At Dyffryn Gardens,,,not_applicable,8,qa_needed,false,content-ops,,0,,missing,missing,,needs_review,needs_review,needs_review,not_applicable,needs_review,,,,,"Event ""February Half Term Trails at Dyffryn Gardens"" missing image",Audit gap: Source event image from operator or generate,55,25
event-february-half-term-trails-at-erddig,dynamic,event,/events/february-half-term-trails-at-erddig,February Half Term Trails At Erddig,,,not_applicable,8,qa_needed,false,content-ops,,0,,missing,missing,,needs_review,needs_review,needs_review,not_applicable,needs_review,,,,,"Event ""February Half Term Trails at Erddig"" missing image",Audit gap: Source event image from operator or generate,55,25
event-february-half-term-trails-at-ffestiniog-welsh-highland-railways,dynamic,event,/events/february-half-term-trails-at-ffestiniog-welsh-highland-railways,February Half Term Trails At Ffestiniog Welsh Highland Railways,,,not_applicable,8,qa_needed,false,content-ops,,0,,missing,missing,,needs_review,needs_review,needs_review,not_applicable,needs_review,,,,,"Event ""February Half Term Trails at Ffestiniog & Welsh Highland Railways"" missing image",Audit gap: Source event image from operator or generate,55,25
event-february-half-term-trails-at-folly-farm-adventure-park-and-zoo,dynamic,event,/events/february-half-term-trails-at-folly-farm-adventure-park-and-zoo,February Half Term Trails At Folly Farm Adventure Park And Zoo,,,not_applicable,8,qa_needed,false,content-ops,,0,,missing,missing,,needs_review,needs_review,needs_review,not_applicable,needs_review,,,,,"Event ""February Half Term Trails at Folly Farm Adventure Park and Zoo"" missing image",Audit gap: Source event image from operator or generate,55,25
event-february-half-term-trails-at-gigrin-farm-red-kite-feeding-centre,dynamic,event,/events/february-half-term-trails-at-gigrin-farm-red-kite-feeding-centre,February Half Term Trails At Gigrin Farm Red Kite Feeding Centre,,,not_applicable,8,qa_needed,false,content-ops,,0,,missing,missing,,needs_review,needs_review,needs_review,not_applicable,needs_review,,,,,"Event ""February Half Term Trails at Gigrin Farm Red Kite Feeding Centre"" missing image",Audit gap: Source event image from operator or generate,55,25
event-february-half-term-trails-at-gnoll-estate-country-park,dynamic,event,/events/february-half-term-trails-at-gnoll-estate-country-park,February Half Term Trails At Gnoll Estate Country Park,,,not_applicable,8,qa_needed,false,content-ops,,0,,missing,missing,,needs_review,needs_review,needs_review,not_applicable,needs_review,,,,,"Event ""February Half Term Trails at Gnoll Estate Country Park"" missing image",Audit gap: Source event image from operator or generate,55,25
event-february-half-term-trails-at-greenwood-family-park,dynamic,event,/events/february-half-term-trails-at-greenwood-family-park,February Half Term Trails At Greenwood Family Park,,,not_applicable,8,qa_needed,false,content-ops,,0,,missing,missing,,needs_review,needs_review,needs_review,not_applicable,needs_review,,,,,"Event ""February Half Term Trails at Greenwood Family Park"" missing image",Audit gap: Source event image from operator or generate,55,25
event-february-half-term-trails-at-harlech-castle,dynamic,event,/events/february-half-term-trails-at-harlech-castle,February Half Term Trails At Harlech Castle,,,not_applicable,8,qa_needed,false,content-ops,,0,,missing,missing,,needs_review,needs_review,needs_review,not_applicable,needs_review,,,,,"Event ""February Half Term Trails at Harlech Castle"" missing image",Audit gap: Source event image from operator or generate,55,25
event-february-half-term-trails-at-kidwelly-castle,dynamic,event,/events/february-half-term-trails-at-kidwelly-castle,February Half Term Trails At Kidwelly Castle,,,not_applicable,8,qa_needed,false,content-ops,,0,,missing,missing,,needs_review,needs_review,needs_review,not_applicable,needs_review,,,,,"Event ""February Half Term Trails at Kidwelly Castle"" missing image",Audit gap: Source event image from operator or generate,55,25
event-february-half-term-trails-at-llanerchaeron,dynamic,event,/events/february-half-term-trails-at-llanerchaeron,February Half Term Trails At Llanerchaeron,,,not_applicable,8,qa_needed,false,content-ops,,0,,missing,missing,,needs_review,needs_review,needs_review,not_applicable,needs_review,,,,,"Event ""February Half Term Trails at Llanerchaeron"" missing image",Audit gap: Source event image from operator or generate,55,25
event-february-half-term-trails-at-manor-wildlife-park,dynamic,event,/events/february-half-term-trails-at-manor-wildlife-park,February Half Term Trails At Manor Wildlife Park,,,not_applicable,8,qa_needed,false,content-ops,,0,,missing,missing,,needs_review,needs_review,needs_review,not_applicable,needs_review,,,,,"Event ""February Half Term Trails at Manor Wildlife Park"" missing image",Audit gap: Source event image from operator or generate,55,25
event-february-half-term-trails-at-margam-country-park,dynamic,event,/events/february-half-term-trails-at-margam-country-park,February Half Term Trails At Margam Country Park,,,not_applicable,8,qa_needed,false,content-ops,,0,,missing,missing,,needs_review,needs_review,needs_review,not_applicable,needs_review,,,,,"Event ""February Half Term Trails at Margam Country Park"" missing image",Audit gap: Source event image from operator or generate,55,25
event-february-half-term-trails-at-national-botanic-garden-of-wales,dynamic,event,/events/february-half-term-trails-at-national-botanic-garden-of-wales,February Half Term Trails At National Botanic Garden Of Wales,,,not_applicable,8,qa_needed,false,content-ops,,0,,missing,missing,,needs_review,needs_review,needs_review,not_applicable,needs_review,,,,,"Event ""February Half Term Trails at National Botanic Garden of Wales"" missing image",Audit gap: Source event image from operator or generate,55,25
event-february-half-term-trails-at-national-museum-cardiff,dynamic,event,/events/february-half-term-trails-at-national-museum-cardiff,February Half Term Trails At National Museum Cardiff,,,not_applicable,8,qa_needed,false,content-ops,,0,,missing,missing,,needs_review,needs_review,needs_review,not_applicable,needs_review,,,,,"Event ""February Half Term Trails at National Museum Cardiff"" missing image",Audit gap: Source event image from operator or generate,55,25
event-february-half-term-trails-at-national-roman-legion-museum,dynamic,event,/events/february-half-term-trails-at-national-roman-legion-museum,February Half Term Trails At National Roman Legion Museum,,,not_applicable,8,qa_needed,false,content-ops,,0,,missing,missing,,needs_review,needs_review,needs_review,not_applicable,needs_review,,,,,"Event ""February Half Term Trails at National Roman Legion Museum"" missing image",Audit gap: Source event image from operator or generate,55,25
event-february-half-term-trails-at-national-showcaves-centre-for-wales-dan-yr-ogof,dynamic,event,/events/february-half-term-trails-at-national-showcaves-centre-for-wales-dan-yr-ogof,February Half Term Trails At National Showcaves Centre For Wales Dan Yr Ogof,,,not_applicable,8,qa_needed,false,content-ops,,0,,missing,missing,,needs_review,needs_review,needs_review,not_applicable,needs_review,,,,,"Event ""February Half Term Trails at National Showcaves Centre for Wales (Dan yr Ogof)"" missing image",Audit gap: Source event image from operator or generate,55,25
event-february-half-term-trails-at-national-slate-museum,dynamic,event,/events/february-half-term-trails-at-national-slate-museum,February Half Term Trails At National Slate Museum,,,not_applicable,8,qa_needed,false,content-ops,,0,,missing,missing,,needs_review,needs_review,needs_review,not_applicable,needs_review,,,,,"Event ""February Half Term Trails at National Slate Museum"" missing image",Audit gap: Source event image from operator or generate,55,25
event-february-half-term-trails-at-national-waterfront-museum,dynamic,event,/events/february-half-term-trails-at-national-waterfront-museum,February Half Term Trails At National Waterfront Museum,,,not_applicable,8,qa_needed,false,content-ops,,0,,missing,missing,,needs_review,needs_review,needs_review,not_applicable,needs_review,,,,,"Event ""February Half Term Trails at National Waterfront Museum"" missing image",Audit gap: Source event image from operator or generate,55,25
event-february-half-term-trails-at-national-wool-museum,dynamic,event,/events/february-half-term-trails-at-national-wool-museum,February Half Term Trails At National Wool Museum,,,not_applicable,8,qa_needed,false,content-ops,,0,,missing,missing,,needs_review,needs_review,needs_review,not_applicable,needs_review,,,,,"Event ""February Half Term Trails at National Wool Museum"" missing image",Audit gap: Source event image from operator or generate,55,25
event-february-half-term-trails-at-pembrey-country-park,dynamic,event,/events/february-half-term-trails-at-pembrey-country-park,February Half Term Trails At Pembrey Country Park,,,not_applicable,8,qa_needed,false,content-ops,,0,,missing,missing,,needs_review,needs_review,needs_review,not_applicable,needs_review,,,,,"Event ""February Half Term Trails at Pembrey Country Park"" missing image",Audit gap: Source event image from operator or generate,55,25
event-february-half-term-trails-at-penrhyn-castle,dynamic,event,/events/february-half-term-trails-at-penrhyn-castle,February Half Term Trails At Penrhyn Castle,,,not_applicable,8,qa_needed,false,content-ops,,0,,missing,missing,,needs_review,needs_review,needs_review,not_applicable,needs_review,,,,,"Event ""February Half Term Trails at Penrhyn Castle"" missing image",Audit gap: Source event image from operator or generate,55,25
event-february-half-term-trails-at-plas-newydd-house-and-garden,dynamic,event,/events/february-half-term-trails-at-plas-newydd-house-and-garden,February Half Term Trails At Plas Newydd House And Garden,,,not_applicable,8,qa_needed,false,content-ops,,0,,missing,missing,,needs_review,needs_review,needs_review,not_applicable,needs_review,,,,,"Event ""February Half Term Trails at Plas Newydd House and Garden"" missing image",Audit gap: Source event image from operator or generate,55,25
event-february-half-term-trails-at-plas-yn-rhiw,dynamic,event,/events/february-half-term-trails-at-plas-yn-rhiw,February Half Term Trails At Plas Yn Rhiw,,,not_applicable,8,qa_needed,false,content-ops,,0,,missing,missing,,needs_review,needs_review,needs_review,not_applicable,needs_review,,,,,"Event ""February Half Term Trails at Plas yn Rhiw"" missing image",Audit gap: Source event image from operator or generate,55,25
event-february-half-term-trails-at-powis-castle-and-garden,dynamic,event,/events/february-half-term-trails-at-powis-castle-and-garden,February Half Term Trails At Powis Castle And Garden,,,not_applicable,8,qa_needed,false,content-ops,,0,,missing,missing,,needs_review,needs_review,needs_review,not_applicable,needs_review,,,,,"Event ""February Half Term Trails at Powis Castle and Garden"" missing image",Audit gap: Source event image from operator or generate,55,25
event-february-half-term-trails-at-raglan-castle,dynamic,event,/events/february-half-term-trails-at-raglan-castle,February Half Term Trails At Raglan Castle,,,not_applicable,8,qa_needed,false,content-ops,,0,,missing,missing,,needs_review,needs_review,needs_review,not_applicable,needs_review,,,,,"Event ""February Half Term Trails at Raglan Castle"" missing image",Audit gap: Source event image from operator or generate,55,25
event-february-half-term-trails-at-rhuddlan-castle,dynamic,event,/events/february-half-term-trails-at-rhuddlan-castle,February Half Term Trails At Rhuddlan Castle,,,not_applicable,8,qa_needed,false,content-ops,,0,,missing,missing,,needs_review,needs_review,needs_review,not_applicable,needs_review,,,,,"Event ""February Half Term Trails at Rhuddlan Castle"" missing image",Audit gap: Source event image from operator or generate,55,25
event-february-half-term-trails-at-rspb-conwy,dynamic,event,/events/february-half-term-trails-at-rspb-conwy,February Half Term Trails At Rspb Conwy,,,not_applicable,8,qa_needed,false,content-ops,,0,,missing,missing,,needs_review,needs_review,needs_review,not_applicable,needs_review,,,,,"Event ""February Half Term Trails at RSPB Conwy"" missing image",Audit gap: Source event image from operator or generate,55,25
event-february-half-term-trails-at-rspb-lake-vyrnwy,dynamic,event,/events/february-half-term-trails-at-rspb-lake-vyrnwy,February Half Term Trails At Rspb Lake Vyrnwy,,,not_applicable,8,qa_needed,false,content-ops,,0,,missing,missing,,needs_review,needs_review,needs_review,not_applicable,needs_review,,,,,"Event ""February Half Term Trails at RSPB Lake Vyrnwy"" missing image",Audit gap: Source event image from operator or generate,55,25
event-february-half-term-trails-at-rspb-newport-wetlands,dynamic,event,/events/february-half-term-trails-at-rspb-newport-wetlands,February Half Term Trails At Rspb Newport Wetlands,,,not_applicable,8,qa_needed,false,content-ops,,0,,missing,missing,,needs_review,needs_review,needs_review,not_applicable,needs_review,,,,,"Event ""February Half Term Trails at RSPB Newport Wetlands"" missing image",Audit gap: Source event image from operator or generate,55,25
event-february-half-term-trails-at-rspb-south-stack,dynamic,event,/events/february-half-term-trails-at-rspb-south-stack,February Half Term Trails At Rspb South Stack,,,not_applicable,8,qa_needed,false,content-ops,,0,,missing,missing,,needs_review,needs_review,needs_review,not_applicable,needs_review,,,,,"Event ""February Half Term Trails at RSPB South Stack"" missing image",Audit gap: Source event image from operator or generate,55,25
event-february-half-term-trails-at-rspb-ynys-hir,dynamic,event,/events/february-half-term-trails-at-rspb-ynys-hir,February Half Term Trails At Rspb Ynys Hir,,,not_applicable,8,qa_needed,false,content-ops,,0,,missing,missing,,needs_review,needs_review,needs_review,not_applicable,needs_review,,,,,"Event ""February Half Term Trails at RSPB Ynys-hir"" missing image",Audit gap: Source event image from operator or generate,55,25
event-february-half-term-trails-at-skomer-island,dynamic,event,/events/february-half-term-trails-at-skomer-island,February Half Term Trails At Skomer Island,,,not_applicable,8,qa_needed,false,content-ops,,0,,missing,missing,,needs_review,needs_review,needs_review,not_applicable,needs_review,,,,,"Event ""February Half Term Trails at Skomer Island"" missing image",Audit gap: Source event image from operator or generate,55,25
event-february-half-term-trails-at-st-davids-bishop-s-palace,dynamic,event,/events/february-half-term-trails-at-st-davids-bishop-s-palace,February Half Term Trails At St Davids Bishop S Palace,,,not_applicable,8,qa_needed,false,content-ops,,0,,missing,missing,,needs_review,needs_review,needs_review,not_applicable,needs_review,,,,,"Event ""February Half Term Trails at St Davids Bishop's Palace"" missing image",Audit gap: Source event image from operator or generate,55,25
event-february-half-term-trails-at-st-fagans-national-museum-of-history,dynamic,event,/events/february-half-term-trails-at-st-fagans-national-museum-of-history,February Half Term Trails At St Fagans National Museum Of History,,,not_applicable,8,qa_needed,false,content-ops,,0,,missing,missing,,needs_review,needs_review,needs_review,not_applicable,needs_review,,,,,"Event ""February Half Term Trails at St Fagans National Museum of History"" missing image",Audit gap: Source event image from operator or generate,55,25
event-february-half-term-trails-at-stackpole-estate,dynamic,event,/events/february-half-term-trails-at-stackpole-estate,February Half Term Trails At Stackpole Estate,,,not_applicable,8,qa_needed,false,content-ops,,0,,missing,missing,,needs_review,needs_review,needs_review,not_applicable,needs_review,,,,,"Event ""February Half Term Trails at Stackpole Estate"" missing image",Audit gap: Source event image from operator or generate,55,25
event-february-half-term-trails-at-talyllyn-railway,dynamic,event,/events/february-half-term-trails-at-talyllyn-railway,February Half Term Trails At Talyllyn Railway,,,not_applicable,8,qa_needed,false,content-ops,,0,,missing,missing,,needs_review,needs_review,needs_review,not_applicable,needs_review,,,,,"Event ""February Half Term Trails at Talyllyn Railway"" missing image",Audit gap: Source event image from operator or generate,55,25
event-february-half-term-trails-at-tredegar-house,dynamic,event,/events/february-half-term-trails-at-tredegar-house,February Half Term Trails At Tredegar House,,,not_applicable,8,qa_needed,false,content-ops,,0,,missing,missing,,needs_review,needs_review,needs_review,not_applicable,needs_review,,,,,"Event ""February Half Term Trails at Tredegar House"" missing image",Audit gap: Source event image from operator or generate,55,25
event-february-half-term-trails-at-tretower-court-and-castle,dynamic,event,/events/february-half-term-trails-at-tretower-court-and-castle,February Half Term Trails At Tretower Court And Castle,,,not_applicable,8,qa_needed,false,content-ops,,0,,missing,missing,,needs_review,needs_review,needs_review,not_applicable,needs_review,,,,,"Event ""February Half Term Trails at Tretower Court and Castle"" missing image",Audit gap: Source event image from operator or generate,55,25
event-february-half-term-trails-at-vale-of-rheidol-railway,dynamic,event,/events/february-half-term-trails-at-vale-of-rheidol-railway,February Half Term Trails At Vale Of Rheidol Railway,,,not_applicable,8,qa_needed,false,content-ops,,0,,missing,missing,,needs_review,needs_review,needs_review,not_applicable,needs_review,,,,,"Event ""February Half Term Trails at Vale of Rheidol Railway"" missing image",Audit gap: Source event image from operator or generate,55,25
event-february-half-term-trails-at-welsh-mountain-zoo,dynamic,event,/events/february-half-term-trails-at-welsh-mountain-zoo,February Half Term Trails At Welsh Mountain Zoo,,,not_applicable,8,qa_needed,false,content-ops,,0,,missing,missing,,needs_review,needs_review,needs_review,not_applicable,needs_review,,,,,"Event ""February Half Term Trails at Welsh Mountain Zoo"" missing image",Audit gap: Source event image from operator or generate,55,25
event-february-half-term-trails-at-welsh-wildlife-centre-cilgerran,dynamic,event,/events/february-half-term-trails-at-welsh-wildlife-centre-cilgerran,February Half Term Trails At Welsh Wildlife Centre Cilgerran,,,not_applicable,8,qa_needed,false,content-ops,,0,,missing,missing,,needs_review,needs_review,needs_review,not_applicable,needs_review,,,,,"Event ""February Half Term Trails at Welsh Wildlife Centre (Cilgerran)"" missing image",Audit gap: Source event image from operator or generate,55,25
event-february-half-term-trails-at-zip-world-various,dynamic,event,/events/february-half-term-trails-at-zip-world-various,February Half Term Trails At Zip World Various,,,not_applicable,8,qa_needed,false,content-ops,,0,,missing,missing,,needs_review,needs_review,needs_review,not_applicable,needs_review,,,,,"Event ""February Half Term Trails at Zip World (Various)"" missing image",Audit gap: Source event image from operator or generate,55,25
event-festival-no6,dynamic,event,/events/festival-no6,Festival No6,,,not_applicable,8,qa_needed,false,content-ops,,0,,missing,missing,,needs_review,needs_review,needs_review,not_applicable,needs_review,,,,,"Event ""Festival No.6"" missing image",Audit gap: Source event image from operator or generate,55,25
event-festive-season-events-at-aberglasney-gardens,dynamic,event,/events/festive-season-events-at-aberglasney-gardens,Festive Season Events At Aberglasney Gardens,,,not_applicable,8,qa_needed,false,content-ops,,0,,missing,missing,,needs_review,needs_review,needs_review,not_applicable,needs_review,,,,,"Event ""Festive Season Events at Aberglasney Gardens"" missing image",Audit gap: Source event image from operator or generate,55,25
event-festive-season-events-at-beaumaris-castle,dynamic,event,/events/festive-season-events-at-beaumaris-castle,Festive Season Events At Beaumaris Castle,,,not_applicable,8,qa_needed,false,content-ops,,0,,missing,missing,,needs_review,needs_review,needs_review,not_applicable,needs_review,,,,,"Event ""Festive Season Events at Beaumaris Castle"" missing image",Audit gap: Source event image from operator or generate,55,25
event-festive-season-events-at-big-pit-national-coal-museum,dynamic,event,/events/festive-season-events-at-big-pit-national-coal-museum,Festive Season Events At Big Pit National Coal Museum,,,not_applicable,8,qa_needed,false,content-ops,,0,,missing,missing,,needs_review,needs_review,needs_review,not_applicable,needs_review,,,,,"Event ""Festive Season Events at Big Pit National Coal Museum"" missing image",Audit gap: Source event image from operator or generate,55,25
event-festive-season-events-at-bodnant-garden,dynamic,event,/events/festive-season-events-at-bodnant-garden,Festive Season Events At Bodnant Garden,,,not_applicable,8,qa_needed,false,content-ops,,0,,missing,missing,,needs_review,needs_review,needs_review,not_applicable,needs_review,,,,,"Event ""Festive Season Events at Bodnant Garden"" missing image",Audit gap: Source event image from operator or generate,55,25
event-festive-season-events-at-brecon-mountain-railway,dynamic,event,/events/festive-season-events-at-brecon-mountain-railway,Festive Season Events At Brecon Mountain Railway,,,not_applicable,8,qa_needed,false,content-ops,,0,,missing,missing,,needs_review,needs_review,needs_review,not_applicable,needs_review,,,,,"Event ""Festive Season Events at Brecon Mountain Railway"" missing image",Audit gap: Source event image from operator or generate,55,25
event-festive-season-events-at-bryngarw-country-park,dynamic,event,/events/festive-season-events-at-bryngarw-country-park,Festive Season Events At Bryngarw Country Park,,,not_applicable,8,qa_needed,false,content-ops,,0,,missing,missing,,needs_review,needs_review,needs_review,not_applicable,needs_review,,,,,"Event ""Festive Season Events at Bryngarw Country Park"" missing image",Audit gap: Source event image from operator or generate,55,25
event-festive-season-events-at-caernarfon-castle,dynamic,event,/events/festive-season-events-at-caernarfon-castle,Festive Season Events At Caernarfon Castle,,,not_applicable,8,qa_needed,false,content-ops,,0,,missing,missing,,needs_review,needs_review,needs_review,not_applicable,needs_review,,,,,"Event ""Festive Season Events at Caernarfon Castle"" missing image",Audit gap: Source event image from operator or generate,55,25
event-festive-season-events-at-caerphilly-castle,dynamic,event,/events/festive-season-events-at-caerphilly-castle,Festive Season Events At Caerphilly Castle,,,not_applicable,8,qa_needed,false,content-ops,,0,,missing,missing,,needs_review,needs_review,needs_review,not_applicable,needs_review,,,,,"Event ""Festive Season Events at Caerphilly Castle"" missing image",Audit gap: Source event image from operator or generate,55,25
event-festive-season-events-at-castell-coch,dynamic,event,/events/festive-season-events-at-castell-coch,Festive Season Events At Castell Coch,,,not_applicable,8,qa_needed,false,content-ops,,0,,missing,missing,,needs_review,needs_review,needs_review,not_applicable,needs_review,,,,,"Event ""Festive Season Events at Castell Coch"" missing image",Audit gap: Source event image from operator or generate,55,25
event-festive-season-events-at-chepstow-castle,dynamic,event,/events/festive-season-events-at-chepstow-castle,Festive Season Events At Chepstow Castle,,,not_applicable,8,qa_needed,false,content-ops,,0,,missing,missing,,needs_review,needs_review,needs_review,not_applicable,needs_review,,,,,"Event ""Festive Season Events at Chepstow Castle"" missing image",Audit gap: Source event image from operator or generate,55,25
event-festive-season-events-at-chirk-castle,dynamic,event,/events/festive-season-events-at-chirk-castle,Festive Season Events At Chirk Castle,,,not_applicable,8,qa_needed,false,content-ops,,0,,missing,missing,,needs_review,needs_review,needs_review,not_applicable,needs_review,,,,,"Event ""Festive Season Events at Chirk Castle"" missing image",Audit gap: Source event image from operator or generate,55,25
event-festive-season-events-at-colby-woodland-garden,dynamic,event,/events/festive-season-events-at-colby-woodland-garden,Festive Season Events At Colby Woodland Garden,,,not_applicable,8,qa_needed,false,content-ops,,0,,missing,missing,,needs_review,needs_review,needs_review,not_applicable,needs_review,,,,,"Event ""Festive Season Events at Colby Woodland Garden"" missing image",Audit gap: Source event image from operator or generate,55,25
event-festive-season-events-at-conwy-castle,dynamic,event,/events/festive-season-events-at-conwy-castle,Festive Season Events At Conwy Castle,,,not_applicable,8,qa_needed,false,content-ops,,0,,missing,missing,,needs_review,needs_review,needs_review,not_applicable,needs_review,,,,,"Event ""Festive Season Events at Conwy Castle"" missing image",Audit gap: Source event image from operator or generate,55,25
event-festive-season-events-at-cosmeston-lakes-country-park,dynamic,event,/events/festive-season-events-at-cosmeston-lakes-country-park,Festive Season Events At Cosmeston Lakes Country Park,,,not_applicable,8,qa_needed,false,content-ops,,0,,missing,missing,,needs_review,needs_review,needs_review,not_applicable,needs_review,,,,,"Event ""Festive Season Events at Cosmeston Lakes Country Park"" missing image",Audit gap: Source event image from operator or generate,55,25
event-festive-season-events-at-criccieth-castle,dynamic,event,/events/festive-season-events-at-criccieth-castle,Festive Season Events At Criccieth Castle,,,not_applicable,8,qa_needed,false,content-ops,,0,,missing,missing,,needs_review,needs_review,needs_review,not_applicable,needs_review,,,,,"Event ""Festive Season Events at Criccieth Castle"" missing image",Audit gap: Source event image from operator or generate,55,25
event-festive-season-events-at-denbigh-castle,dynamic,event,/events/festive-season-events-at-denbigh-castle,Festive Season Events At Denbigh Castle,,,not_applicable,8,qa_needed,false,content-ops,,0,,missing,missing,,needs_review,needs_review,needs_review,not_applicable,needs_review,,,,,"Event ""Festive Season Events at Denbigh Castle"" missing image",Audit gap: Source event image from operator or generate,55,25
event-festive-season-events-at-dinefwr,dynamic,event,/events/festive-season-events-at-dinefwr,Festive Season Events At Dinefwr,,,not_applicable,8,qa_needed,false,content-ops,,0,,missing,missing,,needs_review,needs_review,needs_review,not_applicable,needs_review,,,,,"Event ""Festive Season Events at Dinefwr"" missing image",Audit gap: Source event image from operator or generate,55,25
event-festive-season-events-at-dyffryn-gardens,dynamic,event,/events/festive-season-events-at-dyffryn-gardens,Festive Season Events At Dyffryn Gardens,,,not_applicable,8,qa_needed,false,content-ops,,0,,missing,missing,,needs_review,needs_review,needs_review,not_applicable,needs_review,,,,,"Event ""Festive Season Events at Dyffryn Gardens"" missing image",Audit gap: Source event image from operator or generate,55,25
event-festive-season-events-at-erddig,dynamic,event,/events/festive-season-events-at-erddig,Festive Season Events At Erddig,,,not_applicable,8,qa_needed,false,content-ops,,0,,missing,missing,,needs_review,needs_review,needs_review,not_applicable,needs_review,,,,,"Event ""Festive Season Events at Erddig"" missing image",Audit gap: Source event image from operator or generate,55,25
event-festive-season-events-at-ffestiniog-welsh-highland-railways,dynamic,event,/events/festive-season-events-at-ffestiniog-welsh-highland-railways,Festive Season Events At Ffestiniog Welsh Highland Railways,,,not_applicable,8,qa_needed,false,content-ops,,0,,missing,missing,,needs_review,needs_review,needs_review,not_applicable,needs_review,,,,,"Event ""Festive Season Events at Ffestiniog & Welsh Highland Railways"" missing image",Audit gap: Source event image from operator or generate,55,25
event-festive-season-events-at-folly-farm-adventure-park-and-zoo,dynamic,event,/events/festive-season-events-at-folly-farm-adventure-park-and-zoo,Festive Season Events At Folly Farm Adventure Park And Zoo,,,not_applicable,8,qa_needed,false,content-ops,,0,,missing,missing,,needs_review,needs_review,needs_review,not_applicable,needs_review,,,,,"Event ""Festive Season Events at Folly Farm Adventure Park and Zoo"" missing image",Audit gap: Source event image from operator or generate,55,25
event-festive-season-events-at-gigrin-farm-red-kite-feeding-centre,dynamic,event,/events/festive-season-events-at-gigrin-farm-red-kite-feeding-centre,Festive Season Events At Gigrin Farm Red Kite Feeding Centre,,,not_applicable,8,qa_needed,false,content-ops,,0,,missing,missing,,needs_review,needs_review,needs_review,not_applicable,needs_review,,,,,"Event ""Festive Season Events at Gigrin Farm Red Kite Feeding Centre"" missing image",Audit gap: Source event image from operator or generate,55,25
event-festive-season-events-at-gnoll-estate-country-park,dynamic,event,/events/festive-season-events-at-gnoll-estate-country-park,Festive Season Events At Gnoll Estate Country Park,,,not_applicable,8,qa_needed,false,content-ops,,0,,missing,missing,,needs_review,needs_review,needs_review,not_applicable,needs_review,,,,,"Event ""Festive Season Events at Gnoll Estate Country Park"" missing image",Audit gap: Source event image from operator or generate,55,25
event-festive-season-events-at-greenwood-family-park,dynamic,event,/events/festive-season-events-at-greenwood-family-park,Festive Season Events At Greenwood Family Park,,,not_applicable,8,qa_needed,false,content-ops,,0,,missing,missing,,needs_review,needs_review,needs_review,not_applicable,needs_review,,,,,"Event ""Festive Season Events at Greenwood Family Park"" missing image",Audit gap: Source event image from operator or generate,55,25
event-festive-season-events-at-harlech-castle,dynamic,event,/events/festive-season-events-at-harlech-castle,Festive Season Events At Harlech Castle,,,not_applicable,8,qa_needed,false,content-ops,,0,,missing,missing,,needs_review,needs_review,needs_review,not_applicable,needs_review,,,,,"Event ""Festive Season Events at Harlech Castle"" missing image",Audit gap: Source event image from operator or generate,55,25
event-festive-season-events-at-kidwelly-castle,dynamic,event,/events/festive-season-events-at-kidwelly-castle,Festive Season Events At Kidwelly Castle,,,not_applicable,8,qa_needed,false,content-ops,,0,,missing,missing,,needs_review,needs_review,needs_review,not_applicable,needs_review,,,,,"Event ""Festive Season Events at Kidwelly Castle"" missing image",Audit gap: Source event image from operator or generate,55,25
event-festive-season-events-at-llanerchaeron,dynamic,event,/events/festive-season-events-at-llanerchaeron,Festive Season Events At Llanerchaeron,,,not_applicable,8,qa_needed,false,content-ops,,0,,missing,missing,,needs_review,needs_review,needs_review,not_applicable,needs_review,,,,,"Event ""Festive Season Events at Llanerchaeron"" missing image",Audit gap: Source event image from operator or generate,55,25
event-festive-season-events-at-manor-wildlife-park,dynamic,event,/events/festive-season-events-at-manor-wildlife-park,Festive Season Events At Manor Wildlife Park,,,not_applicable,8,qa_needed,false,content-ops,,0,,missing,missing,,needs_review,needs_review,needs_review,not_applicable,needs_review,,,,,"Event ""Festive Season Events at Manor Wildlife Park"" missing image",Audit gap: Source event image from operator or generate,55,25
event-festive-season-events-at-margam-country-park,dynamic,event,/events/festive-season-events-at-margam-country-park,Festive Season Events At Margam Country Park,,,not_applicable,8,qa_needed,false,content-ops,,0,,missing,missing,,needs_review,needs_review,needs_review,not_applicable,needs_review,,,,,"Event ""Festive Season Events at Margam Country Park"" missing image",Audit gap: Source event image from operator or generate,55,25
event-festive-season-events-at-national-botanic-garden-of-wales,dynamic,event,/events/festive-season-events-at-national-botanic-garden-of-wales,Festive Season Events At National Botanic Garden Of Wales,,,not_applicable,8,qa_needed,false,content-ops,,0,,missing,missing,,needs_review,needs_review,needs_review,not_applicable,needs_review,,,,,"Event ""Festive Season Events at National Botanic Garden of Wales"" missing image",Audit gap: Source event image from operator or generate,55,25
event-festive-season-events-at-national-museum-cardiff,dynamic,event,/events/festive-season-events-at-national-museum-cardiff,Festive Season Events At National Museum Cardiff,,,not_applicable,8,qa_needed,false,content-ops,,0,,missing,missing,,needs_review,needs_review,needs_review,not_applicable,needs_review,,,,,"Event ""Festive Season Events at National Museum Cardiff"" missing image",Audit gap: Source event image from operator or generate,55,25
event-festive-season-events-at-national-roman-legion-museum,dynamic,event,/events/festive-season-events-at-national-roman-legion-museum,Festive Season Events At National Roman Legion Museum,,,not_applicable,8,qa_needed,false,content-ops,,0,,missing,missing,,needs_review,needs_review,needs_review,not_applicable,needs_review,,,,,"Event ""Festive Season Events at National Roman Legion Museum"" missing image",Audit gap: Source event image from operator or generate,55,25
event-festive-season-events-at-national-showcaves-centre-for-wales-dan-yr-ogof,dynamic,event,/events/festive-season-events-at-national-showcaves-centre-for-wales-dan-yr-ogof,Festive Season Events At National Showcaves Centre For Wales Dan Yr Ogof,,,not_applicable,8,qa_needed,false,content-ops,,0,,missing,missing,,needs_review,needs_review,needs_review,not_applicable,needs_review,,,,,"Event ""Festive Season Events at National Showcaves Centre for Wales (Dan yr Ogof)"" missing image",Audit gap: Source event image from operator or generate,55,25
event-festive-season-events-at-national-slate-museum,dynamic,event,/events/festive-season-events-at-national-slate-museum,Festive Season Events At National Slate Museum,,,not_applicable,8,qa_needed,false,content-ops,,0,,missing,missing,,needs_review,needs_review,needs_review,not_applicable,needs_review,,,,,"Event ""Festive Season Events at National Slate Museum"" missing image",Audit gap: Source event image from operator or generate,55,25
event-festive-season-events-at-national-waterfront-museum,dynamic,event,/events/festive-season-events-at-national-waterfront-museum,Festive Season Events At National Waterfront Museum,,,not_applicable,8,qa_needed,false,content-ops,,0,,missing,missing,,needs_review,needs_review,needs_review,not_applicable,needs_review,,,,,"Event ""Festive Season Events at National Waterfront Museum"" missing image",Audit gap: Source event image from operator or generate,55,25
event-festive-season-events-at-national-wool-museum,dynamic,event,/events/festive-season-events-at-national-wool-museum,Festive Season Events At National Wool Museum,,,not_applicable,8,qa_needed,false,content-ops,,0,,missing,missing,,needs_review,needs_review,needs_review,not_applicable,needs_review,,,,,"Event ""Festive Season Events at National Wool Museum"" missing image",Audit gap: Source event image from operator or generate,55,25
event-festive-season-events-at-pembrey-country-park,dynamic,event,/events/festive-season-events-at-pembrey-country-park,Festive Season Events At Pembrey Country Park,,,not_applicable,8,qa_needed,false,content-ops,,0,,missing,missing,,needs_review,needs_review,needs_review,not_applicable,needs_review,,,,,"Event ""Festive Season Events at Pembrey Country Park"" missing image",Audit gap: Source event image from operator or generate,55,25
event-festive-season-events-at-penrhyn-castle,dynamic,event,/events/festive-season-events-at-penrhyn-castle,Festive Season Events At Penrhyn Castle,,,not_applicable,8,qa_needed,false,content-ops,,0,,missing,missing,,needs_review,needs_review,needs_review,not_applicable,needs_review,,,,,"Event ""Festive Season Events at Penrhyn Castle"" missing image",Audit gap: Source event image from operator or generate,55,25
event-festive-season-events-at-plas-newydd-house-and-garden,dynamic,event,/events/festive-season-events-at-plas-newydd-house-and-garden,Festive Season Events At Plas Newydd House And Garden,,,not_applicable,8,qa_needed,false,content-ops,,0,,missing,missing,,needs_review,needs_review,needs_review,not_applicable,needs_review,,,,,"Event ""Festive Season Events at Plas Newydd House and Garden"" missing image",Audit gap: Source event image from operator or generate,55,25
event-festive-season-events-at-plas-yn-rhiw,dynamic,event,/events/festive-season-events-at-plas-yn-rhiw,Festive Season Events At Plas Yn Rhiw,,,not_applicable,8,qa_needed,false,content-ops,,0,,missing,missing,,needs_review,needs_review,needs_review,not_applicable,needs_review,,,,,"Event ""Festive Season Events at Plas yn Rhiw"" missing image",Audit gap: Source event image from operator or generate,55,25
event-festive-season-events-at-powis-castle-and-garden,dynamic,event,/events/festive-season-events-at-powis-castle-and-garden,Festive Season Events At Powis Castle And Garden,,,not_applicable,8,qa_needed,false,content-ops,,0,,missing,missing,,needs_review,needs_review,needs_review,not_applicable,needs_review,,,,,"Event ""Festive Season Events at Powis Castle and Garden"" missing image",Audit gap: Source event image from operator or generate,55,25
event-festive-season-events-at-raglan-castle,dynamic,event,/events/festive-season-events-at-raglan-castle,Festive Season Events At Raglan Castle,,,not_applicable,8,qa_needed,false,content-ops,,0,,missing,missing,,needs_review,needs_review,needs_review,not_applicable,needs_review,,,,,"Event ""Festive Season Events at Raglan Castle"" missing image",Audit gap: Source event image from operator or generate,55,25
event-festive-season-events-at-rhuddlan-castle,dynamic,event,/events/festive-season-events-at-rhuddlan-castle,Festive Season Events At Rhuddlan Castle,,,not_applicable,8,qa_needed,false,content-ops,,0,,missing,missing,,needs_review,needs_review,needs_review,not_applicable,needs_review,,,,,"Event ""Festive Season Events at Rhuddlan Castle"" missing image",Audit gap: Source event image from operator or generate,55,25
event-festive-season-events-at-rspb-conwy,dynamic,event,/events/festive-season-events-at-rspb-conwy,Festive Season Events At Rspb Conwy,,,not_applicable,8,qa_needed,false,content-ops,,0,,missing,missing,,needs_review,needs_review,needs_review,not_applicable,needs_review,,,,,"Event ""Festive Season Events at RSPB Conwy"" missing image",Audit gap: Source event image from operator or generate,55,25
event-festive-season-events-at-rspb-lake-vyrnwy,dynamic,event,/events/festive-season-events-at-rspb-lake-vyrnwy,Festive Season Events At Rspb Lake Vyrnwy,,,not_applicable,8,qa_needed,false,content-ops,,0,,missing,missing,,needs_review,needs_review,needs_review,not_applicable,needs_review,,,,,"Event ""Festive Season Events at RSPB Lake Vyrnwy"" missing image",Audit gap: Source event image from operator or generate,55,25
event-festive-season-events-at-rspb-newport-wetlands,dynamic,event,/events/festive-season-events-at-rspb-newport-wetlands,Festive Season Events At Rspb Newport Wetlands,,,not_applicable,8,qa_needed,false,content-ops,,0,,missing,missing,,needs_review,needs_review,needs_review,not_applicable,needs_review,,,,,"Event ""Festive Season Events at RSPB Newport Wetlands"" missing image",Audit gap: Source event image from operator or generate,55,25
event-festive-season-events-at-rspb-south-stack,dynamic,event,/events/festive-season-events-at-rspb-south-stack,Festive Season Events At Rspb South Stack,,,not_applicable,8,qa_needed,false,content-ops,,0,,missing,missing,,needs_review,needs_review,needs_review,not_applicable,needs_review,,,,,"Event ""Festive Season Events at RSPB South Stack"" missing image",Audit gap: Source event image from operator or generate,55,25
event-festive-season-events-at-rspb-ynys-hir,dynamic,event,/events/festive-season-events-at-rspb-ynys-hir,Festive Season Events At Rspb Ynys Hir,,,not_applicable,8,qa_needed,false,content-ops,,0,,missing,missing,,needs_review,needs_review,needs_review,not_applicable,needs_review,,,,,"Event ""Festive Season Events at RSPB Ynys-hir"" missing image",Audit gap: Source event image from operator or generate,55,25
event-festive-season-events-at-skomer-island,dynamic,event,/events/festive-season-events-at-skomer-island,Festive Season Events At Skomer Island,,,not_applicable,8,qa_needed,false,content-ops,,0,,missing,missing,,needs_review,needs_review,needs_review,not_applicable,needs_review,,,,,"Event ""Festive Season Events at Skomer Island"" missing image",Audit gap: Source event image from operator or generate,55,25
event-festive-season-events-at-st-davids-bishop-s-palace,dynamic,event,/events/festive-season-events-at-st-davids-bishop-s-palace,Festive Season Events At St Davids Bishop S Palace,,,not_applicable,8,qa_needed,false,content-ops,,0,,missing,missing,,needs_review,needs_review,needs_review,not_applicable,needs_review,,,,,"Event ""Festive Season Events at St Davids Bishop's Palace"" missing image",Audit gap: Source event image from operator or generate,55,25
event-festive-season-events-at-st-fagans-national-museum-of-history,dynamic,event,/events/festive-season-events-at-st-fagans-national-museum-of-history,Festive Season Events At St Fagans National Museum Of History,,,not_applicable,8,qa_needed,false,content-ops,,0,,missing,missing,,needs_review,needs_review,needs_review,not_applicable,needs_review,,,,,"Event ""Festive Season Events at St Fagans National Museum of History"" missing image",Audit gap: Source event image from operator or generate,55,25
event-festive-season-events-at-stackpole-estate,dynamic,event,/events/festive-season-events-at-stackpole-estate,Festive Season Events At Stackpole Estate,,,not_applicable,8,qa_needed,false,content-ops,,0,,missing,missing,,needs_review,needs_review,needs_review,not_applicable,needs_review,,,,,"Event ""Festive Season Events at Stackpole Estate"" missing image",Audit gap: Source event image from operator or generate,55,25
event-festive-season-events-at-talyllyn-railway,dynamic,event,/events/festive-season-events-at-talyllyn-railway,Festive Season Events At Talyllyn Railway,,,not_applicable,8,qa_needed,false,content-ops,,0,,missing,missing,,needs_review,needs_review,needs_review,not_applicable,needs_review,,,,,"Event ""Festive Season Events at Talyllyn Railway"" missing image",Audit gap: Source event image from operator or generate,55,25
event-festive-season-events-at-tredegar-house,dynamic,event,/events/festive-season-events-at-tredegar-house,Festive Season Events At Tredegar House,,,not_applicable,8,qa_needed,false,content-ops,,0,,missing,missing,,needs_review,needs_review,needs_review,not_applicable,needs_review,,,,,"Event ""Festive Season Events at Tredegar House"" missing image",Audit gap: Source event image from operator or generate,55,25
event-festive-season-events-at-tretower-court-and-castle,dynamic,event,/events/festive-season-events-at-tretower-court-and-castle,Festive Season Events At Tretower Court And Castle,,,not_applicable,8,qa_needed,false,content-ops,,0,,missing,missing,,needs_review,needs_review,needs_review,not_applicable,needs_review,,,,,"Event ""Festive Season Events at Tretower Court and Castle"" missing image",Audit gap: Source event image from operator or generate,55,25
event-festive-season-events-at-vale-of-rheidol-railway,dynamic,event,/events/festive-season-events-at-vale-of-rheidol-railway,Festive Season Events At Vale Of Rheidol Railway,,,not_applicable,8,qa_needed,false,content-ops,,0,,missing,missing,,needs_review,needs_review,needs_review,not_applicable,needs_review,,,,,"Event ""Festive Season Events at Vale of Rheidol Railway"" missing image",Audit gap: Source event image from operator or generate,55,25
event-festive-season-events-at-welsh-mountain-zoo,dynamic,event,/events/festive-season-events-at-welsh-mountain-zoo,Festive Season Events At Welsh Mountain Zoo,,,not_applicable,8,qa_needed,false,content-ops,,0,,missing,missing,,needs_review,needs_review,needs_review,not_applicable,needs_review,,,,,"Event ""Festive Season Events at Welsh Mountain Zoo"" missing image",Audit gap: Source event image from operator or generate,55,25
event-festive-season-events-at-welsh-wildlife-centre-cilgerran,dynamic,event,/events/festive-season-events-at-welsh-wildlife-centre-cilgerran,Festive Season Events At Welsh Wildlife Centre Cilgerran,,,not_applicable,8,qa_needed,false,content-ops,,0,,missing,missing,,needs_review,needs_review,needs_review,not_applicable,needs_review,,,,,"Event ""Festive Season Events at Welsh Wildlife Centre (Cilgerran)"" missing image",Audit gap: Source event image from operator or generate,55,25
event-festive-season-events-at-zip-world-various,dynamic,event,/events/festive-season-events-at-zip-world-various,Festive Season Events At Zip World Various,,,not_applicable,8,qa_needed,false,content-ops,,0,,missing,missing,,needs_review,needs_review,needs_review,not_applicable,needs_review,,,,,"Event ""Festive Season Events at Zip World (Various)"" missing image",Audit gap: Source event image from operator or generate,55,25
event-fire-in-the-mountain,dynamic,event,/events/fire-in-the-mountain,Fire In The Mountain,,,not_applicable,8,qa_needed,false,content-ops,,0,,partial,needs_review,,missing,needs_review,needs_review,not_applicable,needs_review,,,,,"Event ""Fire in the Mountain"" missing image | Event ""Fire in the Mountain"" has thin description",Audit gap: Source event image from operator or generate | Audit gap: Write proper event description,70,45
event-fishguard-10k,dynamic,event,/events/fishguard-10k,Fishguard 10k,,,not_applicable,8,qa_needed,false,content-ops,,0,,partial,needs_review,,missing,needs_review,needs_review,not_applicable,needs_review,,,,,"Event ""Fishguard 10k"" missing image | Event ""Fishguard 10k"" has thin description",Audit gap: Source event image from operator or generate | Audit gap: Write proper event description,70,45
event-fishguard-5k,dynamic,event,/events/fishguard-5k,Fishguard 5k,,,not_applicable,8,qa_needed,false,content-ops,,0,,partial,needs_review,,missing,needs_review,needs_review,not_applicable,needs_review,,,,,"Event ""Fishguard 5k"" missing image | Event ""Fishguard 5k"" has thin description",Audit gap: Source event image from operator or generate | Audit gap: Write proper event description,70,45
event-fishguard-aquabike,dynamic,event,/events/fishguard-aquabike,Fishguard Aquabike,,,not_applicable,8,qa_needed,false,content-ops,,0,,partial,needs_review,,missing,needs_review,needs_review,not_applicable,needs_review,,,,,"Event ""Fishguard Aquabike"" missing image | Event ""Fishguard Aquabike"" has thin description",Audit gap: Source event image from operator or generate | Audit gap: Write proper event description,70,45
event-fishguard-farmers-market,dynamic,event,/events/fishguard-farmers-market,Fishguard Farmers Market,,,not_applicable,8,qa_needed,false,content-ops,,0,,missing,missing,,needs_review,needs_review,needs_review,not_applicable,needs_review,,,,,"Event ""Fishguard Farmers Market"" missing image",Audit gap: Source event image from operator or generate,55,25
event-fishguard-folk-festival,dynamic,event,/events/fishguard-folk-festival,Fishguard Folk Festival,,,not_applicable,8,qa_needed,false,content-ops,,0,,missing,missing,,needs_review,needs_review,needs_review,not_applicable,needs_review,,,,,"Event ""Fishguard Folk Festival"" missing image",Audit gap: Source event image from operator or generate,55,25
event-fishguard-half-marathon,dynamic,event,/events/fishguard-half-marathon,Fishguard Half Marathon,,,not_applicable,8,qa_needed,false,content-ops,,0,,partial,needs_review,,missing,needs_review,needs_review,not_applicable,needs_review,,,,,"Event ""Fishguard Half Marathon"" missing image | Event ""Fishguard Half Marathon"" has thin description",Audit gap: Source event image from operator or generate | Audit gap: Write proper event description,70,45
event-fishguard-international-music-festival,dynamic,event,/events/fishguard-international-music-festival,Fishguard International Music Festival,,,not_applicable,8,qa_needed,false,content-ops,,0,,missing,missing,,needs_review,needs_review,needs_review,not_applicable,needs_review,,,,,"Event ""Fishguard International Music Festival"" missing image",Audit gap: Source event image from operator or generate,55,25
event-fishguard-kids-race,dynamic,event,/events/fishguard-kids-race,Fishguard Kids Race,,,not_applicable,8,qa_needed,false,content-ops,,0,,partial,needs_review,,missing,needs_review,needs_review,not_applicable,needs_review,,,,,"Event ""Fishguard Kids Race"" missing image | Event ""Fishguard Kids Race"" has thin description",Audit gap: Source event image from operator or generate | Audit gap: Write proper event description,70,45
event-fishguard-regatta,dynamic,event,/events/fishguard-regatta,Fishguard Regatta,,,not_applicable,8,qa_needed,false,content-ops,,0,,partial,needs_review,,missing,needs_review,needs_review,not_applicable,needs_review,,,,,"Event ""Fishguard Regatta"" missing image | Event ""Fishguard Regatta"" has thin description",Audit gap: Source event image from operator or generate | Audit gap: Write proper event description,70,45
event-fishguard-show,dynamic,event,/events/fishguard-show,Fishguard Show,,,not_applicable,8,qa_needed,false,content-ops,,0,,missing,missing,,needs_review,needs_review,needs_review,not_applicable,needs_review,,,,,"Event ""Fishguard Show"" missing image",Audit gap: Source event image from operator or generate,55,25
event-fishguard-sprint-tri,dynamic,event,/events/fishguard-sprint-tri,Fishguard Sprint Tri,,,not_applicable,8,qa_needed,false,content-ops,,0,,partial,needs_review,,missing,needs_review,needs_review,not_applicable,needs_review,,,,,"Event ""Fishguard Sprint Tri"" missing image | Event ""Fishguard Sprint Tri"" has thin description",Audit gap: Source event image from operator or generate | Audit gap: Write proper event description,70,45
event-fishguard-swim,dynamic,event,/events/fishguard-swim,Fishguard Swim,,,not_applicable,8,qa_needed,false,content-ops,,0,,partial,needs_review,,missing,needs_review,needs_review,not_applicable,needs_review,,,,,"Event ""Fishguard Swim"" missing image | Event ""Fishguard Swim"" has thin description",Audit gap: Source event image from operator or generate | Audit gap: Write proper event description,70,45
event-focus-wales,dynamic,event,/events/focus-wales,Focus Wales,,,not_applicable,8,qa_needed,false,content-ops,,0,,missing,missing,,needs_review,needs_review,needs_review,not_applicable,needs_review,,,,,"Event ""Focus Wales"" missing image",Audit gap: Source event image from operator or generate,55,25
event-folly-farm-halloween,dynamic,event,/events/folly-farm-halloween,Folly Farm Halloween,,,not_applicable,8,qa_needed,false,content-ops,,0,,missing,missing,,needs_review,needs_review,needs_review,not_applicable,needs_review,,,,,"Event ""Folly Farm Halloween Spooktacular"" missing image",Audit gap: Source event image from operator or generate,55,25
event-folly-farm-summer,dynamic,event,/events/folly-farm-summer,Folly Farm Summer,,,not_applicable,8,qa_needed,false,content-ops,,0,,missing,missing,,needs_review,needs_review,needs_review,not_applicable,needs_review,,,,,"Event ""Folly Farm Summer Days"" missing image",Audit gap: Source event image from operator or generate,55,25
event-forage-farm-pumpkin-picking,dynamic,event,/events/forage-farm-pumpkin-picking,Forage Farm Pumpkin Picking,,,not_applicable,8,qa_needed,false,content-ops,,0,,partial,needs_review,,missing,needs_review,needs_review,not_applicable,needs_review,,,,,"Event ""Forage Farm Pumpkin Picking"" missing image | Event ""Forage Farm Pumpkin Picking"" has thin description",Audit gap: Source event image from operator or generate | Audit gap: Write proper event description,70,45
event-freshwater-west-open,dynamic,event,/events/freshwater-west-open,Freshwater West Open,,,not_applicable,8,qa_needed,false,content-ops,,0,,missing,missing,,needs_review,needs_review,needs_review,not_applicable,needs_review,,,,,"Event ""Freshwater West Open"" missing image",Audit gap: Source event image from operator or generate,55,25
event-g-yl-fair-y-canhwyllau,dynamic,event,/events/g-yl-fair-y-canhwyllau,G Yl Fair Y Canhwyllau,,,not_applicable,8,qa_needed,false,content-ops,,0,,missing,missing,,needs_review,needs_review,needs_review,not_applicable,needs_review,,,,,"Event ""Gŵyl Fair y Canhwyllau"" missing image",Audit gap: Source event image from operator or generate,55,25
event-gelligaer-farmers-hunt-show,dynamic,event,/events/gelligaer-farmers-hunt-show,Gelligaer Farmers Hunt Show,,,not_applicable,8,qa_needed,false,content-ops,,0,,missing,missing,,needs_review,needs_review,needs_review,not_applicable,needs_review,,,,,"Event ""Gelligaer Farmers Hunt Show"" missing image",Audit gap: Source event image from operator or generate,55,25
event-gladstone-s-library-hearth-festival,dynamic,event,/events/gladstone-s-library-hearth-festival,Gladstone S Library Hearth Festival,,,not_applicable,8,qa_needed,false,content-ops,,0,,partial,needs_review,,missing,needs_review,needs_review,not_applicable,needs_review,,,,,"Event ""Gladstone's Library Hearth Festival"" missing image | Event ""Gladstone's Library Hearth Festival"" has thin description",Audit gap: Source event image from operator or generate | Audit gap: Write proper event description,70,45
event-gnoll-junior-parkrun,dynamic,event,/events/gnoll-junior-parkrun,Gnoll Junior Parkrun,,,not_applicable,8,qa_needed,false,content-ops,,0,,partial,needs_review,,missing,needs_review,needs_review,not_applicable,needs_review,,,,,"Event ""Gnoll Junior Parkrun"" missing image | Event ""Gnoll Junior Parkrun"" has thin description",Audit gap: Source event image from operator or generate | Audit gap: Write proper event description,70,45
event-gnoll-parkrun,dynamic,event,/events/gnoll-parkrun,Gnoll Parkrun,,,not_applicable,8,qa_needed,false,content-ops,,0,,missing,missing,,needs_review,needs_review,needs_review,not_applicable,needs_review,,,,,"Event ""Gnoll Parkrun"" missing image",Audit gap: Source event image from operator or generate,55,25
event-gottwood-festival,dynamic,event,/events/gottwood-festival,Gottwood Festival,,,not_applicable,8,qa_needed,false,content-ops,,0,,missing,missing,,needs_review,needs_review,needs_review,not_applicable,needs_review,,,,,"Event ""Gottwood Festival"" missing image",Audit gap: Source event image from operator or generate,55,25
event-gower-chilli-festival,dynamic,event,/events/gower-chilli-festival,Gower Chilli Festival,,,not_applicable,8,qa_needed,false,content-ops,,0,,partial,needs_review,,missing,needs_review,needs_review,not_applicable,needs_review,,,,,"Event ""Gower Chilli Festival"" missing image | Event ""Gower Chilli Festival"" has thin description",Audit gap: Source event image from operator or generate | Audit gap: Write proper event description,70,45
event-gower-folk-festival,dynamic,event,/events/gower-folk-festival,Gower Folk Festival,,,not_applicable,8,qa_needed,false,content-ops,,0,,missing,missing,,needs_review,needs_review,needs_review,not_applicable,needs_review,,,,,"Event ""Gower Folk Festival"" missing image",Audit gap: Source event image from operator or generate,55,25
event-gower-show,dynamic,event,/events/gower-show,Gower Show,,,not_applicable,8,qa_needed,false,content-ops,,0,,missing,missing,,needs_review,needs_review,needs_review,not_applicable,needs_review,,,,,"Event ""Gower Show"" missing image",Audit gap: Source event image from operator or generate,55,25
event-gower-swim-festival,dynamic,event,/events/gower-swim-festival,Gower Swim Festival,,,not_applicable,8,qa_needed,false,content-ops,,0,,missing,missing,,needs_review,needs_review,needs_review,not_applicable,needs_review,,,,,"Event ""Gower Swim Festival"" missing image",Audit gap: Source event image from operator or generate,55,25
event-gower-walking-festival,dynamic,event,/events/gower-walking-festival,Gower Walking Festival,,,not_applicable,8,qa_needed,false,content-ops,,0,,missing,missing,,needs_review,needs_review,needs_review,not_applicable,needs_review,,,,,"Event ""Gower Walking Festival"" missing image",Audit gap: Source event image from operator or generate,55,25
event-great-british-food-margam,dynamic,event,/events/great-british-food-margam,Great British Food Margam,,,not_applicable,8,qa_needed,false,content-ops,,0,,missing,missing,,needs_review,needs_review,needs_review,not_applicable,needs_review,,,,,"Event ""Great British Food Festival - Margam Park"" missing image",Audit gap: Source event image from operator or generate,55,25
event-greenwood-halloween,dynamic,event,/events/greenwood-halloween,Greenwood Halloween,,,not_applicable,8,qa_needed,false,content-ops,,0,,missing,missing,,needs_review,needs_review,needs_review,not_applicable,needs_review,,,,,"Event ""Greenwood Family Park Halloween"" missing image",Audit gap: Source event image from operator or generate,55,25
event-greenwood-summer-events,dynamic,event,/events/greenwood-summer-events,Greenwood Summer Events,,,not_applicable,8,qa_needed,false,content-ops,,0,,missing,missing,,needs_review,needs_review,needs_review,not_applicable,needs_review,,,,,"Event ""GreenWood Forest Park Summer Events"" missing image",Audit gap: Source event image from operator or generate,55,25
event-gregynog-festival,dynamic,event,/events/gregynog-festival,Gregynog Festival,,,not_applicable,8,qa_needed,false,content-ops,,0,,partial,needs_review,,missing,needs_review,needs_review,not_applicable,needs_review,,,,,"Event ""Gregynog Festival"" missing image | Event ""Gregynog Festival"" has thin description",Audit gap: Source event image from operator or generate | Audit gap: Write proper event description,70,45
event-gregynog-music-festival,dynamic,event,/events/gregynog-music-festival,Gregynog Music Festival,,,not_applicable,8,qa_needed,false,content-ops,,0,,missing,missing,,needs_review,needs_review,needs_review,not_applicable,needs_review,,,,,"Event ""Gregynog Music Festival"" missing image",Audit gap: Source event image from operator or generate,55,25
event-grom-search-wales,dynamic,event,/events/grom-search-wales,Grom Search Wales,,,not_applicable,8,qa_needed,false,content-ops,,0,,missing,missing,,needs_review,needs_review,needs_review,not_applicable,needs_review,,,,,"Event ""Grom Search Wales"" missing image",Audit gap: Source event image from operator or generate,55,25
event-gwyl-fwyd-caernarfon,dynamic,event,/events/gwyl-fwyd-caernarfon,Gwyl Fwyd Caernarfon,,,not_applicable,8,qa_needed,false,content-ops,,0,,partial,needs_review,,missing,needs_review,needs_review,not_applicable,needs_review,,,,,"Event ""Gwyl Fwyd Caernarfon"" missing image | Event ""Gwyl Fwyd Caernarfon"" has thin description",Audit gap: Source event image from operator or generate | Audit gap: Write proper event description,70,45
event-gwynfe-show,dynamic,event,/events/gwynfe-show,Gwynfe Show,,,not_applicable,8,qa_needed,false,content-ops,,0,,missing,missing,,needs_review,needs_review,needs_review,not_applicable,needs_review,,,,,"Event ""Gwynfe Show"" missing image",Audit gap: Source event image from operator or generate,55,25
event-hafan-pwllheli-parkrun,dynamic,event,/events/hafan-pwllheli-parkrun,Hafan Pwllheli Parkrun,,,not_applicable,8,qa_needed,false,content-ops,,0,,missing,missing,,needs_review,needs_review,needs_review,not_applicable,needs_review,,,,,"Event ""Hafan Pwllheli Parkrun"" missing image",Audit gap: Source event image from operator or generate,55,25
event-halloween-and-autumn-trails-at-aberglasney-gardens,dynamic,event,/events/halloween-and-autumn-trails-at-aberglasney-gardens,Halloween And Autumn Trails At Aberglasney Gardens,,,not_applicable,8,qa_needed,false,content-ops,,0,,missing,missing,,needs_review,needs_review,needs_review,not_applicable,needs_review,,,,,"Event ""Halloween and Autumn Trails at Aberglasney Gardens"" missing image",Audit gap: Source event image from operator or generate,55,25
event-halloween-and-autumn-trails-at-beaumaris-castle,dynamic,event,/events/halloween-and-autumn-trails-at-beaumaris-castle,Halloween And Autumn Trails At Beaumaris Castle,,,not_applicable,8,qa_needed,false,content-ops,,0,,missing,missing,,needs_review,needs_review,needs_review,not_applicable,needs_review,,,,,"Event ""Halloween and Autumn Trails at Beaumaris Castle"" missing image",Audit gap: Source event image from operator or generate,55,25
event-halloween-and-autumn-trails-at-big-pit-national-coal-museum,dynamic,event,/events/halloween-and-autumn-trails-at-big-pit-national-coal-museum,Halloween And Autumn Trails At Big Pit National Coal Museum,,,not_applicable,8,qa_needed,false,content-ops,,0,,missing,missing,,needs_review,needs_review,needs_review,not_applicable,needs_review,,,,,"Event ""Halloween and Autumn Trails at Big Pit National Coal Museum"" missing image",Audit gap: Source event image from operator or generate,55,25
event-halloween-and-autumn-trails-at-bodnant-garden,dynamic,event,/events/halloween-and-autumn-trails-at-bodnant-garden,Halloween And Autumn Trails At Bodnant Garden,,,not_applicable,8,qa_needed,false,content-ops,,0,,missing,missing,,needs_review,needs_review,needs_review,not_applicable,needs_review,,,,,"Event ""Halloween and Autumn Trails at Bodnant Garden"" missing image",Audit gap: Source event image from operator or generate,55,25
event-halloween-and-autumn-trails-at-brecon-mountain-railway,dynamic,event,/events/halloween-and-autumn-trails-at-brecon-mountain-railway,Halloween And Autumn Trails At Brecon Mountain Railway,,,not_applicable,8,qa_needed,false,content-ops,,0,,missing,missing,,needs_review,needs_review,needs_review,not_applicable,needs_review,,,,,"Event ""Halloween and Autumn Trails at Brecon Mountain Railway"" missing image",Audit gap: Source event image from operator or generate,55,25
event-halloween-and-autumn-trails-at-bryngarw-country-park,dynamic,event,/events/halloween-and-autumn-trails-at-bryngarw-country-park,Halloween And Autumn Trails At Bryngarw Country Park,,,not_applicable,8,qa_needed,false,content-ops,,0,,missing,missing,,needs_review,needs_review,needs_review,not_applicable,needs_review,,,,,"Event ""Halloween and Autumn Trails at Bryngarw Country Park"" missing image",Audit gap: Source event image from operator or generate,55,25
event-halloween-and-autumn-trails-at-caernarfon-castle,dynamic,event,/events/halloween-and-autumn-trails-at-caernarfon-castle,Halloween And Autumn Trails At Caernarfon Castle,,,not_applicable,8,qa_needed,false,content-ops,,0,,missing,missing,,needs_review,needs_review,needs_review,not_applicable,needs_review,,,,,"Event ""Halloween and Autumn Trails at Caernarfon Castle"" missing image",Audit gap: Source event image from operator or generate,55,25
event-halloween-and-autumn-trails-at-caerphilly-castle,dynamic,event,/events/halloween-and-autumn-trails-at-caerphilly-castle,Halloween And Autumn Trails At Caerphilly Castle,,,not_applicable,8,qa_needed,false,content-ops,,0,,missing,missing,,needs_review,needs_review,needs_review,not_applicable,needs_review,,,,,"Event ""Halloween and Autumn Trails at Caerphilly Castle"" missing image",Audit gap: Source event image from operator or generate,55,25
event-halloween-and-autumn-trails-at-castell-coch,dynamic,event,/events/halloween-and-autumn-trails-at-castell-coch,Halloween And Autumn Trails At Castell Coch,,,not_applicable,8,qa_needed,false,content-ops,,0,,missing,missing,,needs_review,needs_review,needs_review,not_applicable,needs_review,,,,,"Event ""Halloween and Autumn Trails at Castell Coch"" missing image",Audit gap: Source event image from operator or generate,55,25
event-halloween-and-autumn-trails-at-chepstow-castle,dynamic,event,/events/halloween-and-autumn-trails-at-chepstow-castle,Halloween And Autumn Trails At Chepstow Castle,,,not_applicable,8,qa_needed,false,content-ops,,0,,missing,missing,,needs_review,needs_review,needs_review,not_applicable,needs_review,,,,,"Event ""Halloween and Autumn Trails at Chepstow Castle"" missing image",Audit gap: Source event image from operator or generate,55,25
event-halloween-and-autumn-trails-at-chirk-castle,dynamic,event,/events/halloween-and-autumn-trails-at-chirk-castle,Halloween And Autumn Trails At Chirk Castle,,,not_applicable,8,qa_needed,false,content-ops,,0,,missing,missing,,needs_review,needs_review,needs_review,not_applicable,needs_review,,,,,"Event ""Halloween and Autumn Trails at Chirk Castle"" missing image",Audit gap: Source event image from operator or generate,55,25
event-halloween-and-autumn-trails-at-colby-woodland-garden,dynamic,event,/events/halloween-and-autumn-trails-at-colby-woodland-garden,Halloween And Autumn Trails At Colby Woodland Garden,,,not_applicable,8,qa_needed,false,content-ops,,0,,missing,missing,,needs_review,needs_review,needs_review,not_applicable,needs_review,,,,,"Event ""Halloween and Autumn Trails at Colby Woodland Garden"" missing image",Audit gap: Source event image from operator or generate,55,25
event-halloween-and-autumn-trails-at-conwy-castle,dynamic,event,/events/halloween-and-autumn-trails-at-conwy-castle,Halloween And Autumn Trails At Conwy Castle,,,not_applicable,8,qa_needed,false,content-ops,,0,,missing,missing,,needs_review,needs_review,needs_review,not_applicable,needs_review,,,,,"Event ""Halloween and Autumn Trails at Conwy Castle"" missing image",Audit gap: Source event image from operator or generate,55,25
event-halloween-and-autumn-trails-at-cosmeston-lakes-country-park,dynamic,event,/events/halloween-and-autumn-trails-at-cosmeston-lakes-country-park,Halloween And Autumn Trails At Cosmeston Lakes Country Park,,,not_applicable,8,qa_needed,false,content-ops,,0,,missing,missing,,needs_review,needs_review,needs_review,not_applicable,needs_review,,,,,"Event ""Halloween and Autumn Trails at Cosmeston Lakes Country Park"" missing image",Audit gap: Source event image from operator or generate,55,25
event-halloween-and-autumn-trails-at-criccieth-castle,dynamic,event,/events/halloween-and-autumn-trails-at-criccieth-castle,Halloween And Autumn Trails At Criccieth Castle,,,not_applicable,8,qa_needed,false,content-ops,,0,,missing,missing,,needs_review,needs_review,needs_review,not_applicable,needs_review,,,,,"Event ""Halloween and Autumn Trails at Criccieth Castle"" missing image",Audit gap: Source event image from operator or generate,55,25
event-halloween-and-autumn-trails-at-denbigh-castle,dynamic,event,/events/halloween-and-autumn-trails-at-denbigh-castle,Halloween And Autumn Trails At Denbigh Castle,,,not_applicable,8,qa_needed,false,content-ops,,0,,missing,missing,,needs_review,needs_review,needs_review,not_applicable,needs_review,,,,,"Event ""Halloween and Autumn Trails at Denbigh Castle"" missing image",Audit gap: Source event image from operator or generate,55,25
event-halloween-and-autumn-trails-at-dinefwr,dynamic,event,/events/halloween-and-autumn-trails-at-dinefwr,Halloween And Autumn Trails At Dinefwr,,,not_applicable,8,qa_needed,false,content-ops,,0,,missing,missing,,needs_review,needs_review,needs_review,not_applicable,needs_review,,,,,"Event ""Halloween and Autumn Trails at Dinefwr"" missing image",Audit gap: Source event image from operator or generate,55,25
event-halloween-and-autumn-trails-at-dyffryn-gardens,dynamic,event,/events/halloween-and-autumn-trails-at-dyffryn-gardens,Halloween And Autumn Trails At Dyffryn Gardens,,,not_applicable,8,qa_needed,false,content-ops,,0,,missing,missing,,needs_review,needs_review,needs_review,not_applicable,needs_review,,,,,"Event ""Halloween and Autumn Trails at Dyffryn Gardens"" missing image",Audit gap: Source event image from operator or generate,55,25
event-halloween-and-autumn-trails-at-erddig,dynamic,event,/events/halloween-and-autumn-trails-at-erddig,Halloween And Autumn Trails At Erddig,,,not_applicable,8,qa_needed,false,content-ops,,0,,missing,missing,,needs_review,needs_review,needs_review,not_applicable,needs_review,,,,,"Event ""Halloween and Autumn Trails at Erddig"" missing image",Audit gap: Source event image from operator or generate,55,25
event-halloween-and-autumn-trails-at-ffestiniog-welsh-highland-railways,dynamic,event,/events/halloween-and-autumn-trails-at-ffestiniog-welsh-highland-railways,Halloween And Autumn Trails At Ffestiniog Welsh Highland Railways,,,not_applicable,8,qa_needed,false,content-ops,,0,,missing,missing,,needs_review,needs_review,needs_review,not_applicable,needs_review,,,,,"Event ""Halloween and Autumn Trails at Ffestiniog & Welsh Highland Railways"" missing image",Audit gap: Source event image from operator or generate,55,25
event-halloween-and-autumn-trails-at-folly-farm-adventure-park-and-zoo,dynamic,event,/events/halloween-and-autumn-trails-at-folly-farm-adventure-park-and-zoo,Halloween And Autumn Trails At Folly Farm Adventure Park And Zoo,,,not_applicable,8,qa_needed,false,content-ops,,0,,missing,missing,,needs_review,needs_review,needs_review,not_applicable,needs_review,,,,,"Event ""Halloween and Autumn Trails at Folly Farm Adventure Park and Zoo"" missing image",Audit gap: Source event image from operator or generate,55,25
event-halloween-and-autumn-trails-at-gigrin-farm-red-kite-feeding-centre,dynamic,event,/events/halloween-and-autumn-trails-at-gigrin-farm-red-kite-feeding-centre,Halloween And Autumn Trails At Gigrin Farm Red Kite Feeding Centre,,,not_applicable,8,qa_needed,false,content-ops,,0,,missing,missing,,needs_review,needs_review,needs_review,not_applicable,needs_review,,,,,"Event ""Halloween and Autumn Trails at Gigrin Farm Red Kite Feeding Centre"" missing image",Audit gap: Source event image from operator or generate,55,25
event-halloween-and-autumn-trails-at-gnoll-estate-country-park,dynamic,event,/events/halloween-and-autumn-trails-at-gnoll-estate-country-park,Halloween And Autumn Trails At Gnoll Estate Country Park,,,not_applicable,8,qa_needed,false,content-ops,,0,,missing,missing,,needs_review,needs_review,needs_review,not_applicable,needs_review,,,,,"Event ""Halloween and Autumn Trails at Gnoll Estate Country Park"" missing image",Audit gap: Source event image from operator or generate,55,25
event-halloween-and-autumn-trails-at-greenwood-family-park,dynamic,event,/events/halloween-and-autumn-trails-at-greenwood-family-park,Halloween And Autumn Trails At Greenwood Family Park,,,not_applicable,8,qa_needed,false,content-ops,,0,,missing,missing,,needs_review,needs_review,needs_review,not_applicable,needs_review,,,,,"Event ""Halloween and Autumn Trails at Greenwood Family Park"" missing image",Audit gap: Source event image from operator or generate,55,25
event-halloween-and-autumn-trails-at-harlech-castle,dynamic,event,/events/halloween-and-autumn-trails-at-harlech-castle,Halloween And Autumn Trails At Harlech Castle,,,not_applicable,8,qa_needed,false,content-ops,,0,,missing,missing,,needs_review,needs_review,needs_review,not_applicable,needs_review,,,,,"Event ""Halloween and Autumn Trails at Harlech Castle"" missing image",Audit gap: Source event image from operator or generate,55,25
event-halloween-and-autumn-trails-at-kidwelly-castle,dynamic,event,/events/halloween-and-autumn-trails-at-kidwelly-castle,Halloween And Autumn Trails At Kidwelly Castle,,,not_applicable,8,qa_needed,false,content-ops,,0,,missing,missing,,needs_review,needs_review,needs_review,not_applicable,needs_review,,,,,"Event ""Halloween and Autumn Trails at Kidwelly Castle"" missing image",Audit gap: Source event image from operator or generate,55,25
event-halloween-and-autumn-trails-at-llanerchaeron,dynamic,event,/events/halloween-and-autumn-trails-at-llanerchaeron,Halloween And Autumn Trails At Llanerchaeron,,,not_applicable,8,qa_needed,false,content-ops,,0,,missing,missing,,needs_review,needs_review,needs_review,not_applicable,needs_review,,,,,"Event ""Halloween and Autumn Trails at Llanerchaeron"" missing image",Audit gap: Source event image from operator or generate,55,25
event-halloween-and-autumn-trails-at-manor-wildlife-park,dynamic,event,/events/halloween-and-autumn-trails-at-manor-wildlife-park,Halloween And Autumn Trails At Manor Wildlife Park,,,not_applicable,8,qa_needed,false,content-ops,,0,,missing,missing,,needs_review,needs_review,needs_review,not_applicable,needs_review,,,,,"Event ""Halloween and Autumn Trails at Manor Wildlife Park"" missing image",Audit gap: Source event image from operator or generate,55,25
event-halloween-and-autumn-trails-at-margam-country-park,dynamic,event,/events/halloween-and-autumn-trails-at-margam-country-park,Halloween And Autumn Trails At Margam Country Park,,,not_applicable,8,qa_needed,false,content-ops,,0,,missing,missing,,needs_review,needs_review,needs_review,not_applicable,needs_review,,,,,"Event ""Halloween and Autumn Trails at Margam Country Park"" missing image",Audit gap: Source event image from operator or generate,55,25
event-halloween-and-autumn-trails-at-national-botanic-garden-of-wales,dynamic,event,/events/halloween-and-autumn-trails-at-national-botanic-garden-of-wales,Halloween And Autumn Trails At National Botanic Garden Of Wales,,,not_applicable,8,qa_needed,false,content-ops,,0,,missing,missing,,needs_review,needs_review,needs_review,not_applicable,needs_review,,,,,"Event ""Halloween and Autumn Trails at National Botanic Garden of Wales"" missing image",Audit gap: Source event image from operator or generate,55,25
event-halloween-and-autumn-trails-at-national-museum-cardiff,dynamic,event,/events/halloween-and-autumn-trails-at-national-museum-cardiff,Halloween And Autumn Trails At National Museum Cardiff,,,not_applicable,8,qa_needed,false,content-ops,,0,,missing,missing,,needs_review,needs_review,needs_review,not_applicable,needs_review,,,,,"Event ""Halloween and Autumn Trails at National Museum Cardiff"" missing image",Audit gap: Source event image from operator or generate,55,25
event-halloween-and-autumn-trails-at-national-roman-legion-museum,dynamic,event,/events/halloween-and-autumn-trails-at-national-roman-legion-museum,Halloween And Autumn Trails At National Roman Legion Museum,,,not_applicable,8,qa_needed,false,content-ops,,0,,missing,missing,,needs_review,needs_review,needs_review,not_applicable,needs_review,,,,,"Event ""Halloween and Autumn Trails at National Roman Legion Museum"" missing image",Audit gap: Source event image from operator or generate,55,25
event-halloween-and-autumn-trails-at-national-showcaves-centre-for-wales-dan-yr-ogof,dynamic,event,/events/halloween-and-autumn-trails-at-national-showcaves-centre-for-wales-dan-yr-ogof,Halloween And Autumn Trails At National Showcaves Centre For Wales Dan Yr Ogof,,,not_applicable,8,qa_needed,false,content-ops,,0,,missing,missing,,needs_review,needs_review,needs_review,not_applicable,needs_review,,,,,"Event ""Halloween and Autumn Trails at National Showcaves Centre for Wales (Dan yr Ogof)"" missing image",Audit gap: Source event image from operator or generate,55,25
event-halloween-and-autumn-trails-at-national-slate-museum,dynamic,event,/events/halloween-and-autumn-trails-at-national-slate-museum,Halloween And Autumn Trails At National Slate Museum,,,not_applicable,8,qa_needed,false,content-ops,,0,,missing,missing,,needs_review,needs_review,needs_review,not_applicable,needs_review,,,,,"Event ""Halloween and Autumn Trails at National Slate Museum"" missing image",Audit gap: Source event image from operator or generate,55,25
event-halloween-and-autumn-trails-at-national-waterfront-museum,dynamic,event,/events/halloween-and-autumn-trails-at-national-waterfront-museum,Halloween And Autumn Trails At National Waterfront Museum,,,not_applicable,8,qa_needed,false,content-ops,,0,,missing,missing,,needs_review,needs_review,needs_review,not_applicable,needs_review,,,,,"Event ""Halloween and Autumn Trails at National Waterfront Museum"" missing image",Audit gap: Source event image from operator or generate,55,25
event-halloween-and-autumn-trails-at-national-wool-museum,dynamic,event,/events/halloween-and-autumn-trails-at-national-wool-museum,Halloween And Autumn Trails At National Wool Museum,,,not_applicable,8,qa_needed,false,content-ops,,0,,missing,missing,,needs_review,needs_review,needs_review,not_applicable,needs_review,,,,,"Event ""Halloween and Autumn Trails at National Wool Museum"" missing image",Audit gap: Source event image from operator or generate,55,25
event-halloween-and-autumn-trails-at-pembrey-country-park,dynamic,event,/events/halloween-and-autumn-trails-at-pembrey-country-park,Halloween And Autumn Trails At Pembrey Country Park,,,not_applicable,8,qa_needed,false,content-ops,,0,,missing,missing,,needs_review,needs_review,needs_review,not_applicable,needs_review,,,,,"Event ""Halloween and Autumn Trails at Pembrey Country Park"" missing image",Audit gap: Source event image from operator or generate,55,25
event-halloween-and-autumn-trails-at-penrhyn-castle,dynamic,event,/events/halloween-and-autumn-trails-at-penrhyn-castle,Halloween And Autumn Trails At Penrhyn Castle,,,not_applicable,8,qa_needed,false,content-ops,,0,,missing,missing,,needs_review,needs_review,needs_review,not_applicable,needs_review,,,,,"Event ""Halloween and Autumn Trails at Penrhyn Castle"" missing image",Audit gap: Source event image from operator or generate,55,25
event-halloween-and-autumn-trails-at-plas-newydd-house-and-garden,dynamic,event,/events/halloween-and-autumn-trails-at-plas-newydd-house-and-garden,Halloween And Autumn Trails At Plas Newydd House And Garden,,,not_applicable,8,qa_needed,false,content-ops,,0,,missing,missing,,needs_review,needs_review,needs_review,not_applicable,needs_review,,,,,"Event ""Halloween and Autumn Trails at Plas Newydd House and Garden"" missing image",Audit gap: Source event image from operator or generate,55,25
event-halloween-and-autumn-trails-at-plas-yn-rhiw,dynamic,event,/events/halloween-and-autumn-trails-at-plas-yn-rhiw,Halloween And Autumn Trails At Plas Yn Rhiw,,,not_applicable,8,qa_needed,false,content-ops,,0,,missing,missing,,needs_review,needs_review,needs_review,not_applicable,needs_review,,,,,"Event ""Halloween and Autumn Trails at Plas yn Rhiw"" missing image",Audit gap: Source event image from operator or generate,55,25
event-halloween-and-autumn-trails-at-powis-castle-and-garden,dynamic,event,/events/halloween-and-autumn-trails-at-powis-castle-and-garden,Halloween And Autumn Trails At Powis Castle And Garden,,,not_applicable,8,qa_needed,false,content-ops,,0,,missing,missing,,needs_review,needs_review,needs_review,not_applicable,needs_review,,,,,"Event ""Halloween and Autumn Trails at Powis Castle and Garden"" missing image",Audit gap: Source event image from operator or generate,55,25
event-halloween-and-autumn-trails-at-raglan-castle,dynamic,event,/events/halloween-and-autumn-trails-at-raglan-castle,Halloween And Autumn Trails At Raglan Castle,,,not_applicable,8,qa_needed,false,content-ops,,0,,missing,missing,,needs_review,needs_review,needs_review,not_applicable,needs_review,,,,,"Event ""Halloween and Autumn Trails at Raglan Castle"" missing image",Audit gap: Source event image from operator or generate,55,25
event-halloween-and-autumn-trails-at-rhuddlan-castle,dynamic,event,/events/halloween-and-autumn-trails-at-rhuddlan-castle,Halloween And Autumn Trails At Rhuddlan Castle,,,not_applicable,8,qa_needed,false,content-ops,,0,,missing,missing,,needs_review,needs_review,needs_review,not_applicable,needs_review,,,,,"Event ""Halloween and Autumn Trails at Rhuddlan Castle"" missing image",Audit gap: Source event image from operator or generate,55,25
event-halloween-and-autumn-trails-at-rspb-conwy,dynamic,event,/events/halloween-and-autumn-trails-at-rspb-conwy,Halloween And Autumn Trails At Rspb Conwy,,,not_applicable,8,qa_needed,false,content-ops,,0,,missing,missing,,needs_review,needs_review,needs_review,not_applicable,needs_review,,,,,"Event ""Halloween and Autumn Trails at RSPB Conwy"" missing image",Audit gap: Source event image from operator or generate,55,25
event-halloween-and-autumn-trails-at-rspb-lake-vyrnwy,dynamic,event,/events/halloween-and-autumn-trails-at-rspb-lake-vyrnwy,Halloween And Autumn Trails At Rspb Lake Vyrnwy,,,not_applicable,8,qa_needed,false,content-ops,,0,,missing,missing,,needs_review,needs_review,needs_review,not_applicable,needs_review,,,,,"Event ""Halloween and Autumn Trails at RSPB Lake Vyrnwy"" missing image",Audit gap: Source event image from operator or generate,55,25
event-halloween-and-autumn-trails-at-rspb-newport-wetlands,dynamic,event,/events/halloween-and-autumn-trails-at-rspb-newport-wetlands,Halloween And Autumn Trails At Rspb Newport Wetlands,,,not_applicable,8,qa_needed,false,content-ops,,0,,missing,missing,,needs_review,needs_review,needs_review,not_applicable,needs_review,,,,,"Event ""Halloween and Autumn Trails at RSPB Newport Wetlands"" missing image",Audit gap: Source event image from operator or generate,55,25
event-halloween-and-autumn-trails-at-rspb-south-stack,dynamic,event,/events/halloween-and-autumn-trails-at-rspb-south-stack,Halloween And Autumn Trails At Rspb South Stack,,,not_applicable,8,qa_needed,false,content-ops,,0,,missing,missing,,needs_review,needs_review,needs_review,not_applicable,needs_review,,,,,"Event ""Halloween and Autumn Trails at RSPB South Stack"" missing image",Audit gap: Source event image from operator or generate,55,25
event-halloween-and-autumn-trails-at-rspb-ynys-hir,dynamic,event,/events/halloween-and-autumn-trails-at-rspb-ynys-hir,Halloween And Autumn Trails At Rspb Ynys Hir,,,not_applicable,8,qa_needed,false,content-ops,,0,,missing,missing,,needs_review,needs_review,needs_review,not_applicable,needs_review,,,,,"Event ""Halloween and Autumn Trails at RSPB Ynys-hir"" missing image",Audit gap: Source event image from operator or generate,55,25
event-halloween-and-autumn-trails-at-skomer-island,dynamic,event,/events/halloween-and-autumn-trails-at-skomer-island,Halloween And Autumn Trails At Skomer Island,,,not_applicable,8,qa_needed,false,content-ops,,0,,missing,missing,,needs_review,needs_review,needs_review,not_applicable,needs_review,,,,,"Event ""Halloween and Autumn Trails at Skomer Island"" missing image",Audit gap: Source event image from operator or generate,55,25
event-halloween-and-autumn-trails-at-st-davids-bishop-s-palace,dynamic,event,/events/halloween-and-autumn-trails-at-st-davids-bishop-s-palace,Halloween And Autumn Trails At St Davids Bishop S Palace,,,not_applicable,8,qa_needed,false,content-ops,,0,,missing,missing,,needs_review,needs_review,needs_review,not_applicable,needs_review,,,,,"Event ""Halloween and Autumn Trails at St Davids Bishop's Palace"" missing image",Audit gap: Source event image from operator or generate,55,25
event-halloween-and-autumn-trails-at-st-fagans-national-museum-of-history,dynamic,event,/events/halloween-and-autumn-trails-at-st-fagans-national-museum-of-history,Halloween And Autumn Trails At St Fagans National Museum Of History,,,not_applicable,8,qa_needed,false,content-ops,,0,,missing,missing,,needs_review,needs_review,needs_review,not_applicable,needs_review,,,,,"Event ""Halloween and Autumn Trails at St Fagans National Museum of History"" missing image",Audit gap: Source event image from operator or generate,55,25
event-halloween-and-autumn-trails-at-stackpole-estate,dynamic,event,/events/halloween-and-autumn-trails-at-stackpole-estate,Halloween And Autumn Trails At Stackpole Estate,,,not_applicable,8,qa_needed,false,content-ops,,0,,missing,missing,,needs_review,needs_review,needs_review,not_applicable,needs_review,,,,,"Event ""Halloween and Autumn Trails at Stackpole Estate"" missing image",Audit gap: Source event image from operator or generate,55,25
event-halloween-and-autumn-trails-at-talyllyn-railway,dynamic,event,/events/halloween-and-autumn-trails-at-talyllyn-railway,Halloween And Autumn Trails At Talyllyn Railway,,,not_applicable,8,qa_needed,false,content-ops,,0,,missing,missing,,needs_review,needs_review,needs_review,not_applicable,needs_review,,,,,"Event ""Halloween and Autumn Trails at Talyllyn Railway"" missing image",Audit gap: Source event image from operator or generate,55,25
event-halloween-and-autumn-trails-at-tredegar-house,dynamic,event,/events/halloween-and-autumn-trails-at-tredegar-house,Halloween And Autumn Trails At Tredegar House,,,not_applicable,8,qa_needed,false,content-ops,,0,,missing,missing,,needs_review,needs_review,needs_review,not_applicable,needs_review,,,,,"Event ""Halloween and Autumn Trails at Tredegar House"" missing image",Audit gap: Source event image from operator or generate,55,25
event-halloween-and-autumn-trails-at-tretower-court-and-castle,dynamic,event,/events/halloween-and-autumn-trails-at-tretower-court-and-castle,Halloween And Autumn Trails At Tretower Court And Castle,,,not_applicable,8,qa_needed,false,content-ops,,0,,missing,missing,,needs_review,needs_review,needs_review,not_applicable,needs_review,,,,,"Event ""Halloween and Autumn Trails at Tretower Court and Castle"" missing image",Audit gap: Source event image from operator or generate,55,25
event-halloween-and-autumn-trails-at-vale-of-rheidol-railway,dynamic,event,/events/halloween-and-autumn-trails-at-vale-of-rheidol-railway,Halloween And Autumn Trails At Vale Of Rheidol Railway,,,not_applicable,8,qa_needed,false,content-ops,,0,,missing,missing,,needs_review,needs_review,needs_review,not_applicable,needs_review,,,,,"Event ""Halloween and Autumn Trails at Vale of Rheidol Railway"" missing image",Audit gap: Source event image from operator or generate,55,25
event-halloween-and-autumn-trails-at-welsh-mountain-zoo,dynamic,event,/events/halloween-and-autumn-trails-at-welsh-mountain-zoo,Halloween And Autumn Trails At Welsh Mountain Zoo,,,not_applicable,8,qa_needed,false,content-ops,,0,,missing,missing,,needs_review,needs_review,needs_review,not_applicable,needs_review,,,,,"Event ""Halloween and Autumn Trails at Welsh Mountain Zoo"" missing image",Audit gap: Source event image from operator or generate,55,25
event-halloween-and-autumn-trails-at-welsh-wildlife-centre-cilgerran,dynamic,event,/events/halloween-and-autumn-trails-at-welsh-wildlife-centre-cilgerran,Halloween And Autumn Trails At Welsh Wildlife Centre Cilgerran,,,not_applicable,8,qa_needed,false,content-ops,,0,,missing,missing,,needs_review,needs_review,needs_review,not_applicable,needs_review,,,,,"Event ""Halloween and Autumn Trails at Welsh Wildlife Centre (Cilgerran)"" missing image",Audit gap: Source event image from operator or generate,55,25
event-halloween-and-autumn-trails-at-zip-world-various,dynamic,event,/events/halloween-and-autumn-trails-at-zip-world-various,Halloween And Autumn Trails At Zip World Various,,,not_applicable,8,qa_needed,false,content-ops,,0,,missing,missing,,needs_review,needs_review,needs_review,not_applicable,needs_review,,,,,"Event ""Halloween and Autumn Trails at Zip World (Various)"" missing image",Audit gap: Source event image from operator or generate,55,25
event-hammerfest,dynamic,event,/events/hammerfest,Hammerfest,,,not_applicable,8,qa_needed,false,content-ops,,0,,partial,needs_review,,missing,needs_review,needs_review,not_applicable,needs_review,,,,,"Event ""Hammerfest"" missing image | Event ""Hammerfest"" has thin description",Audit gap: Source event image from operator or generate | Audit gap: Write proper event description,70,45
event-hamper-llangollen,dynamic,event,/events/hamper-llangollen,Hamper Llangollen,,,not_applicable,8,qa_needed,false,content-ops,,0,,missing,missing,,needs_review,needs_review,needs_review,not_applicable,needs_review,,,,,"Event ""Hamper Llangollen"" missing image",Audit gap: Source event image from operator or generate,55,25
event-harlech-triathlon,dynamic,event,/events/harlech-triathlon,Harlech Triathlon,,,not_applicable,8,qa_needed,false,content-ops,,0,,missing,missing,,needs_review,needs_review,needs_review,not_applicable,needs_review,,,,,"Event ""Harlech Triathlon"" missing image",Audit gap: Source event image from operator or generate,55,25
event-haverfordwest-beer-and-cider-festival,dynamic,event,/events/haverfordwest-beer-and-cider-festival,Haverfordwest Beer And Cider Festival,,,not_applicable,8,qa_needed,false,content-ops,,0,,missing,missing,,needs_review,needs_review,needs_review,not_applicable,needs_review,,,,,"Event ""Haverfordwest Beer and Cider Festival"" missing image",Audit gap: Source event image from operator or generate,55,25
event-haverfordwest-farmers-market,dynamic,event,/events/haverfordwest-farmers-market,Haverfordwest Farmers Market,,,not_applicable,8,qa_needed,false,content-ops,,0,,missing,missing,,needs_review,needs_review,needs_review,not_applicable,needs_review,,,,,"Event ""Haverfordwest Farmers Market"" missing image",Audit gap: Source event image from operator or generate,55,25
event-haverfordwest-parkrun,dynamic,event,/events/haverfordwest-parkrun,Haverfordwest Parkrun,,,not_applicable,8,qa_needed,false,content-ops,,0,,missing,missing,,needs_review,needs_review,needs_review,not_applicable,needs_review,,,,,"Event ""Haverfordwest Parkrun"" missing image",Audit gap: Source event image from operator or generate,55,25
event-hay-bike-fest,dynamic,event,/events/hay-bike-fest,Hay Bike Fest,,,not_applicable,8,qa_needed,false,content-ops,,0,,partial,needs_review,,missing,needs_review,needs_review,not_applicable,needs_review,,,,,"Event ""Hay Bike Fest"" missing image | Event ""Hay Bike Fest"" has thin description",Audit gap: Source event image from operator or generate | Audit gap: Write proper event description,70,45
event-hay-festival,dynamic,event,/events/hay-festival,Hay Festival,,,not_applicable,8,qa_needed,false,content-ops,,0,,missing,missing,,needs_review,needs_review,needs_review,not_applicable,needs_review,,,,,"Event ""Hay Festival"" missing image",Audit gap: Source event image from operator or generate,55,25
event-hay-festival-winter-weekend,dynamic,event,/events/hay-festival-winter-weekend,Hay Festival Winter Weekend,,,not_applicable,8,qa_needed,false,content-ops,,0,,partial,needs_review,,missing,needs_review,needs_review,not_applicable,needs_review,,,,,"Event ""Hay Festival Winter Weekend"" missing image | Event ""Hay Festival Winter Weekend"" has thin description",Audit gap: Source event image from operator or generate | Audit gap: Write proper event description,70,45
event-hay-on-wye-farmers-market,dynamic,event,/events/hay-on-wye-farmers-market,Hay On Wye Farmers Market,,,not_applicable,8,qa_needed,false,content-ops,,0,,missing,missing,,needs_review,needs_review,needs_review,not_applicable,needs_review,,,,,"Event ""Hay-on-Wye Farmers Market"" missing image",Audit gap: Source event image from operator or generate,55,25
event-hay-walking-festival,dynamic,event,/events/hay-walking-festival,Hay Walking Festival,,,not_applicable,8,qa_needed,false,content-ops,,0,,missing,missing,,needs_review,needs_review,needs_review,not_applicable,needs_review,,,,,"Event ""Hay Walking Festival"" missing image",Audit gap: Source event image from operator or generate,55,25
event-hayscastle-show,dynamic,event,/events/hayscastle-show,Hayscastle Show,,,not_applicable,8,qa_needed,false,content-ops,,0,,missing,missing,,needs_review,needs_review,needs_review,not_applicable,needs_review,,,,,"Event ""Hayscastle Show"" missing image",Audit gap: Source event image from operator or generate,55,25
event-holyhead-breakwater-swim,dynamic,event,/events/holyhead-breakwater-swim,Holyhead Breakwater Swim,,,not_applicable,8,qa_needed,false,content-ops,,0,,partial,needs_review,,missing,needs_review,needs_review,not_applicable,needs_review,,,,,"Event ""Holyhead Breakwater Swim"" missing image | Event ""Holyhead Breakwater Swim"" has thin description",Audit gap: Source event image from operator or generate | Audit gap: Write proper event description,70,45
event-holyhead-maritime-festival,dynamic,event,/events/holyhead-maritime-festival,Holyhead Maritime Festival,,,not_applicable,8,qa_needed,false,content-ops,,0,,partial,needs_review,,missing,needs_review,needs_review,not_applicable,needs_review,,,,,"Event ""Holyhead Maritime Festival"" missing image | Event ""Holyhead Maritime Festival"" has thin description",Audit gap: Source event image from operator or generate | Audit gap: Write proper event description,70,45
event-holyhead-sailing,dynamic,event,/events/holyhead-sailing,Holyhead Sailing,,,not_applicable,8,qa_needed,false,content-ops,,0,,partial,needs_review,,missing,needs_review,needs_review,not_applicable,needs_review,,,,,"Event ""Holyhead Sailing Festival"" missing image | Event ""Holyhead Sailing Festival"" has thin description",Audit gap: Source event image from operator or generate | Audit gap: Write proper event description,70,45
event-howthelightgetsin,dynamic,event,/events/howthelightgetsin,Howthelightgetsin,,,not_applicable,8,qa_needed,false,content-ops,,0,,missing,missing,,needs_review,needs_review,needs_review,not_applicable,needs_review,,,,,"Event ""HowTheLightGetsIn"" missing image",Audit gap: Source event image from operator or generate,55,25
event-howthelightgetsin-festival,dynamic,event,/events/howthelightgetsin-festival,Howthelightgetsin Festival,,,not_applicable,8,qa_needed,false,content-ops,,0,,partial,needs_review,,missing,needs_review,needs_review,not_applicable,needs_review,,,,,"Event ""HowTheLightGetsIn Festival"" missing image | Event ""HowTheLightGetsIn Festival"" has thin description",Audit gap: Source event image from operator or generate | Audit gap: Write proper event description,70,45
event-hub-festival,dynamic,event,/events/hub-festival,Hub Festival,,,not_applicable,8,qa_needed,false,content-ops,,0,,partial,needs_review,,missing,needs_review,needs_review,not_applicable,needs_review,,,,,"Event ""Hub Festival"" missing image | Event ""Hub Festival"" has thin description",Audit gap: Source event image from operator or generate | Audit gap: Write proper event description,70,45
event-in-it-together-festival,dynamic,event,/events/in-it-together-festival,In It Together Festival,,,not_applicable,8,qa_needed,false,content-ops,,0,,missing,missing,,needs_review,needs_review,needs_review,not_applicable,needs_review,,,,,"Event ""In It Together Festival"" missing image",Audit gap: Source event image from operator or generate,55,25
event-inside-out-festival,dynamic,event,/events/inside-out-festival,Inside Out Festival,,,not_applicable,8,qa_needed,false,content-ops,,0,,partial,needs_review,,missing,needs_review,needs_review,not_applicable,needs_review,,,,,"Event ""Inside Out Festival"" missing image | Event ""Inside Out Festival"" has thin description",Audit gap: Source event image from operator or generate | Audit gap: Write proper event description,70,45
event-international-film-festival-of-wales,dynamic,event,/events/international-film-festival-of-wales,International Film Festival Of Wales,,,not_applicable,8,qa_needed,false,content-ops,,0,,missing,missing,,needs_review,needs_review,needs_review,not_applicable,needs_review,,,,,"Event ""International Film Festival of Wales"" missing image",Audit gap: Source event image from operator or generate,55,25
event-iris-prize-festival,dynamic,event,/events/iris-prize-festival,Iris Prize Festival,,,not_applicable,8,qa_needed,false,content-ops,,0,,partial,needs_review,,missing,needs_review,needs_review,not_applicable,needs_review,,,,,"Event ""Iris Prize Festival"" missing image | Event ""Iris Prize Festival"" has thin description",Audit gap: Source event image from operator or generate | Audit gap: Write proper event description,70,45
event-jesus-surf-classic-wales,dynamic,event,/events/jesus-surf-classic-wales,Jesus Surf Classic Wales,,,not_applicable,8,qa_needed,false,content-ops,,0,,partial,needs_review,,missing,needs_review,needs_review,not_applicable,needs_review,,,,,"Event ""Jesus Surf Classic Wales"" missing image | Event ""Jesus Surf Classic Wales"" has thin description",Audit gap: Source event image from operator or generate | Audit gap: Write proper event description,70,45
event-jones-o-gymru-anglesey-half-marathon-2026,dynamic,event,/events/jones-o-gymru-anglesey-half-marathon-2026,Jones O Gymru Anglesey Half Marathon 2026,,,not_applicable,8,qa_needed,false,content-ops,,0,,missing,missing,,needs_review,needs_review,needs_review,not_applicable,needs_review,,,,,"Event ""Jones o Gymru Anglesey Half Marathon 2026"" missing image",Audit gap: Source event image from operator or generate,55,25
event-junior-parkrun-at-plas-newydd,dynamic,event,/events/junior-parkrun-at-plas-newydd,Junior Parkrun At Plas Newydd,,,not_applicable,8,qa_needed,false,content-ops,,0,,missing,missing,,needs_review,needs_review,needs_review,not_applicable,needs_review,,,,,"Event ""Junior Parkrun at Plas Newydd"" missing image",Audit gap: Source event image from operator or generate,55,25
event-kallida-festival,dynamic,event,/events/kallida-festival,Kallida Festival,,,not_applicable,8,qa_needed,false,content-ops,,0,,partial,needs_review,,missing,needs_review,needs_review,not_applicable,needs_review,,,,,"Event ""Kallida Festival"" missing image | Event ""Kallida Festival"" has thin description",Audit gap: Source event image from operator or generate | Audit gap: Write proper event description,70,45
event-keeston-show,dynamic,event,/events/keeston-show,Keeston Show,,,not_applicable,8,qa_needed,false,content-ops,,0,,missing,missing,,needs_review,needs_review,needs_review,not_applicable,needs_review,,,,,"Event ""Keeston Show"" missing image",Audit gap: Source event image from operator or generate,55,25
event-kendall-mountain-festival-tour-wales,dynamic,event,/events/kendall-mountain-festival-tour-wales,Kendall Mountain Festival Tour Wales,,,not_applicable,8,qa_needed,false,content-ops,,0,,partial,needs_review,,missing,needs_review,needs_review,not_applicable,needs_review,,,,,"Event ""Kendall Mountain Festival Tour (Wales)"" missing image | Event ""Kendall Mountain Festival Tour (Wales)"" has thin description",Audit gap: Source event image from operator or generate | Audit gap: Write proper event description,70,45
event-kenfig-hill-pyle-agricultural-show,dynamic,event,/events/kenfig-hill-pyle-agricultural-show,Kenfig Hill Pyle Agricultural Show,,,not_applicable,8,qa_needed,false,content-ops,,0,,missing,missing,,needs_review,needs_review,needs_review,not_applicable,needs_review,,,,,"Event ""Kenfig Hill & Pyle Agricultural Show"" missing image",Audit gap: Source event image from operator or generate,55,25
event-kington-walking-festival,dynamic,event,/events/kington-walking-festival,Kington Walking Festival,,,not_applicable,8,qa_needed,false,content-ops,,0,,missing,missing,,needs_review,needs_review,needs_review,not_applicable,needs_review,,,,,"Event ""Kington Walking Festival"" missing image",Audit gap: Source event image from operator or generate,55,25
event-knighton-show,dynamic,event,/events/knighton-show,Knighton Show,,,not_applicable,8,qa_needed,false,content-ops,,0,,missing,missing,,needs_review,needs_review,needs_review,not_applicable,needs_review,,,,,"Event ""Knighton Show"" missing image",Audit gap: Source event image from operator or generate,55,25
event-kotatsu-japanese-animation-festival,dynamic,event,/events/kotatsu-japanese-animation-festival,Kotatsu Japanese Animation Festival,,,not_applicable,8,qa_needed,false,content-ops,,0,,partial,needs_review,,missing,needs_review,needs_review,not_applicable,needs_review,,,,,"Event ""Kotatsu Japanese Animation Festival"" missing image | Event ""Kotatsu Japanese Animation Festival"" has thin description",Audit gap: Source event image from operator or generate | Audit gap: Write proper event description,70,45
event-lampeter-beer-festival,dynamic,event,/events/lampeter-beer-festival,Lampeter Beer Festival,,,not_applicable,8,qa_needed,false,content-ops,,0,,missing,missing,,needs_review,needs_review,needs_review,not_applicable,needs_review,,,,,"Event ""Lampeter Beer Festival"" missing image",Audit gap: Source event image from operator or generate,55,25
event-lampeter-food-festival,dynamic,event,/events/lampeter-food-festival,Lampeter Food Festival,,,not_applicable,8,qa_needed,false,content-ops,,0,,missing,missing,,needs_review,needs_review,needs_review,not_applicable,needs_review,,,,,"Event ""Lampeter Food Festival"" missing image",Audit gap: Source event image from operator or generate,55,25
event-lampeter-show,dynamic,event,/events/lampeter-show,Lampeter Show,,,not_applicable,8,qa_needed,false,content-ops,,0,,missing,missing,,needs_review,needs_review,needs_review,not_applicable,needs_review,,,,,"Event ""Lampeter Show"" missing image",Audit gap: Source event image from operator or generate,55,25
event-lampeter-stallion-show,dynamic,event,/events/lampeter-stallion-show,Lampeter Stallion Show,,,not_applicable,8,qa_needed,false,content-ops,,0,,missing,missing,,needs_review,needs_review,needs_review,not_applicable,needs_review,,,,,"Event ""Lampeter Stallion Show"" missing image",Audit gap: Source event image from operator or generate,55,25
event-land-of-the-tres,dynamic,event,/events/land-of-the-tres,Land Of The Tres,,,not_applicable,8,qa_needed,false,content-ops,,0,,missing,missing,,needs_review,needs_review,needs_review,not_applicable,needs_review,,,,,"Event ""Land of the Tres"" missing image",Audit gap: Source event image from operator or generate,55,25
event-laugharne-weekend,dynamic,event,/events/laugharne-weekend,Laugharne Weekend,,,not_applicable,8,qa_needed,false,content-ops,,0,,partial,needs_review,,missing,needs_review,needs_review,not_applicable,needs_review,,,,,"Event ""Laugharne Weekend"" missing image | Event ""Laugharne Weekend"" has thin description",Audit gap: Source event image from operator or generate | Audit gap: Write proper event description,70,45
event-lc-kinder,dynamic,event,/events/lc-kinder,Lc Kinder,,,not_applicable,8,qa_needed,false,content-ops,,0,,partial,needs_review,,missing,needs_review,needs_review,not_applicable,needs_review,,,,,"Event ""LC Kinder"" missing image | Event ""LC Kinder"" has thin description",Audit gap: Source event image from operator or generate | Audit gap: Write proper event description,70,45
event-lcw-swim,dynamic,event,/events/lcw-swim,Lcw Swim,,,not_applicable,8,qa_needed,false,content-ops,,0,,partial,needs_review,,missing,needs_review,needs_review,not_applicable,needs_review,,,,,"Event ""Long Course Weekend Swim"" missing image | Event ""Long Course Weekend Swim"" has thin description",Audit gap: Source event image from operator or generate | Audit gap: Write proper event description,70,45
event-lcw-wales,dynamic,event,/events/lcw-wales,Lcw Wales,,,not_applicable,8,qa_needed,false,content-ops,,0,,partial,needs_review,,missing,needs_review,needs_review,not_applicable,needs_review,,,,,"Event ""LCW Wales"" missing image | Event ""LCW Wales"" has thin description",Audit gap: Source event image from operator or generate | Audit gap: Write proper event description,70,45
event-let-039-s-rock,dynamic,event,/events/let-039-s-rock,Let 039 S Rock,,,not_applicable,8,qa_needed,false,content-ops,,0,,missing,missing,,needs_review,needs_review,needs_review,not_applicable,needs_review,,,,,"Event ""Let&#039;s Rock"" missing image",Audit gap: Source event image from operator or generate,55,25
event-lido-ponty-cold,dynamic,event,/events/lido-ponty-cold,Lido Ponty Cold,,,not_applicable,8,qa_needed,false,content-ops,,0,,partial,needs_review,,missing,needs_review,needs_review,not_applicable,needs_review,,,,,"Event ""Lido Ponty Cold Water Swim"" missing image | Event ""Lido Ponty Cold Water Swim"" has thin description",Audit gap: Source event image from operator or generate | Audit gap: Write proper event description,70,45
event-llanafan-fawr-show,dynamic,event,/events/llanafan-fawr-show,Llanafan Fawr Show,,,not_applicable,8,qa_needed,false,content-ops,,0,,missing,missing,,needs_review,needs_review,needs_review,not_applicable,needs_review,,,,,"Event ""Llanafan Fawr Show"" missing image",Audit gap: Source event image from operator or generate,55,25
event-llanbadarn-fynydd-show,dynamic,event,/events/llanbadarn-fynydd-show,Llanbadarn Fynydd Show,,,not_applicable,8,qa_needed,false,content-ops,,0,,missing,missing,,needs_review,needs_review,needs_review,not_applicable,needs_review,,,,,"Event ""Llanbadarn Fynydd Show"" missing image",Audit gap: Source event image from operator or generate,55,25
event-llanberis-mountain-film-festival,dynamic,event,/events/llanberis-mountain-film-festival,Llanberis Mountain Film Festival,,,not_applicable,8,qa_needed,false,content-ops,,0,,missing,missing,,needs_review,needs_review,needs_review,not_applicable,needs_review,,,,,"Event ""Llanberis Mountain Film Festival"" missing image",Audit gap: Source event image from operator or generate,55,25
event-llandaff-regatta,dynamic,event,/events/llandaff-regatta,Llandaff Regatta,,,not_applicable,8,qa_needed,false,content-ops,,0,,partial,needs_review,,missing,needs_review,needs_review,not_applicable,needs_review,,,,,"Event ""Llandaff Regatta"" missing image | Event ""Llandaff Regatta"" has thin description",Audit gap: Source event image from operator or generate | Audit gap: Write proper event description,70,45
event-llanddarog-show,dynamic,event,/events/llanddarog-show,Llanddarog Show,,,not_applicable,8,qa_needed,false,content-ops,,0,,missing,missing,,needs_review,needs_review,needs_review,not_applicable,needs_review,,,,,"Event ""Llanddarog Show"" missing image",Audit gap: Source event image from operator or generate,55,25
event-llandegfedd-pinewood,dynamic,event,/events/llandegfedd-pinewood,Llandegfedd Pinewood,,,not_applicable,8,qa_needed,false,content-ops,,0,,partial,needs_review,,missing,needs_review,needs_review,not_applicable,needs_review,,,,,"Event ""Llandegfedd Pinewood Regatta"" missing image | Event ""Llandegfedd Pinewood Regatta"" has thin description",Audit gap: Source event image from operator or generate | Audit gap: Write proper event description,70,45
event-llandeilo-farmers-market,dynamic,event,/events/llandeilo-farmers-market,Llandeilo Farmers Market,,,not_applicable,8,qa_needed,false,content-ops,,0,,missing,missing,,needs_review,needs_review,needs_review,not_applicable,needs_review,,,,,"Event ""Llandeilo Farmers Market"" missing image",Audit gap: Source event image from operator or generate,55,25
event-llandeilo-festival-of-senses,dynamic,event,/events/llandeilo-festival-of-senses,Llandeilo Festival Of Senses,,,not_applicable,8,qa_needed,false,content-ops,,0,,partial,needs_review,,missing,needs_review,needs_review,not_applicable,needs_review,,,,,"Event ""Llandeilo Festival of Senses"" missing image | Event ""Llandeilo Festival of Senses"" has thin description",Audit gap: Source event image from operator or generate | Audit gap: Write proper event description,70,45
event-llandeilo-lit-fest,dynamic,event,/events/llandeilo-lit-fest,Llandeilo Lit Fest,,,not_applicable,8,qa_needed,false,content-ops,,0,,partial,needs_review,,missing,needs_review,needs_review,not_applicable,needs_review,,,,,"Event ""Llandeilo Lit Fest"" missing image | Event ""Llandeilo Lit Fest"" has thin description",Audit gap: Source event image from operator or generate | Audit gap: Write proper event description,70,45
event-llandeloy-show,dynamic,event,/events/llandeloy-show,Llandeloy Show,,,not_applicable,8,qa_needed,false,content-ops,,0,,missing,missing,,needs_review,needs_review,needs_review,not_applicable,needs_review,,,,,"Event ""Llandeloy Show"" missing image",Audit gap: Source event image from operator or generate,55,25
event-llandovery-sheep-festival,dynamic,event,/events/llandovery-sheep-festival,Llandovery Sheep Festival,,,not_applicable,8,qa_needed,false,content-ops,,0,,partial,needs_review,,missing,needs_review,needs_review,not_applicable,needs_review,,,,,"Event ""Llandovery Sheep Festival"" missing image | Event ""Llandovery Sheep Festival"" has thin description",Audit gap: Source event image from operator or generate | Audit gap: Write proper event description,70,45
event-llandrindod-wells-farmers-market,dynamic,event,/events/llandrindod-wells-farmers-market,Llandrindod Wells Farmers Market,,,not_applicable,8,qa_needed,false,content-ops,,0,,missing,missing,,needs_review,needs_review,needs_review,not_applicable,needs_review,,,,,"Event ""Llandrindod Wells Farmers Market"" missing image",Audit gap: Source event image from operator or generate,55,25
event-llandrindod-wells-show,dynamic,event,/events/llandrindod-wells-show,Llandrindod Wells Show,,,not_applicable,8,qa_needed,false,content-ops,,0,,missing,missing,,needs_review,needs_review,needs_review,not_applicable,needs_review,,,,,"Event ""Llandrindod Wells Show"" missing image",Audit gap: Source event image from operator or generate,55,25
event-llandrindod-wells-victorian-festival,dynamic,event,/events/llandrindod-wells-victorian-festival,Llandrindod Wells Victorian Festival,,,not_applicable,8,qa_needed,false,content-ops,,0,,partial,needs_review,,missing,needs_review,needs_review,not_applicable,needs_review,,,,,"Event ""Llandrindod Wells Victorian Festival"" missing image | Event ""Llandrindod Wells Victorian Festival"" has thin description",Audit gap: Source event image from operator or generate | Audit gap: Write proper event description,70,45
event-llandudno-boxing-day-dip,dynamic,event,/events/llandudno-boxing-day-dip,Llandudno Boxing Day Dip,,,not_applicable,8,qa_needed,false,content-ops,,0,,missing,missing,,needs_review,needs_review,needs_review,not_applicable,needs_review,,,,,"Event ""Llandudno Boxing Day Dip"" missing image",Audit gap: Source event image from operator or generate,55,25
event-llandudno-christmas-parade,dynamic,event,/events/llandudno-christmas-parade,Llandudno Christmas Parade,,,not_applicable,8,qa_needed,false,content-ops,,0,,missing,missing,,needs_review,needs_review,needs_review,not_applicable,needs_review,,,,,"Event ""Llandudno Christmas Parade"" missing image",Audit gap: Source event image from operator or generate,55,25
event-llandudno-fireworks-fireworks-display,dynamic,event,/events/llandudno-fireworks-fireworks-display,Llandudno Fireworks Fireworks Display,,,not_applicable,8,qa_needed,false,content-ops,,0,,partial,needs_review,,missing,needs_review,needs_review,not_applicable,needs_review,,,,,"Event ""Llandudno Fireworks Fireworks Display"" missing image | Event ""Llandudno Fireworks Fireworks Display"" has thin description",Audit gap: Source event image from operator or generate | Audit gap: Write proper event description,70,45
event-llandudno-santa-dash-santa-fun-run,dynamic,event,/events/llandudno-santa-dash-santa-fun-run,Llandudno Santa Dash Santa Fun Run,,,not_applicable,8,qa_needed,false,content-ops,,0,,partial,needs_review,,missing,needs_review,needs_review,not_applicable,needs_review,,,,,"Event ""Llandudno Santa Dash Santa Fun Run"" missing image | Event ""Llandudno Santa Dash Santa Fun Run"" has thin description",Audit gap: Source event image from operator or generate | Audit gap: Write proper event description,70,45
event-llandudno-sea-rowing,dynamic,event,/events/llandudno-sea-rowing,Llandudno Sea Rowing,,,not_applicable,8,qa_needed,false,content-ops,,0,,partial,needs_review,,missing,needs_review,needs_review,not_applicable,needs_review,,,,,"Event ""Llandudno Sea Rowing"" missing image | Event ""Llandudno Sea Rowing"" has thin description",Audit gap: Source event image from operator or generate | Audit gap: Write proper event description,70,45
event-llandudno-sprint-triathlon,dynamic,event,/events/llandudno-sprint-triathlon,Llandudno Sprint Triathlon,,,not_applicable,8,qa_needed,false,content-ops,,0,,partial,needs_review,,missing,needs_review,needs_review,not_applicable,needs_review,,,,,"Event ""Llandudno Sprint"" missing image | Event ""Llandudno Sprint"" has thin description",Audit gap: Source event image from operator or generate | Audit gap: Write proper event description,70,45
event-llandudno-triathlon-2026,dynamic,event,/events/llandudno-triathlon-2026,Llandudno Triathlon 2026,,,not_applicable,8,qa_needed,false,content-ops,,0,,missing,missing,,needs_review,needs_review,needs_review,not_applicable,needs_review,,,,,"Event ""Llandudno Triathlon"" missing image",Audit gap: Source event image from operator or generate,55,25
event-llandudno-victorian-extravaganza,dynamic,event,/events/llandudno-victorian-extravaganza,Llandudno Victorian Extravaganza,,,not_applicable,8,qa_needed,false,content-ops,,0,,partial,needs_review,,missing,needs_review,needs_review,not_applicable,needs_review,,,,,"Event ""Llandudno Victorian Extravaganza"" missing image | Event ""Llandudno Victorian Extravaganza"" has thin description",Audit gap: Source event image from operator or generate | Audit gap: Write proper event description,70,45
event-llandyfaelog-show,dynamic,event,/events/llandyfaelog-show,Llandyfaelog Show,,,not_applicable,8,qa_needed,false,content-ops,,0,,missing,missing,,needs_review,needs_review,needs_review,not_applicable,needs_review,,,,,"Event ""Llandyfaelog Show"" missing image",Audit gap: Source event image from operator or generate,55,25
event-llandysul-show,dynamic,event,/events/llandysul-show,Llandysul Show,,,not_applicable,8,qa_needed,false,content-ops,,0,,missing,missing,,needs_review,needs_review,needs_review,not_applicable,needs_review,,,,,"Event ""Llandysul Show"" missing image",Audit gap: Source event image from operator or generate,55,25
event-llanelli-coast-parkrun,dynamic,event,/events/llanelli-coast-parkrun,Llanelli Coast Parkrun,,,not_applicable,8,qa_needed,false,content-ops,,0,,missing,missing,,needs_review,needs_review,needs_review,not_applicable,needs_review,,,,,"Event ""Llanelli Coast Parkrun"" missing image",Audit gap: Source event image from operator or generate,55,25
event-llanelli-junior-parkrun,dynamic,event,/events/llanelli-junior-parkrun,Llanelli Junior Parkrun,,,not_applicable,8,qa_needed,false,content-ops,,0,,partial,needs_review,,missing,needs_review,needs_review,not_applicable,needs_review,,,,,"Event ""Llanelli Junior Parkrun"" missing image | Event ""Llanelli Junior Parkrun"" has thin description",Audit gap: Source event image from operator or generate | Audit gap: Write proper event description,70,45
event-llanelli-sprint-triathlon,dynamic,event,/events/llanelli-sprint-triathlon,Llanelli Sprint Triathlon,,,not_applicable,8,qa_needed,false,content-ops,,0,,partial,needs_review,,missing,needs_review,needs_review,not_applicable,needs_review,,,,,"Event ""Llanelli Sprint Triathlon"" missing image | Event ""Llanelli Sprint Triathlon"" has thin description",Audit gap: Source event image from operator or generate | Audit gap: Write proper event description,70,45
event-llanerchaeron-easter-hunt-easter-egg-hunt,dynamic,event,/events/llanerchaeron-easter-hunt-easter-egg-hunt,Llanerchaeron Easter Hunt Easter Egg Hunt,,,not_applicable,8,qa_needed,false,content-ops,,0,,partial,needs_review,,missing,needs_review,needs_review,not_applicable,needs_review,,,,,"Event ""Llanerchaeron Easter Hunt Easter Egg Hunt"" missing image | Event ""Llanerchaeron Easter Hunt Easter Egg Hunt"" has thin description",Audit gap: Source event image from operator or generate | Audit gap: Write proper event description,70,45
event-llangadog-show,dynamic,event,/events/llangadog-show,Llangadog Show,,,not_applicable,8,qa_needed,false,content-ops,,0,,missing,missing,,needs_review,needs_review,needs_review,not_applicable,needs_review,,,,,"Event ""Llangadog Show"" missing image",Audit gap: Source event image from operator or generate,55,25
event-llangollen-balloon-festival,dynamic,event,/events/llangollen-balloon-festival,Llangollen Balloon Festival,,,not_applicable,8,qa_needed,false,content-ops,,0,,partial,needs_review,,missing,needs_review,needs_review,not_applicable,needs_review,,,,,"Event ""Llangollen Balloon Festival"" missing image | Event ""Llangollen Balloon Festival"" has thin description",Audit gap: Source event image from operator or generate | Audit gap: Write proper event description,70,45
event-llangollen-canoe-festival,dynamic,event,/events/llangollen-canoe-festival,Llangollen Canoe Festival,,,not_applicable,8,qa_needed,false,content-ops,,0,,missing,missing,,needs_review,needs_review,needs_review,not_applicable,needs_review,,,,,"Event ""Llangollen Canoe Festival"" missing image",Audit gap: Source event image from operator or generate,55,25
event-llangollen-food-festival,dynamic,event,/events/llangollen-food-festival,Llangollen Food Festival,,,not_applicable,8,qa_needed,false,content-ops,,0,,missing,missing,,needs_review,needs_review,needs_review,not_applicable,needs_review,,,,,"Event ""Llangollen Food Festival"" missing image",Audit gap: Source event image from operator or generate,55,25
event-llangollen-fringe-festival,dynamic,event,/events/llangollen-fringe-festival,Llangollen Fringe Festival,,,not_applicable,8,qa_needed,false,content-ops,,0,,partial,needs_review,,missing,needs_review,needs_review,not_applicable,needs_review,,,,,"Event ""Llangollen Fringe Festival"" missing image | Event ""Llangollen Fringe Festival"" has thin description",Audit gap: Source event image from operator or generate | Audit gap: Write proper event description,70,45
event-llangollen-international-eisteddfod,dynamic,event,/events/llangollen-international-eisteddfod,Llangollen International Eisteddfod,,,not_applicable,8,qa_needed,false,content-ops,,0,,missing,missing,,needs_review,needs_review,needs_review,not_applicable,needs_review,,,,,"Event ""Llangollen International Musical Eisteddfod"" missing image",Audit gap: Source event image from operator or generate,55,25
event-llangollen-international-musical-eisteddfod,dynamic,event,/events/llangollen-international-musical-eisteddfod,Llangollen International Musical Eisteddfod,,,not_applicable,8,qa_needed,false,content-ops,,0,,missing,missing,,needs_review,needs_review,needs_review,not_applicable,needs_review,,,,,"Event ""Llangollen International Musical Eisteddfod"" missing image",Audit gap: Source event image from operator or generate,55,25
event-llangynidr-agricultural-show,dynamic,event,/events/llangynidr-agricultural-show,Llangynidr Agricultural Show,,,not_applicable,8,qa_needed,false,content-ops,,0,,missing,missing,,needs_review,needs_review,needs_review,not_applicable,needs_review,,,,,"Event ""Llangynidr Agricultural Show"" missing image",Audit gap: Source event image from operator or generate,55,25
event-llanigon-show,dynamic,event,/events/llanigon-show,Llanigon Show,,,not_applicable,8,qa_needed,false,content-ops,,0,,missing,missing,,needs_review,needs_review,needs_review,not_applicable,needs_review,,,,,"Event ""Llanigon Show"" missing image",Audit gap: Source event image from operator or generate,55,25
event-llansawel-show,dynamic,event,/events/llansawel-show,Llansawel Show,,,not_applicable,8,qa_needed,false,content-ops,,0,,missing,missing,,needs_review,needs_review,needs_review,not_applicable,needs_review,,,,,"Event ""Llansawel Show"" missing image",Audit gap: Source event image from operator or generate,55,25
event-llantrisant-district-show,dynamic,event,/events/llantrisant-district-show,Llantrisant District Show,,,not_applicable,8,qa_needed,false,content-ops,,0,,missing,missing,,needs_review,needs_review,needs_review,not_applicable,needs_review,,,,,"Event ""Llantrisant & District Show"" missing image",Audit gap: Source event image from operator or generate,55,25
event-llanwrthwl-show,dynamic,event,/events/llanwrthwl-show,Llanwrthwl Show,,,not_applicable,8,qa_needed,false,content-ops,,0,,missing,missing,,needs_review,needs_review,needs_review,not_applicable,needs_review,,,,,"Event ""Llanwrthwl Show"" missing image",Audit gap: Source event image from operator or generate,55,25
event-llanwrtyd-wells-walking-festival,dynamic,event,/events/llanwrtyd-wells-walking-festival,Llanwrtyd Wells Walking Festival,,,not_applicable,8,qa_needed,false,content-ops,,0,,missing,missing,,needs_review,needs_review,needs_review,not_applicable,needs_review,,,,,"Event ""Llanwrtyd Wells Walking Festival"" missing image",Audit gap: Source event image from operator or generate,55,25
event-llyn-llech-owain-parkrun,dynamic,event,/events/llyn-llech-owain-parkrun,Llyn Llech Owain Parkrun,,,not_applicable,8,qa_needed,false,content-ops,,0,,missing,missing,,needs_review,needs_review,needs_review,not_applicable,needs_review,,,,,"Event ""Llyn Llech Owain Parkrun"" missing image",Audit gap: Source event image from operator or generate,55,25
event-llyn-padarn-swim,dynamic,event,/events/llyn-padarn-swim,Llyn Padarn Swim,,,not_applicable,8,qa_needed,false,content-ops,,0,,partial,needs_review,,missing,needs_review,needs_review,not_applicable,needs_review,,,,,"Event ""Llyn Padarn Swim"" missing image | Event ""Llyn Padarn Swim"" has thin description",Audit gap: Source event image from operator or generate | Audit gap: Write proper event description,70,45
event-long-course-weekend,dynamic,event,/events/long-course-weekend,Long Course Weekend,,,not_applicable,8,qa_needed,false,content-ops,,0,,partial,needs_review,,missing,needs_review,needs_review,not_applicable,needs_review,,,,,"Event ""Long Course Weekend"" missing image | Event ""Long Course Weekend"" has thin description",Audit gap: Source event image from operator or generate | Audit gap: Write proper event description,70,45
event-love-swimrun-holy-island,dynamic,event,/events/love-swimrun-holy-island,Love Swimrun Holy Island,,,not_applicable,8,qa_needed,false,content-ops,,0,,partial,needs_review,,missing,needs_review,needs_review,not_applicable,needs_review,,,,,"Event ""Love SwimRun Holy Island"" missing image | Event ""Love SwimRun Holy Island"" has thin description",Audit gap: Source event image from operator or generate | Audit gap: Write proper event description,70,45
event-love-swimrun-llanberis,dynamic,event,/events/love-swimrun-llanberis,Love Swimrun Llanberis,,,not_applicable,8,qa_needed,false,content-ops,,0,,partial,needs_review,,missing,needs_review,needs_review,not_applicable,needs_review,,,,,"Event ""Love SwimRun Llanberis"" missing image | Event ""Love SwimRun Llanberis"" has thin description",Audit gap: Source event image from operator or generate | Audit gap: Write proper event description,70,45
event-love-trails-festival,dynamic,event,/events/love-trails-festival,Love Trails Festival,,,not_applicable,8,qa_needed,false,content-ops,,0,,partial,needs_review,,missing,needs_review,needs_review,not_applicable,needs_review,,,,,"Event ""Love Trails Festival"" missing image | Event ""Love Trails Festival"" has thin description",Audit gap: Source event image from operator or generate | Audit gap: Write proper event description,70,45
event-luminate-wales-margam,dynamic,event,/events/luminate-wales-margam,Luminate Wales Margam,,,not_applicable,8,qa_needed,false,content-ops,,0,,missing,missing,,needs_review,needs_review,needs_review,not_applicable,needs_review,,,,,"Event ""Luminate Wales Winter Light Trail"" missing image",Audit gap: Source event image from operator or generate,55,25
event-machen-agricultural-show,dynamic,event,/events/machen-agricultural-show,Machen Agricultural Show,,,not_applicable,8,qa_needed,false,content-ops,,0,,missing,missing,,needs_review,needs_review,needs_review,not_applicable,needs_review,,,,,"Event ""Machen Agricultural Show"" missing image",Audit gap: Source event image from operator or generate,55,25
event-machynlleth-comedy-festival,dynamic,event,/events/machynlleth-comedy-festival,Machynlleth Comedy Festival,,,not_applicable,8,qa_needed,false,content-ops,,0,,missing,missing,,needs_review,needs_review,needs_review,not_applicable,needs_review,,,,,"Event ""Machynlleth Comedy Festival"" missing image",Audit gap: Source event image from operator or generate,55,25
event-machynlleth-farmers-market,dynamic,event,/events/machynlleth-farmers-market,Machynlleth Farmers Market,,,not_applicable,8,qa_needed,false,content-ops,,0,,missing,missing,,needs_review,needs_review,needs_review,not_applicable,needs_review,,,,,"Event ""Machynlleth Farmers Market"" missing image",Audit gap: Source event image from operator or generate,55,25
event-machynlleth-festival,dynamic,event,/events/machynlleth-festival,Machynlleth Festival,,,not_applicable,8,qa_needed,false,content-ops,,0,,partial,needs_review,,missing,needs_review,needs_review,not_applicable,needs_review,,,,,"Event ""Machynlleth Festival"" missing image | Event ""Machynlleth Festival"" has thin description",Audit gap: Source event image from operator or generate | Audit gap: Write proper event description,70,45
event-machynlleth-music-festival,dynamic,event,/events/machynlleth-music-festival,Machynlleth Music Festival,,,not_applicable,8,qa_needed,false,content-ops,,0,,missing,missing,,needs_review,needs_review,needs_review,not_applicable,needs_review,,,,,"Event ""Machynlleth Music Festival"" missing image",Audit gap: Source event image from operator or generate,55,25
event-maesteg-parkrun,dynamic,event,/events/maesteg-parkrun,Maesteg Parkrun,,,not_applicable,8,qa_needed,false,content-ops,,0,,missing,missing,,needs_review,needs_review,needs_review,not_applicable,needs_review,,,,,"Event ""Maesteg Parkrun"" missing image",Audit gap: Source event image from operator or generate,55,25
event-man-vs-coast,dynamic,event,/events/man-vs-coast,Man Vs Coast,,,not_applicable,8,qa_needed,false,content-ops,,0,,partial,needs_review,,missing,needs_review,needs_review,not_applicable,needs_review,,,,,"Event ""Man vs Coast"" missing image | Event ""Man vs Coast"" has thin description",Audit gap: Source event image from operator or generate | Audit gap: Write proper event description,70,45
event-man-vs-mountain,dynamic,event,/events/man-vs-mountain,Man Vs Mountain,,,not_applicable,8,qa_needed,false,content-ops,,0,,partial,needs_review,,missing,needs_review,needs_review,not_applicable,needs_review,,,,,"Event ""Man vs Mountain"" missing image | Event ""Man vs Mountain"" has thin description",Audit gap: Source event image from operator or generate | Audit gap: Write proper event description,70,45
event-manorfon-farm-pumpkin-picking,dynamic,event,/events/manorfon-farm-pumpkin-picking,Manorfon Farm Pumpkin Picking,,,not_applicable,8,qa_needed,false,content-ops,,0,,partial,needs_review,,missing,needs_review,needs_review,not_applicable,needs_review,,,,,"Event ""Manorfon Farm Pumpkin Picking"" missing image | Event ""Manorfon Farm Pumpkin Picking"" has thin description",Audit gap: Source event image from operator or generate | Audit gap: Write proper event description,70,45
event-martletwy-show,dynamic,event,/events/martletwy-show,Martletwy Show,,,not_applicable,8,qa_needed,false,content-ops,,0,,missing,missing,,needs_review,needs_review,needs_review,not_applicable,needs_review,,,,,"Event ""Martletwy Show"" missing image",Audit gap: Source event image from operator or generate,55,25
event-mawddach-paddle-fest,dynamic,event,/events/mawddach-paddle-fest,Mawddach Paddle Fest,,,not_applicable,8,qa_needed,false,content-ops,,0,,partial,needs_review,,missing,needs_review,needs_review,not_applicable,needs_review,,,,,"Event ""Mawddach Paddlesport Festival"" missing image | Event ""Mawddach Paddlesport Festival"" has thin description",Audit gap: Source event image from operator or generate | Audit gap: Write proper event description,70,45
event-menai-seafood-festival,dynamic,event,/events/menai-seafood-festival,Menai Seafood Festival,,,not_applicable,8,qa_needed,false,content-ops,,0,,missing,missing,,needs_review,needs_review,needs_review,not_applicable,needs_review,,,,,"Event ""Menai Seafood Festival"" missing image",Audit gap: Source event image from operator or generate,55,25
event-menai-strait-regattas,dynamic,event,/events/menai-strait-regattas,Menai Strait Regattas,,,not_applicable,8,qa_needed,false,content-ops,,0,,partial,needs_review,,missing,needs_review,needs_review,not_applicable,needs_review,,,,,"Event ""Menai Strait Regattas"" missing image | Event ""Menai Strait Regattas"" has thin description",Audit gap: Source event image from operator or generate | Audit gap: Write proper event description,70,45
event-merthyr-food-festival,dynamic,event,/events/merthyr-food-festival,Merthyr Food Festival,,,not_applicable,8,qa_needed,false,content-ops,,0,,missing,missing,,needs_review,needs_review,needs_review,not_applicable,needs_review,,,,,"Event ""Merthyr Food Festival"" missing image",Audit gap: Source event image from operator or generate,55,25
event-merthyr-junior-parkrun,dynamic,event,/events/merthyr-junior-parkrun,Merthyr Junior Parkrun,,,not_applicable,8,qa_needed,false,content-ops,,0,,partial,needs_review,,missing,needs_review,needs_review,not_applicable,needs_review,,,,,"Event ""Merthyr Junior Parkrun"" missing image | Event ""Merthyr Junior Parkrun"" has thin description",Audit gap: Source event image from operator or generate | Audit gap: Write proper event description,70,45
event-merthyr-rising,dynamic,event,/events/merthyr-rising,Merthyr Rising,,,not_applicable,8,qa_needed,false,content-ops,,0,,partial,needs_review,,missing,needs_review,needs_review,not_applicable,needs_review,,,,,"Event ""Merthyr Rising"" missing image | Event ""Merthyr Rising"" has thin description",Audit gap: Source event image from operator or generate | Audit gap: Write proper event description,70,45
event-merthyr-rising-festival,dynamic,event,/events/merthyr-rising-festival,Merthyr Rising Festival,,,not_applicable,8,qa_needed,false,content-ops,,0,,partial,needs_review,,missing,needs_review,needs_review,not_applicable,needs_review,,,,,"Event ""Merthyr Rising Festival"" missing image | Event ""Merthyr Rising Festival"" has thin description",Audit gap: Source event image from operator or generate | Audit gap: Write proper event description,70,45
event-merthyr-santa-run-santa-fun-run,dynamic,event,/events/merthyr-santa-run-santa-fun-run,Merthyr Santa Run Santa Fun Run,,,not_applicable,8,qa_needed,false,content-ops,,0,,partial,needs_review,,missing,needs_review,needs_review,not_applicable,needs_review,,,,,"Event ""Merthyr Santa Run Santa Fun Run"" missing image | Event ""Merthyr Santa Run Santa Fun Run"" has thin description",Audit gap: Source event image from operator or generate | Audit gap: Write proper event description,70,45
event-merthyr-tydfil-parkrun,dynamic,event,/events/merthyr-tydfil-parkrun,Merthyr Tydfil Parkrun,,,not_applicable,8,qa_needed,false,content-ops,,0,,missing,missing,,needs_review,needs_review,needs_review,not_applicable,needs_review,,,,,"Event ""Merthyr Tydfil Parkrun"" missing image",Audit gap: Source event image from operator or generate,55,25
event-mid-wales-beer-festival,dynamic,event,/events/mid-wales-beer-festival,Mid Wales Beer Festival,,,not_applicable,8,qa_needed,false,content-ops,,0,,missing,missing,,needs_review,needs_review,needs_review,not_applicable,needs_review,,,,,"Event ""Mid Wales Beer Festival"" missing image",Audit gap: Source event image from operator or generate,55,25
event-milford-haven-fireworks-fireworks-display,dynamic,event,/events/milford-haven-fireworks-fireworks-display,Milford Haven Fireworks Fireworks Display,,,not_applicable,8,qa_needed,false,content-ops,,0,,partial,needs_review,,missing,needs_review,needs_review,not_applicable,needs_review,,,,,"Event ""Milford Haven Fireworks Fireworks Display"" missing image | Event ""Milford Haven Fireworks Fireworks Display"" has thin description",Audit gap: Source event image from operator or generate | Audit gap: Write proper event description,70,45
event-mold-blues-soul-festival,dynamic,event,/events/mold-blues-soul-festival,Mold Blues Soul Festival,,,not_applicable,8,qa_needed,false,content-ops,,0,,missing,missing,,needs_review,needs_review,needs_review,not_applicable,needs_review,,,,,"Event ""Mold Blues & Soul Festival"" missing image",Audit gap: Source event image from operator or generate,55,25
event-mold-food-and-drink-festival,dynamic,event,/events/mold-food-and-drink-festival,Mold Food And Drink Festival,,,not_applicable,8,qa_needed,false,content-ops,,0,,missing,missing,,needs_review,needs_review,needs_review,not_applicable,needs_review,,,,,"Event ""Mold Food and Drink Festival"" missing image",Audit gap: Source event image from operator or generate,55,25
event-mold-food-drink-festival,dynamic,event,/events/mold-food-drink-festival,Mold Food Drink Festival,,,not_applicable,8,qa_needed,false,content-ops,,0,,missing,missing,,needs_review,needs_review,needs_review,not_applicable,needs_review,,,,,"Event ""Mold Food & Drink Festival"" missing image",Audit gap: Source event image from operator or generate,55,25
event-monmouth-aquathlon,dynamic,event,/events/monmouth-aquathlon,Monmouth Aquathlon,,,not_applicable,8,qa_needed,false,content-ops,,0,,partial,needs_review,,missing,needs_review,needs_review,not_applicable,needs_review,,,,,"Event ""Monmouth Aquathlon"" missing image | Event ""Monmouth Aquathlon"" has thin description",Audit gap: Source event image from operator or generate | Audit gap: Write proper event description,70,45
event-monmouth-farmers-market,dynamic,event,/events/monmouth-farmers-market,Monmouth Farmers Market,,,not_applicable,8,qa_needed,false,content-ops,,0,,missing,missing,,needs_review,needs_review,needs_review,not_applicable,needs_review,,,,,"Event ""Monmouth Farmers Market"" missing image",Audit gap: Source event image from operator or generate,55,25
event-monmouth-festival,dynamic,event,/events/monmouth-festival,Monmouth Festival,,,not_applicable,8,qa_needed,false,content-ops,,0,,partial,needs_review,,missing,needs_review,needs_review,not_applicable,needs_review,,,,,"Event ""Monmouth Festival"" missing image | Event ""Monmouth Festival"" has thin description",Audit gap: Source event image from operator or generate | Audit gap: Write proper event description,70,45
event-monmouth-raft-race,dynamic,event,/events/monmouth-raft-race,Monmouth Raft Race,,,not_applicable,8,qa_needed,false,content-ops,,0,,partial,needs_review,,missing,needs_review,needs_review,not_applicable,needs_review,,,,,"Event ""Monmouth Raft Race"" missing image | Event ""Monmouth Raft Race"" has thin description",Audit gap: Source event image from operator or generate | Audit gap: Write proper event description,70,45
event-monmouth-regatta,dynamic,event,/events/monmouth-regatta,Monmouth Regatta,,,not_applicable,8,qa_needed,false,content-ops,,0,,partial,needs_review,,missing,needs_review,needs_review,not_applicable,needs_review,,,,,"Event ""Monmouth Regatta"" missing image | Event ""Monmouth Regatta"" has thin description",Audit gap: Source event image from operator or generate | Audit gap: Write proper event description,70,45
event-monmouthshire-food-festival,dynamic,event,/events/monmouthshire-food-festival,Monmouthshire Food Festival,,,not_applicable,8,qa_needed,false,content-ops,,0,,missing,missing,,needs_review,needs_review,needs_review,not_applicable,needs_review,,,,,"Event ""Monmouthshire Food Festival"" missing image",Audit gap: Source event image from operator or generate,55,25
event-monmouthshire-show,dynamic,event,/events/monmouthshire-show,Monmouthshire Show,,,not_applicable,8,qa_needed,false,content-ops,,0,,missing,missing,,needs_review,needs_review,needs_review,not_applicable,needs_review,,,,,"Event ""Monmouthshire Show"" missing image",Audit gap: Source event image from operator or generate,55,25
event-monmouthshire-walking-festival,dynamic,event,/events/monmouthshire-walking-festival,Monmouthshire Walking Festival,,,not_applicable,8,qa_needed,false,content-ops,,0,,missing,missing,,needs_review,needs_review,needs_review,not_applicable,needs_review,,,,,"Event ""Monmouthshire Walking Festival"" missing image",Audit gap: Source event image from operator or generate,55,25
event-morfa-nefyn-nyd-dip,dynamic,event,/events/morfa-nefyn-nyd-dip,Morfa Nefyn Nyd Dip,,,not_applicable,8,qa_needed,false,content-ops,,0,,partial,needs_review,,missing,needs_review,needs_review,not_applicable,needs_review,,,,,"Event ""Morfa Nefyn NYD Dip"" missing image | Event ""Morfa Nefyn NYD Dip"" has thin description",Audit gap: Source event image from operator or generate | Audit gap: Write proper event description,70,45
event-mumbles-aquabike,dynamic,event,/events/mumbles-aquabike,Mumbles Aquabike,,,not_applicable,8,qa_needed,false,content-ops,,0,,partial,needs_review,,missing,needs_review,needs_review,not_applicable,needs_review,,,,,"Event ""Mumbles Aquabike"" missing image | Event ""Mumbles Aquabike"" has thin description",Audit gap: Source event image from operator or generate | Audit gap: Write proper event description,70,45
event-mumbles-duathlon,dynamic,event,/events/mumbles-duathlon,Mumbles Duathlon,,,not_applicable,8,qa_needed,false,content-ops,,0,,partial,needs_review,,missing,needs_review,needs_review,not_applicable,needs_review,,,,,"Event ""Mumbles Duathlon"" missing image | Event ""Mumbles Duathlon"" has thin description",Audit gap: Source event image from operator or generate | Audit gap: Write proper event description,70,45
event-mumbles-farmers-market,dynamic,event,/events/mumbles-farmers-market,Mumbles Farmers Market,,,not_applicable,8,qa_needed,false,content-ops,,0,,missing,missing,,needs_review,needs_review,needs_review,not_applicable,needs_review,,,,,"Event ""Mumbles Farmers Market"" missing image",Audit gap: Source event image from operator or generate,55,25
event-mumbles-oyster-festival,dynamic,event,/events/mumbles-oyster-festival,Mumbles Oyster Festival,,,not_applicable,8,qa_needed,false,content-ops,,0,,missing,missing,,needs_review,needs_review,needs_review,not_applicable,needs_review,,,,,"Event ""Mumbles Oyster Festival"" missing image",Audit gap: Source event image from operator or generate,55,25
event-mumbles-sprint-triathlon,dynamic,event,/events/mumbles-sprint-triathlon,Mumbles Sprint Triathlon,,,not_applicable,8,qa_needed,false,content-ops,,0,,partial,needs_review,,missing,needs_review,needs_review,not_applicable,needs_review,,,,,"Event ""Mumbles Sprint"" missing image | Event ""Mumbles Sprint"" has thin description",Audit gap: Source event image from operator or generate | Audit gap: Write proper event description,70,45
event-mumbles-swim,dynamic,event,/events/mumbles-swim,Mumbles Swim,,,not_applicable,8,qa_needed,false,content-ops,,0,,partial,needs_review,,missing,needs_review,needs_review,not_applicable,needs_review,,,,,"Event ""Mumbles Swim"" missing image | Event ""Mumbles Swim"" has thin description",Audit gap: Source event image from operator or generate | Audit gap: Write proper event description,70,45
event-mumbles-swim-2026,dynamic,event,/events/mumbles-swim-2026,Mumbles Swim 2026,,,not_applicable,8,qa_needed,false,content-ops,,0,,missing,missing,,needs_review,needs_review,needs_review,not_applicable,needs_review,,,,,"Event ""Mumbles Swim"" missing image",Audit gap: Source event image from operator or generate,55,25
event-mumbles-triathlon,dynamic,event,/events/mumbles-triathlon,Mumbles Triathlon,,,not_applicable,8,qa_needed,false,content-ops,,0,,partial,needs_review,,missing,needs_review,needs_review,not_applicable,needs_review,,,,,"Event ""Mumbles Triathlon"" missing image | Event ""Mumbles Triathlon"" has thin description",Audit gap: Source event image from operator or generate | Audit gap: Write proper event description,70,45
event-mumbles-triathlon-2026,dynamic,event,/events/mumbles-triathlon-2026,Mumbles Triathlon 2026,,,not_applicable,8,qa_needed,false,content-ops,,0,,missing,missing,,needs_review,needs_review,needs_review,not_applicable,needs_review,,,,,"Event ""Mumbles Triathlon"" missing image",Audit gap: Source event image from operator or generate,55,25
event-myddfai-show,dynamic,event,/events/myddfai-show,Myddfai Show,,,not_applicable,8,qa_needed,false,content-ops,,0,,missing,missing,,needs_review,needs_review,needs_review,not_applicable,needs_review,,,,,"Event ""Myddfai Show"" missing image",Audit gap: Source event image from operator or generate,55,25
event-nant-y-pandy-parkrun,dynamic,event,/events/nant-y-pandy-parkrun,Nant Y Pandy Parkrun,,,not_applicable,8,qa_needed,false,content-ops,,0,,missing,missing,,needs_review,needs_review,needs_review,not_applicable,needs_review,,,,,"Event ""Nant y Pandy Parkrun"" missing image",Audit gap: Source event image from operator or generate,55,25
event-narberth-a-cappella-voice-festival,dynamic,event,/events/narberth-a-cappella-voice-festival,Narberth A Cappella Voice Festival,,,not_applicable,8,qa_needed,false,content-ops,,0,,missing,missing,,needs_review,needs_review,needs_review,not_applicable,needs_review,,,,,"Event ""Narberth A Cappella Voice Festival"" missing image",Audit gap: Source event image from operator or generate,55,25
event-narberth-food-festival,dynamic,event,/events/narberth-food-festival,Narberth Food Festival,,,not_applicable,8,qa_needed,false,content-ops,,0,,missing,missing,,needs_review,needs_review,needs_review,not_applicable,needs_review,,,,,"Event ""Narberth Food Festival"" missing image",Audit gap: Source event image from operator or generate,55,25
event-national-eisteddfod,dynamic,event,/events/national-eisteddfod,National Eisteddfod,,,not_applicable,8,qa_needed,false,content-ops,,0,,missing,missing,,needs_review,needs_review,needs_review,not_applicable,needs_review,,,,,"Event ""National Eisteddfod"" missing image",Audit gap: Source event image from operator or generate,55,25
event-national-eisteddfod-of-wales,dynamic,event,/events/national-eisteddfod-of-wales,National Eisteddfod Of Wales,,,not_applicable,8,qa_needed,false,content-ops,,0,,missing,missing,,needs_review,needs_review,needs_review,not_applicable,needs_review,,,,,"Event ""National Eisteddfod of Wales"" missing image",Audit gap: Source event image from operator or generate,55,25
event-national-trust-easter-wales,dynamic,event,/events/national-trust-easter-wales,National Trust Easter Wales,,,not_applicable,8,qa_needed,false,content-ops,,0,,missing,missing,,needs_review,needs_review,needs_review,not_applicable,needs_review,,,,,"Event ""National Trust Easter Egg Hunts Wales"" missing image",Audit gap: Source event image from operator or generate,55,25
event-neath-comedy-festival,dynamic,event,/events/neath-comedy-festival,Neath Comedy Festival,,,not_applicable,8,qa_needed,false,content-ops,,0,,missing,missing,,needs_review,needs_review,needs_review,not_applicable,needs_review,,,,,"Event ""Neath Comedy Festival"" missing image",Audit gap: Source event image from operator or generate,55,25
event-neath-food-and-drink-festival,dynamic,event,/events/neath-food-and-drink-festival,Neath Food And Drink Festival,,,not_applicable,8,qa_needed,false,content-ops,,0,,missing,missing,,needs_review,needs_review,needs_review,not_applicable,needs_review,,,,,"Event ""Neath Food and Drink Festival"" missing image",Audit gap: Source event image from operator or generate,55,25
event-nevern-show,dynamic,event,/events/nevern-show,Nevern Show,,,not_applicable,8,qa_needed,false,content-ops,,0,,missing,missing,,needs_review,needs_review,needs_review,not_applicable,needs_review,,,,,"Event ""Nevern Show"" missing image",Audit gap: Source event image from operator or generate,55,25
event-new-quay-music-festival,dynamic,event,/events/new-quay-music-festival,New Quay Music Festival,,,not_applicable,8,qa_needed,false,content-ops,,0,,missing,missing,,needs_review,needs_review,needs_review,not_applicable,needs_review,,,,,"Event ""New Quay Music Festival"" missing image",Audit gap: Source event image from operator or generate,55,25
event-newborough-forest-parkrun,dynamic,event,/events/newborough-forest-parkrun,Newborough Forest Parkrun,,,not_applicable,8,qa_needed,false,content-ops,,0,,missing,missing,,needs_review,needs_review,needs_review,not_applicable,needs_review,,,,,"Event ""Newborough Forest Parkrun"" missing image",Audit gap: Source event image from operator or generate,55,25
event-newport-food-festival,dynamic,event,/events/newport-food-festival,Newport Food Festival,,,not_applicable,8,qa_needed,false,content-ops,,0,,missing,missing,,needs_review,needs_review,needs_review,not_applicable,needs_review,,,,,"Event ""Newport Food Festival"" missing image",Audit gap: Source event image from operator or generate,55,25
event-newport-junior-parkrun,dynamic,event,/events/newport-junior-parkrun,Newport Junior Parkrun,,,not_applicable,8,qa_needed,false,content-ops,,0,,partial,needs_review,,missing,needs_review,needs_review,not_applicable,needs_review,,,,,"Event ""Newport Junior Parkrun"" missing image | Event ""Newport Junior Parkrun"" has thin description",Audit gap: Source event image from operator or generate | Audit gap: Write proper event description,70,45
event-newport-parkrun,dynamic,event,/events/newport-parkrun,Newport Parkrun,,,not_applicable,8,qa_needed,false,content-ops,,0,,missing,missing,,needs_review,needs_review,needs_review,not_applicable,needs_review,,,,,"Event ""Newport Parkrun"" missing image",Audit gap: Source event image from operator or generate,55,25
event-newport-regatta,dynamic,event,/events/newport-regatta,Newport Regatta,,,not_applicable,8,qa_needed,false,content-ops,,0,,partial,needs_review,,missing,needs_review,needs_review,not_applicable,needs_review,,,,,"Event ""Newport Regatta"" missing image | Event ""Newport Regatta"" has thin description",Audit gap: Source event image from operator or generate | Audit gap: Write proper event description,70,45
event-newport-wetlands-guided-walks,dynamic,event,/events/newport-wetlands-guided-walks,Newport Wetlands Guided Walks,,,not_applicable,8,qa_needed,false,content-ops,,0,,partial,needs_review,,missing,needs_review,needs_review,not_applicable,needs_review,,,,,"Event ""Newport Wetlands Guided Walks"" missing image | Event ""Newport Wetlands Guided Walks"" has thin description",Audit gap: Source event image from operator or generate | Audit gap: Write proper event description,70,45
event-newtown-farmers-market,dynamic,event,/events/newtown-farmers-market,Newtown Farmers Market,,,not_applicable,8,qa_needed,false,content-ops,,0,,missing,missing,,needs_review,needs_review,needs_review,not_applicable,needs_review,,,,,"Event ""Newtown Farmers Market"" missing image",Audit gap: Source event image from operator or generate,55,25
event-newtown-food-festival,dynamic,event,/events/newtown-food-festival,Newtown Food Festival,,,not_applicable,8,qa_needed,false,content-ops,,0,,missing,missing,,needs_review,needs_review,needs_review,not_applicable,needs_review,,,,,"Event ""Newtown Food Festival"" missing image",Audit gap: Source event image from operator or generate,55,25
event-newtown-junior-parkrun,dynamic,event,/events/newtown-junior-parkrun,Newtown Junior Parkrun,,,not_applicable,8,qa_needed,false,content-ops,,0,,partial,needs_review,,missing,needs_review,needs_review,not_applicable,needs_review,,,,,"Event ""Newtown Junior Parkrun"" missing image | Event ""Newtown Junior Parkrun"" has thin description",Audit gap: Source event image from operator or generate | Audit gap: Write proper event description,70,45
event-newtown-parkrun,dynamic,event,/events/newtown-parkrun,Newtown Parkrun,,,not_applicable,8,qa_needed,false,content-ops,,0,,missing,missing,,needs_review,needs_review,needs_review,not_applicable,needs_review,,,,,"Event ""Newtown Parkrun"" missing image",Audit gap: Source event image from operator or generate,55,25
event-newtown-santa-run-santa-fun-run,dynamic,event,/events/newtown-santa-run-santa-fun-run,Newtown Santa Run Santa Fun Run,,,not_applicable,8,qa_needed,false,content-ops,,0,,partial,needs_review,,missing,needs_review,needs_review,not_applicable,needs_review,,,,,"Event ""Newtown Santa Run Santa Fun Run"" missing image | Event ""Newtown Santa Run Santa Fun Run"" has thin description",Audit gap: Source event image from operator or generate | Audit gap: Write proper event description,70,45
event-newtown-triathlon,dynamic,event,/events/newtown-triathlon,Newtown Triathlon,,,not_applicable,8,qa_needed,false,content-ops,,0,,partial,needs_review,,missing,needs_review,needs_review,not_applicable,needs_review,,,,,"Event ""Newtown Triathlon"" missing image | Event ""Newtown Triathlon"" has thin description",Audit gap: Source event image from operator or generate | Audit gap: Write proper event description,70,45
event-nick-beer-llandudno-10k-2026,dynamic,event,/events/nick-beer-llandudno-10k-2026,Nick Beer Llandudno 10k 2026,,,not_applicable,8,qa_needed,false,content-ops,,0,,partial,needs_review,,missing,needs_review,needs_review,not_applicable,needs_review,,,,,"Event ""Nick Beer Llandudno 10k 2026"" missing image | Event ""Nick Beer Llandudno 10k 2026"" has thin description",Audit gap: Source event image from operator or generate | Audit gap: Write proper event description,70,45
event-nolton-roch-show,dynamic,event,/events/nolton-roch-show,Nolton Roch Show,,,not_applicable,8,qa_needed,false,content-ops,,0,,missing,missing,,needs_review,needs_review,needs_review,not_applicable,needs_review,,,,,"Event ""Nolton & Roch Show"" missing image",Audit gap: Source event image from operator or generate,55,25
event-north-wales-international-music-festival,dynamic,event,/events/north-wales-international-music-festival,North Wales International Music Festival,,,not_applicable,8,qa_needed,false,content-ops,,0,,missing,missing,,needs_review,needs_review,needs_review,not_applicable,needs_review,,,,,"Event ""North Wales International Music Festival"" missing image",Audit gap: Source event image from operator or generate,55,25
event-north-wales-pride,dynamic,event,/events/north-wales-pride,North Wales Pride,,,not_applicable,8,qa_needed,false,content-ops,,0,,partial,needs_review,,missing,needs_review,needs_review,not_applicable,needs_review,,,,,"Event ""North Wales Pride"" missing image | Event ""North Wales Pride"" has thin description",Audit gap: Source event image from operator or generate | Audit gap: Write proper event description,70,45
event-ocean-film-festival-tour-wales,dynamic,event,/events/ocean-film-festival-tour-wales,Ocean Film Festival Tour Wales,,,not_applicable,8,qa_needed,false,content-ops,,0,,missing,missing,,needs_review,needs_review,needs_review,not_applicable,needs_review,,,,,"Event ""Ocean Film Festival Tour (Wales)"" missing image",Audit gap: Source event image from operator or generate,55,25
event-ogwen-yr-helgi-du-2026,dynamic,event,/events/ogwen-yr-helgi-du-2026,Ogwen Yr Helgi Du 2026,,,not_applicable,8,qa_needed,false,content-ops,,0,,partial,needs_review,,missing,needs_review,needs_review,not_applicable,needs_review,,,,,"Event ""Ogwen | Yr Helgi Du 2026"" missing image | Event ""Ogwen | Yr Helgi Du 2026"" has thin description",Audit gap: Source event image from operator or generate | Audit gap: Write proper event description,70,45
event-open5-wales,dynamic,event,/events/open5-wales,Open5 Wales,,,not_applicable,8,qa_needed,false,content-ops,,0,,missing,missing,,needs_review,needs_review,needs_review,not_applicable,needs_review,,,,,"Event ""Open5 Adventure Race"" missing image",Audit gap: Source event image from operator or generate,55,25
event-pembroke-farmers-market,dynamic,event,/events/pembroke-farmers-market,Pembroke Farmers Market,,,not_applicable,8,qa_needed,false,content-ops,,0,,missing,missing,,needs_review,needs_review,needs_review,not_applicable,needs_review,,,,,"Event ""Pembroke Farmers Market"" missing image",Audit gap: Source event image from operator or generate,55,25
event-pembroke-farmers-show,dynamic,event,/events/pembroke-farmers-show,Pembroke Farmers Show,,,not_applicable,8,qa_needed,false,content-ops,,0,,missing,missing,,needs_review,needs_review,needs_review,not_applicable,needs_review,,,,,"Event ""Pembroke Farmers Show"" missing image",Audit gap: Source event image from operator or generate,55,25
event-pembrokeshire-coast-tri,dynamic,event,/events/pembrokeshire-coast-tri,Pembrokeshire Coast Tri,,,not_applicable,8,qa_needed,false,content-ops,,0,,partial,needs_review,,missing,needs_review,needs_review,not_applicable,needs_review,,,,,"Event ""Pembrokeshire Coast Triathlon"" missing image | Event ""Pembrokeshire Coast Triathlon"" has thin description",Audit gap: Source event image from operator or generate | Audit gap: Write proper event description,70,45
event-pembrokeshire-county-show,dynamic,event,/events/pembrokeshire-county-show,Pembrokeshire County Show,,,not_applicable,8,qa_needed,false,content-ops,,0,,missing,missing,,needs_review,needs_review,needs_review,not_applicable,needs_review,,,,,"Event ""Pembrokeshire County Show"" missing image",Audit gap: Source event image from operator or generate,55,25
event-pembrokeshire-fish-week,dynamic,event,/events/pembrokeshire-fish-week,Pembrokeshire Fish Week,,,not_applicable,8,qa_needed,false,content-ops,,0,,partial,needs_review,,missing,needs_review,needs_review,not_applicable,needs_review,,,,,"Event ""Pembrokeshire Fish Week"" missing image | Event ""Pembrokeshire Fish Week"" has thin description",Audit gap: Source event image from operator or generate | Audit gap: Write proper event description,70,45
event-pembrokeshire-pumpkins-pumpkin-picking,dynamic,event,/events/pembrokeshire-pumpkins-pumpkin-picking,Pembrokeshire Pumpkins Pumpkin Picking,,,not_applicable,8,qa_needed,false,content-ops,,0,,partial,needs_review,,missing,needs_review,needs_review,not_applicable,needs_review,,,,,"Event ""Pembrokeshire Pumpkins Pumpkin Picking"" missing image | Event ""Pembrokeshire Pumpkins Pumpkin Picking"" has thin description",Audit gap: Source event image from operator or generate | Audit gap: Write proper event description,70,45
event-penallta-parkrun,dynamic,event,/events/penallta-parkrun,Penallta Parkrun,,,not_applicable,8,qa_needed,false,content-ops,,0,,missing,missing,,needs_review,needs_review,needs_review,not_applicable,needs_review,,,,,"Event ""Penallta Parkrun"" missing image",Audit gap: Source event image from operator or generate,55,25
event-penrhyn-castle-easter-hunt-easter-egg-hunt,dynamic,event,/events/penrhyn-castle-easter-hunt-easter-egg-hunt,Penrhyn Castle Easter Hunt Easter Egg Hunt,,,not_applicable,8,qa_needed,false,content-ops,,0,,partial,needs_review,,missing,needs_review,needs_review,not_applicable,needs_review,,,,,"Event ""Penrhyn Castle Easter Hunt Easter Egg Hunt"" missing image | Event ""Penrhyn Castle Easter Hunt Easter Egg Hunt"" has thin description",Audit gap: Source event image from operator or generate | Audit gap: Write proper event description,70,45
event-penrhyn-parkrun,dynamic,event,/events/penrhyn-parkrun,Penrhyn Parkrun,,,not_applicable,8,qa_needed,false,content-ops,,0,,missing,missing,,needs_review,needs_review,needs_review,not_applicable,needs_review,,,,,"Event ""Penrhyn Parkrun"" missing image",Audit gap: Source event image from operator or generate,55,25
event-penybont-show,dynamic,event,/events/penybont-show,Penybont Show,,,not_applicable,8,qa_needed,false,content-ops,,0,,missing,missing,,needs_review,needs_review,needs_review,not_applicable,needs_review,,,,,"Event ""Penybont Show"" missing image",Audit gap: Source event image from operator or generate,55,25
event-plas-newydd-easter-hunt-easter-egg-hunt,dynamic,event,/events/plas-newydd-easter-hunt-easter-egg-hunt,Plas Newydd Easter Hunt Easter Egg Hunt,,,not_applicable,8,qa_needed,false,content-ops,,0,,partial,needs_review,,missing,needs_review,needs_review,not_applicable,needs_review,,,,,"Event ""Plas Newydd Easter Hunt Easter Egg Hunt"" missing image | Event ""Plas Newydd Easter Hunt Easter Egg Hunt"" has thin description",Audit gap: Source event image from operator or generate | Audit gap: Write proper event description,70,45
event-pontardawe-festival,dynamic,event,/events/pontardawe-festival,Pontardawe Festival,,,not_applicable,8,qa_needed,false,content-ops,,0,,partial,needs_review,,missing,needs_review,needs_review,not_applicable,needs_review,,,,,"Event ""Pontardawe Festival"" missing image | Event ""Pontardawe Festival"" has thin description",Audit gap: Source event image from operator or generate | Audit gap: Write proper event description,70,45
event-pontarddulais-agricultural-show,dynamic,event,/events/pontarddulais-agricultural-show,Pontarddulais Agricultural Show,,,not_applicable,8,qa_needed,false,content-ops,,0,,missing,missing,,needs_review,needs_review,needs_review,not_applicable,needs_review,,,,,"Event ""Pontarddulais Agricultural Show"" missing image",Audit gap: Source event image from operator or generate,55,25
event-pontypool-parkrun,dynamic,event,/events/pontypool-parkrun,Pontypool Parkrun,,,not_applicable,8,qa_needed,false,content-ops,,0,,missing,missing,,needs_review,needs_review,needs_review,not_applicable,needs_review,,,,,"Event ""Pontypool Parkrun"" missing image",Audit gap: Source event image from operator or generate,55,25
event-pontypool-santa-run-santa-fun-run,dynamic,event,/events/pontypool-santa-run-santa-fun-run,Pontypool Santa Run Santa Fun Run,,,not_applicable,8,qa_needed,false,content-ops,,0,,partial,needs_review,,missing,needs_review,needs_review,not_applicable,needs_review,,,,,"Event ""Pontypool Santa Run Santa Fun Run"" missing image | Event ""Pontypool Santa Run Santa Fun Run"" has thin description",Audit gap: Source event image from operator or generate | Audit gap: Write proper event description,70,45
event-pontypridd-big-bite,dynamic,event,/events/pontypridd-big-bite,Pontypridd Big Bite,,,not_applicable,8,qa_needed,false,content-ops,,0,,missing,missing,,needs_review,needs_review,needs_review,not_applicable,needs_review,,,,,"Event ""Pontypridd Big Bite"" missing image",Audit gap: Source event image from operator or generate,55,25
event-pontypridd-fireworks-fireworks-display,dynamic,event,/events/pontypridd-fireworks-fireworks-display,Pontypridd Fireworks Fireworks Display,,,not_applicable,8,qa_needed,false,content-ops,,0,,partial,needs_review,,missing,needs_review,needs_review,not_applicable,needs_review,,,,,"Event ""Pontypridd Fireworks Fireworks Display"" missing image | Event ""Pontypridd Fireworks Fireworks Display"" has thin description",Audit gap: Source event image from operator or generate | Audit gap: Write proper event description,70,45
event-pontypridd-junior-parkrun,dynamic,event,/events/pontypridd-junior-parkrun,Pontypridd Junior Parkrun,,,not_applicable,8,qa_needed,false,content-ops,,0,,missing,missing,,needs_review,needs_review,needs_review,not_applicable,needs_review,,,,,"Event ""Pontypridd Junior Parkrun"" missing image",Audit gap: Source event image from operator or generate,55,25
event-pontypridd-parkrun,dynamic,event,/events/pontypridd-parkrun,Pontypridd Parkrun,,,not_applicable,8,qa_needed,false,content-ops,,0,,missing,missing,,needs_review,needs_review,needs_review,not_applicable,needs_review,,,,,"Event ""Pontypridd Parkrun"" missing image",Audit gap: Source event image from operator or generate,55,25
event-porthcawl-10k,dynamic,event,/events/porthcawl-10k,Porthcawl 10k,,,not_applicable,8,qa_needed,false,content-ops,,0,,missing,missing,,needs_review,needs_review,needs_review,not_applicable,needs_review,,,,,"Event ""Porthcawl 10K"" missing image",Audit gap: Source event image from operator or generate,55,25
event-porthcawl-10k-2026,dynamic,event,/events/porthcawl-10k-2026,Porthcawl 10k 2026,,,not_applicable,8,qa_needed,false,content-ops,,0,,missing,missing,,needs_review,needs_review,needs_review,not_applicable,needs_review,,,,,"Event ""Porthcawl 10K 2026"" missing image",Audit gap: Source event image from operator or generate,55,25
event-porthcawl-christmas-day-swim,dynamic,event,/events/porthcawl-christmas-day-swim,Porthcawl Christmas Day Swim,,,not_applicable,8,qa_needed,false,content-ops,,0,,partial,needs_review,,missing,needs_review,needs_review,not_applicable,needs_review,,,,,"Event ""Porthcawl Christmas Day Swim"" missing image | Event ""Porthcawl Christmas Day Swim"" has thin description",Audit gap: Source event image from operator or generate | Audit gap: Write proper event description,70,45
event-porthcawl-christmas-swim,dynamic,event,/events/porthcawl-christmas-swim,Porthcawl Christmas Swim,,,not_applicable,8,qa_needed,false,content-ops,,0,,missing,missing,,needs_review,needs_review,needs_review,not_applicable,needs_review,,,,,"Event ""Porthcawl Christmas Swim"" missing image",Audit gap: Source event image from operator or generate,55,25
event-porthcawl-jazz-festival,dynamic,event,/events/porthcawl-jazz-festival,Porthcawl Jazz Festival,,,not_applicable,8,qa_needed,false,content-ops,,0,,missing,missing,,needs_review,needs_review,needs_review,not_applicable,needs_review,,,,,"Event ""Porthcawl Jazz Festival"" missing image",Audit gap: Source event image from operator or generate,55,25
event-porthcawl-junior-parkrun,dynamic,event,/events/porthcawl-junior-parkrun,Porthcawl Junior Parkrun,,,not_applicable,8,qa_needed,false,content-ops,,0,,missing,missing,,needs_review,needs_review,needs_review,not_applicable,needs_review,,,,,"Event ""Porthcawl Junior Parkrun"" missing image",Audit gap: Source event image from operator or generate,55,25
event-porthcawl-longboard-classic,dynamic,event,/events/porthcawl-longboard-classic,Porthcawl Longboard Classic,,,not_applicable,8,qa_needed,false,content-ops,,0,,partial,needs_review,,missing,needs_review,needs_review,not_applicable,needs_review,,,,,"Event ""Porthcawl Longboard Classic"" missing image | Event ""Porthcawl Longboard Classic"" has thin description",Audit gap: Source event image from operator or generate | Audit gap: Write proper event description,70,45
event-porthcawl-parkrun,dynamic,event,/events/porthcawl-parkrun,Porthcawl Parkrun,,,not_applicable,8,qa_needed,false,content-ops,,0,,missing,missing,,needs_review,needs_review,needs_review,not_applicable,needs_review,,,,,"Event ""Porthcawl Parkrun"" missing image",Audit gap: Source event image from operator or generate,55,25
event-porthcawl-triathlon,dynamic,event,/events/porthcawl-triathlon,Porthcawl Triathlon,,,not_applicable,8,qa_needed,false,content-ops,,0,,partial,needs_review,,missing,needs_review,needs_review,not_applicable,needs_review,,,,,"Event ""Porthcawl Triathlon"" missing image | Event ""Porthcawl Triathlon"" has thin description",Audit gap: Source event image from operator or generate | Audit gap: Write proper event description,70,45
event-portmeirion-food-and-craft-fair,dynamic,event,/events/portmeirion-food-and-craft-fair,Portmeirion Food And Craft Fair,,,not_applicable,8,qa_needed,false,content-ops,,0,,partial,needs_review,,missing,needs_review,needs_review,not_applicable,needs_review,,,,,"Event ""Portmeirion Food and Craft Fair"" missing image | Event ""Portmeirion Food and Craft Fair"" has thin description",Audit gap: Source event image from operator or generate | Audit gap: Write proper event description,70,45
event-portmeirion-food-craft-fair,dynamic,event,/events/portmeirion-food-craft-fair,Portmeirion Food Craft Fair,,,not_applicable,8,qa_needed,false,content-ops,,0,,missing,missing,,needs_review,needs_review,needs_review,not_applicable,needs_review,,,,,"Event ""Portmeirion Food & Craft Fair"" missing image",Audit gap: Source event image from operator or generate,55,25
event-powell-s-farm-pumpkin-picking,dynamic,event,/events/powell-s-farm-pumpkin-picking,Powell S Farm Pumpkin Picking,,,not_applicable,8,qa_needed,false,content-ops,,0,,partial,needs_review,,missing,needs_review,needs_review,not_applicable,needs_review,,,,,"Event ""Powell's Farm Pumpkin Picking"" missing image | Event ""Powell's Farm Pumpkin Picking"" has thin description",Audit gap: Source event image from operator or generate | Audit gap: Write proper event description,70,45
event-powis-castle-easter-hunt-easter-egg-hunt,dynamic,event,/events/powis-castle-easter-hunt-easter-egg-hunt,Powis Castle Easter Hunt Easter Egg Hunt,,,not_applicable,8,qa_needed,false,content-ops,,0,,partial,needs_review,,missing,needs_review,needs_review,not_applicable,needs_review,,,,,"Event ""Powis Castle Easter Hunt Easter Egg Hunt"" missing image | Event ""Powis Castle Easter Hunt Easter Egg Hunt"" has thin description",Audit gap: Source event image from operator or generate | Audit gap: Write proper event description,70,45
event-prestatyn-walking-festival,dynamic,event,/events/prestatyn-walking-festival,Prestatyn Walking Festival,,,not_applicable,8,qa_needed,false,content-ops,,0,,missing,missing,,needs_review,needs_review,needs_review,not_applicable,needs_review,,,,,"Event ""Prestatyn Walking Festival"" missing image",Audit gap: Source event image from operator or generate,55,25
event-presteigne-festival,dynamic,event,/events/presteigne-festival,Presteigne Festival,,,not_applicable,8,qa_needed,false,content-ops,,0,,partial,needs_review,,missing,needs_review,needs_review,not_applicable,needs_review,,,,,"Event ""Presteigne Festival"" missing image | Event ""Presteigne Festival"" has thin description",Audit gap: Source event image from operator or generate | Audit gap: Write proper event description,70,45
event-presteigne-norton-show,dynamic,event,/events/presteigne-norton-show,Presteigne Norton Show,,,not_applicable,8,qa_needed,false,content-ops,,0,,missing,missing,,needs_review,needs_review,needs_review,not_applicable,needs_review,,,,,"Event ""Presteigne & Norton Show"" missing image",Audit gap: Source event image from operator or generate,55,25
event-pride-cymru,dynamic,event,/events/pride-cymru,Pride Cymru,,,not_applicable,8,qa_needed,false,content-ops,,0,,missing,missing,,needs_review,needs_review,needs_review,not_applicable,needs_review,,,,,"Event ""Pride Cymru"" missing image",Audit gap: Source event image from operator or generate,55,25
event-pumsaint-show,dynamic,event,/events/pumsaint-show,Pumsaint Show,,,not_applicable,8,qa_needed,false,content-ops,,0,,missing,missing,,needs_review,needs_review,needs_review,not_applicable,needs_review,,,,,"Event ""Pumsaint Show"" missing image",Audit gap: Source event image from operator or generate,55,25
event-pwllheli-regatta,dynamic,event,/events/pwllheli-regatta,Pwllheli Regatta,,,not_applicable,8,qa_needed,false,content-ops,,0,,partial,needs_review,,missing,needs_review,needs_review,not_applicable,needs_review,,,,,"Event ""Pwllheli Regatta"" missing image | Event ""Pwllheli Regatta"" has thin description",Audit gap: Source event image from operator or generate | Audit gap: Write proper event description,70,45
event-quest-wales,dynamic,event,/events/quest-wales,Quest Wales,,,not_applicable,8,qa_needed,false,content-ops,,0,,partial,needs_review,,missing,needs_review,needs_review,not_applicable,needs_review,,,,,"Event ""Quest Wales"" missing image | Event ""Quest Wales"" has thin description",Audit gap: Source event image from operator or generate | Audit gap: Write proper event description,70,45
event-rabbit-run-wales,dynamic,event,/events/rabbit-run-wales,Rabbit Run Wales,,,not_applicable,8,qa_needed,false,content-ops,,0,,missing,missing,,needs_review,needs_review,needs_review,not_applicable,needs_review,,,,,"Event ""Rabbit Run Wales"" missing image",Audit gap: Source event image from operator or generate,55,25
event-rabbit-run-wales-2026,dynamic,event,/events/rabbit-run-wales-2026,Rabbit Run Wales 2026,,,not_applicable,8,qa_needed,false,content-ops,,0,,partial,needs_review,,missing,needs_review,needs_review,not_applicable,needs_review,,,,,"Event ""Rabbit Run Wales 2026"" missing image | Event ""Rabbit Run Wales 2026"" has thin description",Audit gap: Source event image from operator or generate | Audit gap: Write proper event description,70,45
event-radnor-valley-show,dynamic,event,/events/radnor-valley-show,Radnor Valley Show,,,not_applicable,8,qa_needed,false,content-ops,,0,,missing,missing,,needs_review,needs_review,needs_review,not_applicable,needs_review,,,,,"Event ""Radnor Valley Show"" missing image",Audit gap: Source event image from operator or generate,55,25
event-real-ale-ramble,dynamic,event,/events/real-ale-ramble,Real Ale Ramble,,,not_applicable,8,qa_needed,false,content-ops,,0,,partial,needs_review,,missing,needs_review,needs_review,not_applicable,needs_review,,,,,"Event ""Real Ale Ramble"" missing image | Event ""Real Ale Ramble"" has thin description",Audit gap: Source event image from operator or generate | Audit gap: Write proper event description,70,45
event-real-ale-wobble,dynamic,event,/events/real-ale-wobble,Real Ale Wobble,,,not_applicable,8,qa_needed,false,content-ops,,0,,partial,needs_review,,missing,needs_review,needs_review,not_applicable,needs_review,,,,,"Event ""Real Ale Wobble"" missing image | Event ""Real Ale Wobble"" has thin description",Audit gap: Source event image from operator or generate | Audit gap: Write proper event description,70,45
event-red-bull-cliff-diving,dynamic,event,/events/red-bull-cliff-diving,Red Bull Cliff Diving,,,not_applicable,8,qa_needed,false,content-ops,,0,,partial,needs_review,,missing,needs_review,needs_review,not_applicable,needs_review,,,,,"Event ""Red Bull Cliff Diving"" missing image | Event ""Red Bull Cliff Diving"" has thin description",Audit gap: Source event image from operator or generate | Audit gap: Write proper event description,70,45
event-rhandirmwyn-show,dynamic,event,/events/rhandirmwyn-show,Rhandirmwyn Show,,,not_applicable,8,qa_needed,false,content-ops,,0,,missing,missing,,needs_review,needs_review,needs_review,not_applicable,needs_review,,,,,"Event ""Rhandirmwyn Show"" missing image",Audit gap: Source event image from operator or generate,55,25
event-rhayader-show,dynamic,event,/events/rhayader-show,Rhayader Show,,,not_applicable,8,qa_needed,false,content-ops,,0,,missing,missing,,needs_review,needs_review,needs_review,not_applicable,needs_review,,,,,"Event ""Rhayader Show"" missing image",Audit gap: Source event image from operator or generate,55,25
event-rhyl-air-show,dynamic,event,/events/rhyl-air-show,Rhyl Air Show,,,not_applicable,8,qa_needed,false,content-ops,,0,,missing,missing,,needs_review,needs_review,needs_review,not_applicable,needs_review,,,,,"Event ""Rhyl Air Show"" missing image",Audit gap: Source event image from operator or generate,55,25
event-rhyl-boxing-day-dip,dynamic,event,/events/rhyl-boxing-day-dip,Rhyl Boxing Day Dip,,,not_applicable,8,qa_needed,false,content-ops,,0,,partial,needs_review,,missing,needs_review,needs_review,not_applicable,needs_review,,,,,"Event ""Rhyl Boxing Day Dip"" missing image | Event ""Rhyl Boxing Day Dip"" has thin description",Audit gap: Source event image from operator or generate | Audit gap: Write proper event description,70,45
event-river-wye-canoe-race,dynamic,event,/events/river-wye-canoe-race,River Wye Canoe Race,,,not_applicable,8,qa_needed,false,content-ops,,0,,partial,needs_review,,missing,needs_review,needs_review,not_applicable,needs_review,,,,,"Event ""River Wye Canoe Race"" missing image | Event ""River Wye Canoe Race"" has thin description",Audit gap: Source event image from operator or generate | Audit gap: Write proper event description,70,45
event-rock-the-park-wrexham,dynamic,event,/events/rock-the-park-wrexham,Rock The Park Wrexham,,,not_applicable,8,qa_needed,false,content-ops,,0,,missing,missing,,needs_review,needs_review,needs_review,not_applicable,needs_review,,,,,"Event ""Rock the Park Wrexham"" missing image",Audit gap: Source event image from operator or generate,55,25
event-rogiet-parkrun,dynamic,event,/events/rogiet-parkrun,Rogiet Parkrun,,,not_applicable,8,qa_needed,false,content-ops,,0,,missing,missing,,needs_review,needs_review,needs_review,not_applicable,needs_review,,,,,"Event ""Rogiet Parkrun"" missing image",Audit gap: Source event image from operator or generate,55,25
event-royal-welsh-agricultural-show,dynamic,event,/events/royal-welsh-agricultural-show,Royal Welsh Agricultural Show,,,not_applicable,8,qa_needed,false,content-ops,,0,,missing,missing,,needs_review,needs_review,needs_review,not_applicable,needs_review,,,,,"Event ""Royal Welsh Agricultural Show"" missing image",Audit gap: Source event image from operator or generate,55,25
event-royal-welsh-show,dynamic,event,/events/royal-welsh-show,Royal Welsh Show,,,not_applicable,8,qa_needed,false,content-ops,,0,,missing,missing,,needs_review,needs_review,needs_review,not_applicable,needs_review,,,,,"Event ""Royal Welsh Show"" missing image",Audit gap: Source event image from operator or generate,55,25
event-royal-welsh-smallholding-and-countryside-festival,dynamic,event,/events/royal-welsh-smallholding-and-countryside-festival,Royal Welsh Smallholding And Countryside Festival,,,not_applicable,8,qa_needed,false,content-ops,,0,,partial,needs_review,,missing,needs_review,needs_review,not_applicable,needs_review,,,,,"Event ""Royal Welsh Smallholding and Countryside Festival"" missing image | Event ""Royal Welsh Smallholding and Countryside Festival"" has thin description",Audit gap: Source event image from operator or generate | Audit gap: Write proper event description,70,45
event-royal-welsh-spring-festival,dynamic,event,/events/royal-welsh-spring-festival,Royal Welsh Spring Festival,,,not_applicable,8,qa_needed,false,content-ops,,0,,partial,needs_review,,missing,needs_review,needs_review,not_applicable,needs_review,,,,,"Event ""Royal Welsh Spring Festival"" missing image | Event ""Royal Welsh Spring Festival"" has thin description",Audit gap: Source event image from operator or generate | Audit gap: Write proper event description,70,45
event-royal-welsh-winter-fair,dynamic,event,/events/royal-welsh-winter-fair,Royal Welsh Winter Fair,,,not_applicable,8,qa_needed,false,content-ops,,0,,missing,missing,,needs_review,needs_review,needs_review,not_applicable,needs_review,,,,,"Event ""Royal Welsh Winter Fair"" missing image",Audit gap: Source event image from operator or generate,55,25
event-rspb-conwy-guided-walks,dynamic,event,/events/rspb-conwy-guided-walks,Rspb Conwy Guided Walks,,,not_applicable,8,qa_needed,false,content-ops,,0,,partial,needs_review,,missing,needs_review,needs_review,not_applicable,needs_review,,,,,"Event ""RSPB Conwy Guided Walks"" missing image | Event ""RSPB Conwy Guided Walks"" has thin description",Audit gap: Source event image from operator or generate | Audit gap: Write proper event description,70,45
event-ruthin-festival,dynamic,event,/events/ruthin-festival,Ruthin Festival,,,not_applicable,8,qa_needed,false,content-ops,,0,,partial,needs_review,,missing,needs_review,needs_review,not_applicable,needs_review,,,,,"Event ""Ruthin Festival"" missing image | Event ""Ruthin Festival"" has thin description",Audit gap: Source event image from operator or generate | Audit gap: Write proper event description,70,45
event-ruthin-triathlon,dynamic,event,/events/ruthin-triathlon,Ruthin Triathlon,,,not_applicable,8,qa_needed,false,content-ops,,0,,partial,needs_review,,missing,needs_review,needs_review,not_applicable,needs_review,,,,,"Event ""Ruthin Triathlon"" missing image | Event ""Ruthin Triathlon"" has thin description",Audit gap: Source event image from operator or generate | Audit gap: Write proper event description,70,45
event-sandman-legend-triathlon,dynamic,event,/events/sandman-legend-triathlon,Sandman Legend Triathlon,,,not_applicable,8,qa_needed,false,content-ops,,0,,partial,needs_review,,missing,needs_review,needs_review,not_applicable,needs_review,,,,,"Event ""Sandman Legend"" missing image | Event ""Sandman Legend"" has thin description",Audit gap: Source event image from operator or generate | Audit gap: Write proper event description,70,45
event-sandman-sprint-triathlon,dynamic,event,/events/sandman-sprint-triathlon,Sandman Sprint Triathlon,,,not_applicable,8,qa_needed,false,content-ops,,0,,partial,needs_review,,missing,needs_review,needs_review,not_applicable,needs_review,,,,,"Event ""Sandman Sprint"" missing image | Event ""Sandman Sprint"" has thin description",Audit gap: Source event image from operator or generate | Audit gap: Write proper event description,70,45
event-sandman-triathlon,dynamic,event,/events/sandman-triathlon,Sandman Triathlon,,,not_applicable,8,qa_needed,false,content-ops,,0,,missing,missing,,needs_review,needs_review,needs_review,not_applicable,needs_review,,,,,"Event ""Sandman Triathlon"" missing image",Audit gap: Source event image from operator or generate,55,25
event-santa-express-welsh-highland,dynamic,event,/events/santa-express-welsh-highland,Santa Express Welsh Highland,,,not_applicable,8,qa_needed,false,content-ops,,0,,missing,missing,,needs_review,needs_review,needs_review,not_applicable,needs_review,,,,,"Event ""Santa Express Welsh Highland Railway"" missing image",Audit gap: Source event image from operator or generate,55,25
event-saundersfoot-new-year-s-day-swim,dynamic,event,/events/saundersfoot-new-year-s-day-swim,Saundersfoot New Year S Day Swim,,,not_applicable,8,qa_needed,false,content-ops,,0,,missing,missing,,needs_review,needs_review,needs_review,not_applicable,needs_review,,,,,"Event ""Saundersfoot New Year's Day Swim"" missing image",Audit gap: Source event image from operator or generate,55,25
event-saundersfoot-nyd-swim,dynamic,event,/events/saundersfoot-nyd-swim,Saundersfoot Nyd Swim,,,not_applicable,8,qa_needed,false,content-ops,,0,,missing,missing,,needs_review,needs_review,needs_review,not_applicable,needs_review,,,,,"Event ""Saundersfoot NYD Swim"" missing image",Audit gap: Source event image from operator or generate,55,25
event-saundersfoot-regatta,dynamic,event,/events/saundersfoot-regatta,Saundersfoot Regatta,,,not_applicable,8,qa_needed,false,content-ops,,0,,partial,needs_review,,missing,needs_review,needs_review,not_applicable,needs_review,,,,,"Event ""Saundersfoot Regatta"" missing image | Event ""Saundersfoot Regatta"" has thin description",Audit gap: Source event image from operator or generate | Audit gap: Write proper event description,70,45
event-saundersfoot-sprint-triathlon,dynamic,event,/events/saundersfoot-sprint-triathlon,Saundersfoot Sprint Triathlon,,,not_applicable,8,qa_needed,false,content-ops,,0,,partial,needs_review,,missing,needs_review,needs_review,not_applicable,needs_review,,,,,"Event ""Saundersfoot Sprint"" missing image | Event ""Saundersfoot Sprint"" has thin description",Audit gap: Source event image from operator or generate | Audit gap: Write proper event description,70,45
event-saundersfoot-swim,dynamic,event,/events/saundersfoot-swim,Saundersfoot Swim,,,not_applicable,8,qa_needed,false,content-ops,,0,,partial,needs_review,,missing,needs_review,needs_review,not_applicable,needs_review,,,,,"Event ""Saundersfoot Swim"" missing image | Event ""Saundersfoot Swim"" has thin description",Audit gap: Source event image from operator or generate | Audit gap: Write proper event description,70,45
event-saundersfoot-swim-2026,dynamic,event,/events/saundersfoot-swim-2026,Saundersfoot Swim 2026,,,not_applicable,8,qa_needed,false,content-ops,,0,,missing,missing,,needs_review,needs_review,needs_review,not_applicable,needs_review,,,,,"Event ""Saundersfoot Swim"" missing image",Audit gap: Source event image from operator or generate,55,25
event-saundersfoot-triathlon,dynamic,event,/events/saundersfoot-triathlon,Saundersfoot Triathlon,,,not_applicable,8,qa_needed,false,content-ops,,0,,missing,missing,,needs_review,needs_review,needs_review,not_applicable,needs_review,,,,,"Event ""Saundersfoot Triathlon"" missing image",Audit gap: Source event image from operator or generate,55,25
event-saundersfoot-triathlon-2026,dynamic,event,/events/saundersfoot-triathlon-2026,Saundersfoot Triathlon 2026,,,not_applicable,8,qa_needed,false,content-ops,,0,,missing,missing,,needs_review,needs_review,needs_review,not_applicable,needs_review,,,,,"Event ""Saundersfoot Triathlon"" missing image",Audit gap: Source event image from operator or generate,55,25
event-seasonal-wildlife-spotting-at-bryngarw-country-park,dynamic,event,/events/seasonal-wildlife-spotting-at-bryngarw-country-park,Seasonal Wildlife Spotting At Bryngarw Country Park,,,not_applicable,8,qa_needed,false,content-ops,,0,,missing,missing,,needs_review,needs_review,needs_review,not_applicable,needs_review,,,,,"Event ""Seasonal Wildlife Spotting at Bryngarw Country Park"" missing image",Audit gap: Source event image from operator or generate,55,25
event-seasonal-wildlife-spotting-at-cosmeston-lakes-country-park,dynamic,event,/events/seasonal-wildlife-spotting-at-cosmeston-lakes-country-park,Seasonal Wildlife Spotting At Cosmeston Lakes Country Park,,,not_applicable,8,qa_needed,false,content-ops,,0,,missing,missing,,needs_review,needs_review,needs_review,not_applicable,needs_review,,,,,"Event ""Seasonal Wildlife Spotting at Cosmeston Lakes Country Park"" missing image",Audit gap: Source event image from operator or generate,55,25
event-seasonal-wildlife-spotting-at-gigrin-farm-red-kite-feeding-centre,dynamic,event,/events/seasonal-wildlife-spotting-at-gigrin-farm-red-kite-feeding-centre,Seasonal Wildlife Spotting At Gigrin Farm Red Kite Feeding Centre,,,not_applicable,8,qa_needed,false,content-ops,,0,,missing,missing,,needs_review,needs_review,needs_review,not_applicable,needs_review,,,,,"Event ""Seasonal Wildlife Spotting at Gigrin Farm Red Kite Feeding Centre"" missing image",Audit gap: Source event image from operator or generate,55,25
event-seasonal-wildlife-spotting-at-gnoll-estate-country-park,dynamic,event,/events/seasonal-wildlife-spotting-at-gnoll-estate-country-park,Seasonal Wildlife Spotting At Gnoll Estate Country Park,,,not_applicable,8,qa_needed,false,content-ops,,0,,missing,missing,,needs_review,needs_review,needs_review,not_applicable,needs_review,,,,,"Event ""Seasonal Wildlife Spotting at Gnoll Estate Country Park"" missing image",Audit gap: Source event image from operator or generate,55,25
event-seasonal-wildlife-spotting-at-margam-country-park,dynamic,event,/events/seasonal-wildlife-spotting-at-margam-country-park,Seasonal Wildlife Spotting At Margam Country Park,,,not_applicable,8,qa_needed,false,content-ops,,0,,missing,missing,,needs_review,needs_review,needs_review,not_applicable,needs_review,,,,,"Event ""Seasonal Wildlife Spotting at Margam Country Park"" missing image",Audit gap: Source event image from operator or generate,55,25
event-seasonal-wildlife-spotting-at-national-showcaves-centre-for-wales-dan-yr-ogof,dynamic,event,/events/seasonal-wildlife-spotting-at-national-showcaves-centre-for-wales-dan-yr-ogof,Seasonal Wildlife Spotting At National Showcaves Centre For Wales Dan Yr Ogof,,,not_applicable,8,qa_needed,false,content-ops,,0,,missing,missing,,needs_review,needs_review,needs_review,not_applicable,needs_review,,,,,"Event ""Seasonal Wildlife Spotting at National Showcaves Centre for Wales (Dan yr Ogof)"" missing image",Audit gap: Source event image from operator or generate,55,25
event-seasonal-wildlife-spotting-at-pembrey-country-park,dynamic,event,/events/seasonal-wildlife-spotting-at-pembrey-country-park,Seasonal Wildlife Spotting At Pembrey Country Park,,,not_applicable,8,qa_needed,false,content-ops,,0,,missing,missing,,needs_review,needs_review,needs_review,not_applicable,needs_review,,,,,"Event ""Seasonal Wildlife Spotting at Pembrey Country Park"" missing image",Audit gap: Source event image from operator or generate,55,25
event-seasonal-wildlife-spotting-at-rspb-conwy,dynamic,event,/events/seasonal-wildlife-spotting-at-rspb-conwy,Seasonal Wildlife Spotting At Rspb Conwy,,,not_applicable,8,qa_needed,false,content-ops,,0,,missing,missing,,needs_review,needs_review,needs_review,not_applicable,needs_review,,,,,"Event ""Seasonal Wildlife Spotting at RSPB Conwy"" missing image",Audit gap: Source event image from operator or generate,55,25
event-seasonal-wildlife-spotting-at-rspb-lake-vyrnwy,dynamic,event,/events/seasonal-wildlife-spotting-at-rspb-lake-vyrnwy,Seasonal Wildlife Spotting At Rspb Lake Vyrnwy,,,not_applicable,8,qa_needed,false,content-ops,,0,,missing,missing,,needs_review,needs_review,needs_review,not_applicable,needs_review,,,,,"Event ""Seasonal Wildlife Spotting at RSPB Lake Vyrnwy"" missing image",Audit gap: Source event image from operator or generate,55,25
event-seasonal-wildlife-spotting-at-rspb-newport-wetlands,dynamic,event,/events/seasonal-wildlife-spotting-at-rspb-newport-wetlands,Seasonal Wildlife Spotting At Rspb Newport Wetlands,,,not_applicable,8,qa_needed,false,content-ops,,0,,missing,missing,,needs_review,needs_review,needs_review,not_applicable,needs_review,,,,,"Event ""Seasonal Wildlife Spotting at RSPB Newport Wetlands"" missing image",Audit gap: Source event image from operator or generate,55,25
event-seasonal-wildlife-spotting-at-rspb-south-stack,dynamic,event,/events/seasonal-wildlife-spotting-at-rspb-south-stack,Seasonal Wildlife Spotting At Rspb South Stack,,,not_applicable,8,qa_needed,false,content-ops,,0,,missing,missing,,needs_review,needs_review,needs_review,not_applicable,needs_review,,,,,"Event ""Seasonal Wildlife Spotting at RSPB South Stack"" missing image",Audit gap: Source event image from operator or generate,55,25
event-seasonal-wildlife-spotting-at-rspb-ynys-hir,dynamic,event,/events/seasonal-wildlife-spotting-at-rspb-ynys-hir,Seasonal Wildlife Spotting At Rspb Ynys Hir,,,not_applicable,8,qa_needed,false,content-ops,,0,,missing,missing,,needs_review,needs_review,needs_review,not_applicable,needs_review,,,,,"Event ""Seasonal Wildlife Spotting at RSPB Ynys-hir"" missing image",Audit gap: Source event image from operator or generate,55,25
event-seasonal-wildlife-spotting-at-skomer-island,dynamic,event,/events/seasonal-wildlife-spotting-at-skomer-island,Seasonal Wildlife Spotting At Skomer Island,,,not_applicable,8,qa_needed,false,content-ops,,0,,missing,missing,,needs_review,needs_review,needs_review,not_applicable,needs_review,,,,,"Event ""Seasonal Wildlife Spotting at Skomer Island"" missing image",Audit gap: Source event image from operator or generate,55,25
event-seasonal-wildlife-spotting-at-stackpole-estate,dynamic,event,/events/seasonal-wildlife-spotting-at-stackpole-estate,Seasonal Wildlife Spotting At Stackpole Estate,,,not_applicable,8,qa_needed,false,content-ops,,0,,missing,missing,,needs_review,needs_review,needs_review,not_applicable,needs_review,,,,,"Event ""Seasonal Wildlife Spotting at Stackpole Estate"" missing image",Audit gap: Source event image from operator or generate,55,25
event-seasonal-wildlife-spotting-at-welsh-mountain-zoo,dynamic,event,/events/seasonal-wildlife-spotting-at-welsh-mountain-zoo,Seasonal Wildlife Spotting At Welsh Mountain Zoo,,,not_applicable,8,qa_needed,false,content-ops,,0,,missing,missing,,needs_review,needs_review,needs_review,not_applicable,needs_review,,,,,"Event ""Seasonal Wildlife Spotting at Welsh Mountain Zoo"" missing image",Audit gap: Source event image from operator or generate,55,25
event-seasonal-wildlife-spotting-at-welsh-wildlife-centre-cilgerran,dynamic,event,/events/seasonal-wildlife-spotting-at-welsh-wildlife-centre-cilgerran,Seasonal Wildlife Spotting At Welsh Wildlife Centre Cilgerran,,,not_applicable,8,qa_needed,false,content-ops,,0,,missing,missing,,needs_review,needs_review,needs_review,not_applicable,needs_review,,,,,"Event ""Seasonal Wildlife Spotting at Welsh Wildlife Centre (Cilgerran)"" missing image",Audit gap: Source event image from operator or generate,55,25
event-secret-santa-series,dynamic,event,/events/secret-santa-series,Secret Santa Series,,,not_applicable,8,qa_needed,false,content-ops,,0,,missing,missing,,needs_review,needs_review,needs_review,not_applicable,needs_review,,,,,"Event ""Secret Santa Series"" missing image",Audit gap: Source event image from operator or generate,55,25
event-sennybridge-show,dynamic,event,/events/sennybridge-show,Sennybridge Show,,,not_applicable,8,qa_needed,false,content-ops,,0,,missing,missing,,needs_review,needs_review,needs_review,not_applicable,needs_review,,,,,"Event ""Sennybridge Show"" missing image",Audit gap: Source event image from operator or generate,55,25
event-sesiwn-fawr-dolgellau,dynamic,event,/events/sesiwn-fawr-dolgellau,Sesiwn Fawr Dolgellau,,,not_applicable,8,qa_needed,false,content-ops,,0,,partial,needs_review,,missing,needs_review,needs_review,not_applicable,needs_review,,,,,"Event ""Sesiwn Fawr Dolgellau"" missing image | Event ""Sesiwn Fawr Dolgellau"" has thin description",Audit gap: Source event image from operator or generate | Audit gap: Write proper event description,70,45
event-severn-bridge-parkrun,dynamic,event,/events/severn-bridge-parkrun,Severn Bridge Parkrun,,,not_applicable,8,qa_needed,false,content-ops,,0,,missing,missing,,needs_review,needs_review,needs_review,not_applicable,needs_review,,,,,"Event ""Severn Bridge Parkrun"" missing image",Audit gap: Source event image from operator or generate,55,25
event-sinemaes,dynamic,event,/events/sinemaes,Sinemaes,,,not_applicable,8,qa_needed,false,content-ops,,0,,partial,needs_review,,missing,needs_review,needs_review,not_applicable,needs_review,,,,,"Event ""Sinemaes"" missing image | Event ""Sinemaes"" has thin description",Audit gap: Source event image from operator or generate | Audit gap: Write proper event description,70,45
event-slateman-legend-triathlon,dynamic,event,/events/slateman-legend-triathlon,Slateman Legend Triathlon,,,not_applicable,8,qa_needed,false,content-ops,,0,,partial,needs_review,,missing,needs_review,needs_review,not_applicable,needs_review,,,,,"Event ""Slateman Legend"" missing image | Event ""Slateman Legend"" has thin description",Audit gap: Source event image from operator or generate | Audit gap: Write proper event description,70,45
event-slateman-savage,dynamic,event,/events/slateman-savage,Slateman Savage,,,not_applicable,8,qa_needed,false,content-ops,,0,,partial,needs_review,,missing,needs_review,needs_review,not_applicable,needs_review,,,,,"Event ""Slateman Savage"" missing image | Event ""Slateman Savage"" has thin description",Audit gap: Source event image from operator or generate | Audit gap: Write proper event description,70,45
event-slateman-sprint-triathlon,dynamic,event,/events/slateman-sprint-triathlon,Slateman Sprint Triathlon,,,not_applicable,8,qa_needed,false,content-ops,,0,,partial,needs_review,,missing,needs_review,needs_review,not_applicable,needs_review,,,,,"Event ""Slateman Sprint"" missing image | Event ""Slateman Sprint"" has thin description",Audit gap: Source event image from operator or generate | Audit gap: Write proper event description,70,45
event-snowdonia-outdoor-festival,dynamic,event,/events/snowdonia-outdoor-festival,Snowdonia Outdoor Festival,,,not_applicable,8,qa_needed,false,content-ops,,0,,partial,needs_review,,missing,needs_review,needs_review,not_applicable,needs_review,,,,,"Event ""Snowdonia Outdoor Festival"" missing image | Event ""Snowdonia Outdoor Festival"" has thin description",Audit gap: Source event image from operator or generate | Audit gap: Write proper event description,70,45
event-snowdonia-trail-marathon-eryri,dynamic,event,/events/snowdonia-trail-marathon-eryri,Snowdonia Trail Marathon Eryri,,,not_applicable,8,qa_needed,false,content-ops,,0,,missing,missing,,needs_review,needs_review,needs_review,not_applicable,needs_review,,,,,"Event ""Snowdonia Trail Marathon Eryri"" missing image",Audit gap: Source event image from operator or generate,55,25
event-snowdonia-trail-marathon-eryri-2026,dynamic,event,/events/snowdonia-trail-marathon-eryri-2026,Snowdonia Trail Marathon Eryri 2026,,,not_applicable,8,qa_needed,false,content-ops,,0,,missing,missing,,needs_review,needs_review,needs_review,not_applicable,needs_review,,,,,"Event ""Snowdonia Trail Marathon Eryri 2026"" missing image",Audit gap: Source event image from operator or generate,55,25
event-snowman-legend-triathlon,dynamic,event,/events/snowman-legend-triathlon,Snowman Legend Triathlon,,,not_applicable,8,qa_needed,false,content-ops,,0,,partial,needs_review,,missing,needs_review,needs_review,not_applicable,needs_review,,,,,"Event ""Snowman Legend"" missing image | Event ""Snowman Legend"" has thin description",Audit gap: Source event image from operator or generate | Audit gap: Write proper event description,70,45
event-snowman-savage,dynamic,event,/events/snowman-savage,Snowman Savage,,,not_applicable,8,qa_needed,false,content-ops,,0,,partial,needs_review,,missing,needs_review,needs_review,not_applicable,needs_review,,,,,"Event ""Snowman Savage"" missing image | Event ""Snowman Savage"" has thin description",Audit gap: Source event image from operator or generate | Audit gap: Write proper event description,70,45
event-snowman-sprint-triathlon,dynamic,event,/events/snowman-sprint-triathlon,Snowman Sprint Triathlon,,,not_applicable,8,qa_needed,false,content-ops,,0,,partial,needs_review,,missing,needs_review,needs_review,not_applicable,needs_review,,,,,"Event ""Snowman Sprint"" missing image | Event ""Snowman Sprint"" has thin description",Audit gap: Source event image from operator or generate | Audit gap: Write proper event description,70,45
event-snowman-triathlon,dynamic,event,/events/snowman-triathlon,Snowman Triathlon,,,not_applicable,8,qa_needed,false,content-ops,,0,,missing,missing,,needs_review,needs_review,needs_review,not_applicable,needs_review,,,,,"Event ""Snowman Triathlon"" missing image",Audit gap: Source event image from operator or generate,55,25
event-solva-swim,dynamic,event,/events/solva-swim,Solva Swim,,,not_applicable,8,qa_needed,false,content-ops,,0,,missing,missing,,needs_review,needs_review,needs_review,not_applicable,needs_review,,,,,"Event ""Solva Swim"" missing image",Audit gap: Source event image from operator or generate,55,25
event-south-pembrokeshire-hunt-show,dynamic,event,/events/south-pembrokeshire-hunt-show,South Pembrokeshire Hunt Show,,,not_applicable,8,qa_needed,false,content-ops,,0,,missing,missing,,needs_review,needs_review,needs_review,not_applicable,needs_review,,,,,"Event ""South Pembrokeshire Hunt Show"" missing image",Audit gap: Source event image from operator or generate,55,25
event-st-clears-show,dynamic,event,/events/st-clears-show,St Clears Show,,,not_applicable,8,qa_needed,false,content-ops,,0,,missing,missing,,needs_review,needs_review,needs_review,not_applicable,needs_review,,,,,"Event ""St Clears Show"" missing image",Audit gap: Source event image from operator or generate,55,25
event-st-davids-cathedral-festival,dynamic,event,/events/st-davids-cathedral-festival,St Davids Cathedral Festival,,,not_applicable,8,qa_needed,false,content-ops,,0,,partial,needs_review,,missing,needs_review,needs_review,not_applicable,needs_review,,,,,"Event ""St Davids Cathedral Festival"" missing image | Event ""St Davids Cathedral Festival"" has thin description",Audit gap: Source event image from operator or generate | Audit gap: Write proper event description,70,45
event-st-davids-day-celebrations,dynamic,event,/events/st-davids-day-celebrations,St Davids Day Celebrations,,,not_applicable,8,qa_needed,false,content-ops,,0,,missing,missing,,needs_review,needs_review,needs_review,not_applicable,needs_review,,,,,"Event ""St David's Day Celebrations"" missing image",Audit gap: Source event image from operator or generate,55,25
event-st-davids-farmers-market,dynamic,event,/events/st-davids-farmers-market,St Davids Farmers Market,,,not_applicable,8,qa_needed,false,content-ops,,0,,missing,missing,,needs_review,needs_review,needs_review,not_applicable,needs_review,,,,,"Event ""St Davids Farmers Market"" missing image",Audit gap: Source event image from operator or generate,55,25
event-st-harmon-show,dynamic,event,/events/st-harmon-show,St Harmon Show,,,not_applicable,8,qa_needed,false,content-ops,,0,,missing,missing,,needs_review,needs_review,needs_review,not_applicable,needs_review,,,,,"Event ""St. Harmon Show"" missing image",Audit gap: Source event image from operator or generate,55,25
event-stackpole-easter-hunt-easter-egg-hunt,dynamic,event,/events/stackpole-easter-hunt-easter-egg-hunt,Stackpole Easter Hunt Easter Egg Hunt,,,not_applicable,8,qa_needed,false,content-ops,,0,,partial,needs_review,,missing,needs_review,needs_review,not_applicable,needs_review,,,,,"Event ""Stackpole Easter Hunt Easter Egg Hunt"" missing image | Event ""Stackpole Easter Hunt Easter Egg Hunt"" has thin description",Audit gap: Source event image from operator or generate | Audit gap: Write proper event description,70,45
event-stackpole-striders,dynamic,event,/events/stackpole-striders,Stackpole Striders,,,not_applicable,8,qa_needed,false,content-ops,,0,,missing,missing,,needs_review,needs_review,needs_review,not_applicable,needs_review,,,,,"Event ""Stackpole Striders"" missing image",Audit gap: Source event image from operator or generate,55,25
event-steelhouse-festival,dynamic,event,/events/steelhouse-festival,Steelhouse Festival,,,not_applicable,8,qa_needed,false,content-ops,,0,,missing,missing,,needs_review,needs_review,needs_review,not_applicable,needs_review,,,,,"Event ""Steelhouse Festival"" missing image",Audit gap: Source event image from operator or generate,55,25
event-summer-holiday-adventures-at-aberglasney-gardens,dynamic,event,/events/summer-holiday-adventures-at-aberglasney-gardens,Summer Holiday Adventures At Aberglasney Gardens,,,not_applicable,8,qa_needed,false,content-ops,,0,,missing,missing,,needs_review,needs_review,needs_review,not_applicable,needs_review,,,,,"Event ""Summer Holiday Adventures at Aberglasney Gardens"" missing image",Audit gap: Source event image from operator or generate,55,25
event-summer-holiday-adventures-at-beaumaris-castle,dynamic,event,/events/summer-holiday-adventures-at-beaumaris-castle,Summer Holiday Adventures At Beaumaris Castle,,,not_applicable,8,qa_needed,false,content-ops,,0,,missing,missing,,needs_review,needs_review,needs_review,not_applicable,needs_review,,,,,"Event ""Summer Holiday Adventures at Beaumaris Castle"" missing image",Audit gap: Source event image from operator or generate,55,25
event-summer-holiday-adventures-at-big-pit-national-coal-museum,dynamic,event,/events/summer-holiday-adventures-at-big-pit-national-coal-museum,Summer Holiday Adventures At Big Pit National Coal Museum,,,not_applicable,8,qa_needed,false,content-ops,,0,,missing,missing,,needs_review,needs_review,needs_review,not_applicable,needs_review,,,,,"Event ""Summer Holiday Adventures at Big Pit National Coal Museum"" missing image",Audit gap: Source event image from operator or generate,55,25
event-summer-holiday-adventures-at-bodnant-garden,dynamic,event,/events/summer-holiday-adventures-at-bodnant-garden,Summer Holiday Adventures At Bodnant Garden,,,not_applicable,8,qa_needed,false,content-ops,,0,,missing,missing,,needs_review,needs_review,needs_review,not_applicable,needs_review,,,,,"Event ""Summer Holiday Adventures at Bodnant Garden"" missing image",Audit gap: Source event image from operator or generate,55,25
event-summer-holiday-adventures-at-brecon-mountain-railway,dynamic,event,/events/summer-holiday-adventures-at-brecon-mountain-railway,Summer Holiday Adventures At Brecon Mountain Railway,,,not_applicable,8,qa_needed,false,content-ops,,0,,missing,missing,,needs_review,needs_review,needs_review,not_applicable,needs_review,,,,,"Event ""Summer Holiday Adventures at Brecon Mountain Railway"" missing image",Audit gap: Source event image from operator or generate,55,25
event-summer-holiday-adventures-at-bryngarw-country-park,dynamic,event,/events/summer-holiday-adventures-at-bryngarw-country-park,Summer Holiday Adventures At Bryngarw Country Park,,,not_applicable,8,qa_needed,false,content-ops,,0,,missing,missing,,needs_review,needs_review,needs_review,not_applicable,needs_review,,,,,"Event ""Summer Holiday Adventures at Bryngarw Country Park"" missing image",Audit gap: Source event image from operator or generate,55,25
event-summer-holiday-adventures-at-caernarfon-castle,dynamic,event,/events/summer-holiday-adventures-at-caernarfon-castle,Summer Holiday Adventures At Caernarfon Castle,,,not_applicable,8,qa_needed,false,content-ops,,0,,missing,missing,,needs_review,needs_review,needs_review,not_applicable,needs_review,,,,,"Event ""Summer Holiday Adventures at Caernarfon Castle"" missing image",Audit gap: Source event image from operator or generate,55,25
event-summer-holiday-adventures-at-caerphilly-castle,dynamic,event,/events/summer-holiday-adventures-at-caerphilly-castle,Summer Holiday Adventures At Caerphilly Castle,,,not_applicable,8,qa_needed,false,content-ops,,0,,missing,missing,,needs_review,needs_review,needs_review,not_applicable,needs_review,,,,,"Event ""Summer Holiday Adventures at Caerphilly Castle"" missing image",Audit gap: Source event image from operator or generate,55,25
event-summer-holiday-adventures-at-castell-coch,dynamic,event,/events/summer-holiday-adventures-at-castell-coch,Summer Holiday Adventures At Castell Coch,,,not_applicable,8,qa_needed,false,content-ops,,0,,missing,missing,,needs_review,needs_review,needs_review,not_applicable,needs_review,,,,,"Event ""Summer Holiday Adventures at Castell Coch"" missing image",Audit gap: Source event image from operator or generate,55,25
event-summer-holiday-adventures-at-chepstow-castle,dynamic,event,/events/summer-holiday-adventures-at-chepstow-castle,Summer Holiday Adventures At Chepstow Castle,,,not_applicable,8,qa_needed,false,content-ops,,0,,missing,missing,,needs_review,needs_review,needs_review,not_applicable,needs_review,,,,,"Event ""Summer Holiday Adventures at Chepstow Castle"" missing image",Audit gap: Source event image from operator or generate,55,25
event-summer-holiday-adventures-at-chirk-castle,dynamic,event,/events/summer-holiday-adventures-at-chirk-castle,Summer Holiday Adventures At Chirk Castle,,,not_applicable,8,qa_needed,false,content-ops,,0,,missing,missing,,needs_review,needs_review,needs_review,not_applicable,needs_review,,,,,"Event ""Summer Holiday Adventures at Chirk Castle"" missing image",Audit gap: Source event image from operator or generate,55,25
event-summer-holiday-adventures-at-colby-woodland-garden,dynamic,event,/events/summer-holiday-adventures-at-colby-woodland-garden,Summer Holiday Adventures At Colby Woodland Garden,,,not_applicable,8,qa_needed,false,content-ops,,0,,missing,missing,,needs_review,needs_review,needs_review,not_applicable,needs_review,,,,,"Event ""Summer Holiday Adventures at Colby Woodland Garden"" missing image",Audit gap: Source event image from operator or generate,55,25
event-summer-holiday-adventures-at-conwy-castle,dynamic,event,/events/summer-holiday-adventures-at-conwy-castle,Summer Holiday Adventures At Conwy Castle,,,not_applicable,8,qa_needed,false,content-ops,,0,,missing,missing,,needs_review,needs_review,needs_review,not_applicable,needs_review,,,,,"Event ""Summer Holiday Adventures at Conwy Castle"" missing image",Audit gap: Source event image from operator or generate,55,25
event-summer-holiday-adventures-at-cosmeston-lakes-country-park,dynamic,event,/events/summer-holiday-adventures-at-cosmeston-lakes-country-park,Summer Holiday Adventures At Cosmeston Lakes Country Park,,,not_applicable,8,qa_needed,false,content-ops,,0,,missing,missing,,needs_review,needs_review,needs_review,not_applicable,needs_review,,,,,"Event ""Summer Holiday Adventures at Cosmeston Lakes Country Park"" missing image",Audit gap: Source event image from operator or generate,55,25
event-summer-holiday-adventures-at-criccieth-castle,dynamic,event,/events/summer-holiday-adventures-at-criccieth-castle,Summer Holiday Adventures At Criccieth Castle,,,not_applicable,8,qa_needed,false,content-ops,,0,,missing,missing,,needs_review,needs_review,needs_review,not_applicable,needs_review,,,,,"Event ""Summer Holiday Adventures at Criccieth Castle"" missing image",Audit gap: Source event image from operator or generate,55,25
event-summer-holiday-adventures-at-denbigh-castle,dynamic,event,/events/summer-holiday-adventures-at-denbigh-castle,Summer Holiday Adventures At Denbigh Castle,,,not_applicable,8,qa_needed,false,content-ops,,0,,missing,missing,,needs_review,needs_review,needs_review,not_applicable,needs_review,,,,,"Event ""Summer Holiday Adventures at Denbigh Castle"" missing image",Audit gap: Source event image from operator or generate,55,25
event-summer-holiday-adventures-at-dinefwr,dynamic,event,/events/summer-holiday-adventures-at-dinefwr,Summer Holiday Adventures At Dinefwr,,,not_applicable,8,qa_needed,false,content-ops,,0,,missing,missing,,needs_review,needs_review,needs_review,not_applicable,needs_review,,,,,"Event ""Summer Holiday Adventures at Dinefwr"" missing image",Audit gap: Source event image from operator or generate,55,25
event-summer-holiday-adventures-at-dyffryn-gardens,dynamic,event,/events/summer-holiday-adventures-at-dyffryn-gardens,Summer Holiday Adventures At Dyffryn Gardens,,,not_applicable,8,qa_needed,false,content-ops,,0,,missing,missing,,needs_review,needs_review,needs_review,not_applicable,needs_review,,,,,"Event ""Summer Holiday Adventures at Dyffryn Gardens"" missing image",Audit gap: Source event image from operator or generate,55,25
event-summer-holiday-adventures-at-erddig,dynamic,event,/events/summer-holiday-adventures-at-erddig,Summer Holiday Adventures At Erddig,,,not_applicable,8,qa_needed,false,content-ops,,0,,missing,missing,,needs_review,needs_review,needs_review,not_applicable,needs_review,,,,,"Event ""Summer Holiday Adventures at Erddig"" missing image",Audit gap: Source event image from operator or generate,55,25
event-summer-holiday-adventures-at-ffestiniog-welsh-highland-railways,dynamic,event,/events/summer-holiday-adventures-at-ffestiniog-welsh-highland-railways,Summer Holiday Adventures At Ffestiniog Welsh Highland Railways,,,not_applicable,8,qa_needed,false,content-ops,,0,,missing,missing,,needs_review,needs_review,needs_review,not_applicable,needs_review,,,,,"Event ""Summer Holiday Adventures at Ffestiniog & Welsh Highland Railways"" missing image",Audit gap: Source event image from operator or generate,55,25
event-summer-holiday-adventures-at-folly-farm-adventure-park-and-zoo,dynamic,event,/events/summer-holiday-adventures-at-folly-farm-adventure-park-and-zoo,Summer Holiday Adventures At Folly Farm Adventure Park And Zoo,,,not_applicable,8,qa_needed,false,content-ops,,0,,missing,missing,,needs_review,needs_review,needs_review,not_applicable,needs_review,,,,,"Event ""Summer Holiday Adventures at Folly Farm Adventure Park and Zoo"" missing image",Audit gap: Source event image from operator or generate,55,25
event-summer-holiday-adventures-at-gigrin-farm-red-kite-feeding-centre,dynamic,event,/events/summer-holiday-adventures-at-gigrin-farm-red-kite-feeding-centre,Summer Holiday Adventures At Gigrin Farm Red Kite Feeding Centre,,,not_applicable,8,qa_needed,false,content-ops,,0,,missing,missing,,needs_review,needs_review,needs_review,not_applicable,needs_review,,,,,"Event ""Summer Holiday Adventures at Gigrin Farm Red Kite Feeding Centre"" missing image",Audit gap: Source event image from operator or generate,55,25
event-summer-holiday-adventures-at-gnoll-estate-country-park,dynamic,event,/events/summer-holiday-adventures-at-gnoll-estate-country-park,Summer Holiday Adventures At Gnoll Estate Country Park,,,not_applicable,8,qa_needed,false,content-ops,,0,,missing,missing,,needs_review,needs_review,needs_review,not_applicable,needs_review,,,,,"Event ""Summer Holiday Adventures at Gnoll Estate Country Park"" missing image",Audit gap: Source event image from operator or generate,55,25
event-summer-holiday-adventures-at-greenwood-family-park,dynamic,event,/events/summer-holiday-adventures-at-greenwood-family-park,Summer Holiday Adventures At Greenwood Family Park,,,not_applicable,8,qa_needed,false,content-ops,,0,,missing,missing,,needs_review,needs_review,needs_review,not_applicable,needs_review,,,,,"Event ""Summer Holiday Adventures at Greenwood Family Park"" missing image",Audit gap: Source event image from operator or generate,55,25
event-summer-holiday-adventures-at-harlech-castle,dynamic,event,/events/summer-holiday-adventures-at-harlech-castle,Summer Holiday Adventures At Harlech Castle,,,not_applicable,8,qa_needed,false,content-ops,,0,,missing,missing,,needs_review,needs_review,needs_review,not_applicable,needs_review,,,,,"Event ""Summer Holiday Adventures at Harlech Castle"" missing image",Audit gap: Source event image from operator or generate,55,25
event-summer-holiday-adventures-at-kidwelly-castle,dynamic,event,/events/summer-holiday-adventures-at-kidwelly-castle,Summer Holiday Adventures At Kidwelly Castle,,,not_applicable,8,qa_needed,false,content-ops,,0,,missing,missing,,needs_review,needs_review,needs_review,not_applicable,needs_review,,,,,"Event ""Summer Holiday Adventures at Kidwelly Castle"" missing image",Audit gap: Source event image from operator or generate,55,25
event-summer-holiday-adventures-at-llanerchaeron,dynamic,event,/events/summer-holiday-adventures-at-llanerchaeron,Summer Holiday Adventures At Llanerchaeron,,,not_applicable,8,qa_needed,false,content-ops,,0,,missing,missing,,needs_review,needs_review,needs_review,not_applicable,needs_review,,,,,"Event ""Summer Holiday Adventures at Llanerchaeron"" missing image",Audit gap: Source event image from operator or generate,55,25
event-summer-holiday-adventures-at-manor-wildlife-park,dynamic,event,/events/summer-holiday-adventures-at-manor-wildlife-park,Summer Holiday Adventures At Manor Wildlife Park,,,not_applicable,8,qa_needed,false,content-ops,,0,,missing,missing,,needs_review,needs_review,needs_review,not_applicable,needs_review,,,,,"Event ""Summer Holiday Adventures at Manor Wildlife Park"" missing image",Audit gap: Source event image from operator or generate,55,25
event-summer-holiday-adventures-at-margam-country-park,dynamic,event,/events/summer-holiday-adventures-at-margam-country-park,Summer Holiday Adventures At Margam Country Park,,,not_applicable,8,qa_needed,false,content-ops,,0,,missing,missing,,needs_review,needs_review,needs_review,not_applicable,needs_review,,,,,"Event ""Summer Holiday Adventures at Margam Country Park"" missing image",Audit gap: Source event image from operator or generate,55,25
event-summer-holiday-adventures-at-national-botanic-garden-of-wales,dynamic,event,/events/summer-holiday-adventures-at-national-botanic-garden-of-wales,Summer Holiday Adventures At National Botanic Garden Of Wales,,,not_applicable,8,qa_needed,false,content-ops,,0,,missing,missing,,needs_review,needs_review,needs_review,not_applicable,needs_review,,,,,"Event ""Summer Holiday Adventures at National Botanic Garden of Wales"" missing image",Audit gap: Source event image from operator or generate,55,25
event-summer-holiday-adventures-at-national-museum-cardiff,dynamic,event,/events/summer-holiday-adventures-at-national-museum-cardiff,Summer Holiday Adventures At National Museum Cardiff,,,not_applicable,8,qa_needed,false,content-ops,,0,,missing,missing,,needs_review,needs_review,needs_review,not_applicable,needs_review,,,,,"Event ""Summer Holiday Adventures at National Museum Cardiff"" missing image",Audit gap: Source event image from operator or generate,55,25
event-summer-holiday-adventures-at-national-roman-legion-museum,dynamic,event,/events/summer-holiday-adventures-at-national-roman-legion-museum,Summer Holiday Adventures At National Roman Legion Museum,,,not_applicable,8,qa_needed,false,content-ops,,0,,missing,missing,,needs_review,needs_review,needs_review,not_applicable,needs_review,,,,,"Event ""Summer Holiday Adventures at National Roman Legion Museum"" missing image",Audit gap: Source event image from operator or generate,55,25
event-summer-holiday-adventures-at-national-showcaves-centre-for-wales-dan-yr-ogof,dynamic,event,/events/summer-holiday-adventures-at-national-showcaves-centre-for-wales-dan-yr-ogof,Summer Holiday Adventures At National Showcaves Centre For Wales Dan Yr Ogof,,,not_applicable,8,qa_needed,false,content-ops,,0,,missing,missing,,needs_review,needs_review,needs_review,not_applicable,needs_review,,,,,"Event ""Summer Holiday Adventures at National Showcaves Centre for Wales (Dan yr Ogof)"" missing image",Audit gap: Source event image from operator or generate,55,25
event-summer-holiday-adventures-at-national-slate-museum,dynamic,event,/events/summer-holiday-adventures-at-national-slate-museum,Summer Holiday Adventures At National Slate Museum,,,not_applicable,8,qa_needed,false,content-ops,,0,,missing,missing,,needs_review,needs_review,needs_review,not_applicable,needs_review,,,,,"Event ""Summer Holiday Adventures at National Slate Museum"" missing image",Audit gap: Source event image from operator or generate,55,25
event-summer-holiday-adventures-at-national-waterfront-museum,dynamic,event,/events/summer-holiday-adventures-at-national-waterfront-museum,Summer Holiday Adventures At National Waterfront Museum,,,not_applicable,8,qa_needed,false,content-ops,,0,,missing,missing,,needs_review,needs_review,needs_review,not_applicable,needs_review,,,,,"Event ""Summer Holiday Adventures at National Waterfront Museum"" missing image",Audit gap: Source event image from operator or generate,55,25
event-summer-holiday-adventures-at-national-wool-museum,dynamic,event,/events/summer-holiday-adventures-at-national-wool-museum,Summer Holiday Adventures At National Wool Museum,,,not_applicable,8,qa_needed,false,content-ops,,0,,missing,missing,,needs_review,needs_review,needs_review,not_applicable,needs_review,,,,,"Event ""Summer Holiday Adventures at National Wool Museum"" missing image",Audit gap: Source event image from operator or generate,55,25
event-summer-holiday-adventures-at-pembrey-country-park,dynamic,event,/events/summer-holiday-adventures-at-pembrey-country-park,Summer Holiday Adventures At Pembrey Country Park,,,not_applicable,8,qa_needed,false,content-ops,,0,,missing,missing,,needs_review,needs_review,needs_review,not_applicable,needs_review,,,,,"Event ""Summer Holiday Adventures at Pembrey Country Park"" missing image",Audit gap: Source event image from operator or generate,55,25
event-summer-holiday-adventures-at-penrhyn-castle,dynamic,event,/events/summer-holiday-adventures-at-penrhyn-castle,Summer Holiday Adventures At Penrhyn Castle,,,not_applicable,8,qa_needed,false,content-ops,,0,,missing,missing,,needs_review,needs_review,needs_review,not_applicable,needs_review,,,,,"Event ""Summer Holiday Adventures at Penrhyn Castle"" missing image",Audit gap: Source event image from operator or generate,55,25
event-summer-holiday-adventures-at-plas-newydd-house-and-garden,dynamic,event,/events/summer-holiday-adventures-at-plas-newydd-house-and-garden,Summer Holiday Adventures At Plas Newydd House And Garden,,,not_applicable,8,qa_needed,false,content-ops,,0,,missing,missing,,needs_review,needs_review,needs_review,not_applicable,needs_review,,,,,"Event ""Summer Holiday Adventures at Plas Newydd House and Garden"" missing image",Audit gap: Source event image from operator or generate,55,25
event-summer-holiday-adventures-at-plas-yn-rhiw,dynamic,event,/events/summer-holiday-adventures-at-plas-yn-rhiw,Summer Holiday Adventures At Plas Yn Rhiw,,,not_applicable,8,qa_needed,false,content-ops,,0,,missing,missing,,needs_review,needs_review,needs_review,not_applicable,needs_review,,,,,"Event ""Summer Holiday Adventures at Plas yn Rhiw"" missing image",Audit gap: Source event image from operator or generate,55,25
event-summer-holiday-adventures-at-powis-castle-and-garden,dynamic,event,/events/summer-holiday-adventures-at-powis-castle-and-garden,Summer Holiday Adventures At Powis Castle And Garden,,,not_applicable,8,qa_needed,false,content-ops,,0,,missing,missing,,needs_review,needs_review,needs_review,not_applicable,needs_review,,,,,"Event ""Summer Holiday Adventures at Powis Castle and Garden"" missing image",Audit gap: Source event image from operator or generate,55,25
event-summer-holiday-adventures-at-raglan-castle,dynamic,event,/events/summer-holiday-adventures-at-raglan-castle,Summer Holiday Adventures At Raglan Castle,,,not_applicable,8,qa_needed,false,content-ops,,0,,missing,missing,,needs_review,needs_review,needs_review,not_applicable,needs_review,,,,,"Event ""Summer Holiday Adventures at Raglan Castle"" missing image",Audit gap: Source event image from operator or generate,55,25
event-summer-holiday-adventures-at-rhuddlan-castle,dynamic,event,/events/summer-holiday-adventures-at-rhuddlan-castle,Summer Holiday Adventures At Rhuddlan Castle,,,not_applicable,8,qa_needed,false,content-ops,,0,,missing,missing,,needs_review,needs_review,needs_review,not_applicable,needs_review,,,,,"Event ""Summer Holiday Adventures at Rhuddlan Castle"" missing image",Audit gap: Source event image from operator or generate,55,25
event-summer-holiday-adventures-at-rspb-conwy,dynamic,event,/events/summer-holiday-adventures-at-rspb-conwy,Summer Holiday Adventures At Rspb Conwy,,,not_applicable,8,qa_needed,false,content-ops,,0,,missing,missing,,needs_review,needs_review,needs_review,not_applicable,needs_review,,,,,"Event ""Summer Holiday Adventures at RSPB Conwy"" missing image",Audit gap: Source event image from operator or generate,55,25
event-summer-holiday-adventures-at-rspb-lake-vyrnwy,dynamic,event,/events/summer-holiday-adventures-at-rspb-lake-vyrnwy,Summer Holiday Adventures At Rspb Lake Vyrnwy,,,not_applicable,8,qa_needed,false,content-ops,,0,,missing,missing,,needs_review,needs_review,needs_review,not_applicable,needs_review,,,,,"Event ""Summer Holiday Adventures at RSPB Lake Vyrnwy"" missing image",Audit gap: Source event image from operator or generate,55,25
event-summer-holiday-adventures-at-rspb-newport-wetlands,dynamic,event,/events/summer-holiday-adventures-at-rspb-newport-wetlands,Summer Holiday Adventures At Rspb Newport Wetlands,,,not_applicable,8,qa_needed,false,content-ops,,0,,missing,missing,,needs_review,needs_review,needs_review,not_applicable,needs_review,,,,,"Event ""Summer Holiday Adventures at RSPB Newport Wetlands"" missing image",Audit gap: Source event image from operator or generate,55,25
event-summer-holiday-adventures-at-rspb-south-stack,dynamic,event,/events/summer-holiday-adventures-at-rspb-south-stack,Summer Holiday Adventures At Rspb South Stack,,,not_applicable,8,qa_needed,false,content-ops,,0,,missing,missing,,needs_review,needs_review,needs_review,not_applicable,needs_review,,,,,"Event ""Summer Holiday Adventures at RSPB South Stack"" missing image",Audit gap: Source event image from operator or generate,55,25
event-summer-holiday-adventures-at-rspb-ynys-hir,dynamic,event,/events/summer-holiday-adventures-at-rspb-ynys-hir,Summer Holiday Adventures At Rspb Ynys Hir,,,not_applicable,8,qa_needed,false,content-ops,,0,,missing,missing,,needs_review,needs_review,needs_review,not_applicable,needs_review,,,,,"Event ""Summer Holiday Adventures at RSPB Ynys-hir"" missing image",Audit gap: Source event image from operator or generate,55,25
event-summer-holiday-adventures-at-skomer-island,dynamic,event,/events/summer-holiday-adventures-at-skomer-island,Summer Holiday Adventures At Skomer Island,,,not_applicable,8,qa_needed,false,content-ops,,0,,missing,missing,,needs_review,needs_review,needs_review,not_applicable,needs_review,,,,,"Event ""Summer Holiday Adventures at Skomer Island"" missing image",Audit gap: Source event image from operator or generate,55,25
event-summer-holiday-adventures-at-st-davids-bishop-s-palace,dynamic,event,/events/summer-holiday-adventures-at-st-davids-bishop-s-palace,Summer Holiday Adventures At St Davids Bishop S Palace,,,not_applicable,8,qa_needed,false,content-ops,,0,,missing,missing,,needs_review,needs_review,needs_review,not_applicable,needs_review,,,,,"Event ""Summer Holiday Adventures at St Davids Bishop's Palace"" missing image",Audit gap: Source event image from operator or generate,55,25
event-summer-holiday-adventures-at-st-fagans-national-museum-of-history,dynamic,event,/events/summer-holiday-adventures-at-st-fagans-national-museum-of-history,Summer Holiday Adventures At St Fagans National Museum Of History,,,not_applicable,8,qa_needed,false,content-ops,,0,,missing,missing,,needs_review,needs_review,needs_review,not_applicable,needs_review,,,,,"Event ""Summer Holiday Adventures at St Fagans National Museum of History"" missing image",Audit gap: Source event image from operator or generate,55,25
event-summer-holiday-adventures-at-stackpole-estate,dynamic,event,/events/summer-holiday-adventures-at-stackpole-estate,Summer Holiday Adventures At Stackpole Estate,,,not_applicable,8,qa_needed,false,content-ops,,0,,missing,missing,,needs_review,needs_review,needs_review,not_applicable,needs_review,,,,,"Event ""Summer Holiday Adventures at Stackpole Estate"" missing image",Audit gap: Source event image from operator or generate,55,25
event-summer-holiday-adventures-at-talyllyn-railway,dynamic,event,/events/summer-holiday-adventures-at-talyllyn-railway,Summer Holiday Adventures At Talyllyn Railway,,,not_applicable,8,qa_needed,false,content-ops,,0,,missing,missing,,needs_review,needs_review,needs_review,not_applicable,needs_review,,,,,"Event ""Summer Holiday Adventures at Talyllyn Railway"" missing image",Audit gap: Source event image from operator or generate,55,25
event-summer-holiday-adventures-at-tredegar-house,dynamic,event,/events/summer-holiday-adventures-at-tredegar-house,Summer Holiday Adventures At Tredegar House,,,not_applicable,8,qa_needed,false,content-ops,,0,,missing,missing,,needs_review,needs_review,needs_review,not_applicable,needs_review,,,,,"Event ""Summer Holiday Adventures at Tredegar House"" missing image",Audit gap: Source event image from operator or generate,55,25
event-summer-holiday-adventures-at-tretower-court-and-castle,dynamic,event,/events/summer-holiday-adventures-at-tretower-court-and-castle,Summer Holiday Adventures At Tretower Court And Castle,,,not_applicable,8,qa_needed,false,content-ops,,0,,missing,missing,,needs_review,needs_review,needs_review,not_applicable,needs_review,,,,,"Event ""Summer Holiday Adventures at Tretower Court and Castle"" missing image",Audit gap: Source event image from operator or generate,55,25
event-summer-holiday-adventures-at-vale-of-rheidol-railway,dynamic,event,/events/summer-holiday-adventures-at-vale-of-rheidol-railway,Summer Holiday Adventures At Vale Of Rheidol Railway,,,not_applicable,8,qa_needed,false,content-ops,,0,,missing,missing,,needs_review,needs_review,needs_review,not_applicable,needs_review,,,,,"Event ""Summer Holiday Adventures at Vale of Rheidol Railway"" missing image",Audit gap: Source event image from operator or generate,55,25
event-summer-holiday-adventures-at-welsh-mountain-zoo,dynamic,event,/events/summer-holiday-adventures-at-welsh-mountain-zoo,Summer Holiday Adventures At Welsh Mountain Zoo,,,not_applicable,8,qa_needed,false,content-ops,,0,,missing,missing,,needs_review,needs_review,needs_review,not_applicable,needs_review,,,,,"Event ""Summer Holiday Adventures at Welsh Mountain Zoo"" missing image",Audit gap: Source event image from operator or generate,55,25
event-summer-holiday-adventures-at-welsh-wildlife-centre-cilgerran,dynamic,event,/events/summer-holiday-adventures-at-welsh-wildlife-centre-cilgerran,Summer Holiday Adventures At Welsh Wildlife Centre Cilgerran,,,not_applicable,8,qa_needed,false,content-ops,,0,,missing,missing,,needs_review,needs_review,needs_review,not_applicable,needs_review,,,,,"Event ""Summer Holiday Adventures at Welsh Wildlife Centre (Cilgerran)"" missing image",Audit gap: Source event image from operator or generate,55,25
event-summer-holiday-adventures-at-zip-world-various,dynamic,event,/events/summer-holiday-adventures-at-zip-world-various,Summer Holiday Adventures At Zip World Various,,,not_applicable,8,qa_needed,false,content-ops,,0,,missing,missing,,needs_review,needs_review,needs_review,not_applicable,needs_review,,,,,"Event ""Summer Holiday Adventures at Zip World (Various)"" missing image",Audit gap: Source event image from operator or generate,55,25
event-sup-gower-paddle,dynamic,event,/events/sup-gower-paddle,Sup Gower Paddle,,,not_applicable,8,qa_needed,false,content-ops,,0,,partial,needs_review,,missing,needs_review,needs_review,not_applicable,needs_review,,,,,"Event ""SUP Gower Paddle"" missing image | Event ""SUP Gower Paddle"" has thin description",Audit gap: Source event image from operator or generate | Audit gap: Write proper event description,70,45
event-superfeet-sandman,dynamic,event,/events/superfeet-sandman,Superfeet Sandman,,,not_applicable,8,qa_needed,false,content-ops,,0,,partial,needs_review,,missing,needs_review,needs_review,not_applicable,needs_review,,,,,"Event ""Superfeet Sandman"" missing image | Event ""Superfeet Sandman"" has thin description",Audit gap: Source event image from operator or generate | Audit gap: Write proper event description,70,45
event-swansea-5k,dynamic,event,/events/swansea-5k,Swansea 5k,,,not_applicable,8,qa_needed,false,content-ops,,0,,partial,needs_review,,missing,needs_review,needs_review,not_applicable,needs_review,,,,,"Event ""Swansea 5K"" missing image | Event ""Swansea 5K"" has thin description",Audit gap: Source event image from operator or generate | Audit gap: Write proper event description,70,45
event-swansea-bay-beer-cider-festival,dynamic,event,/events/swansea-bay-beer-cider-festival,Swansea Bay Beer Cider Festival,,,not_applicable,8,qa_needed,false,content-ops,,0,,missing,missing,,needs_review,needs_review,needs_review,not_applicable,needs_review,,,,,"Event ""Swansea Bay Beer & Cider Festival"" missing image",Audit gap: Source event image from operator or generate,55,25
event-swansea-bay-film-festival,dynamic,event,/events/swansea-bay-film-festival,Swansea Bay Film Festival,,,not_applicable,8,qa_needed,false,content-ops,,0,,missing,missing,,needs_review,needs_review,needs_review,not_applicable,needs_review,,,,,"Event ""Swansea Bay Film Festival"" missing image",Audit gap: Source event image from operator or generate,55,25
event-swansea-bay-parkrun,dynamic,event,/events/swansea-bay-parkrun,Swansea Bay Parkrun,,,not_applicable,8,qa_needed,false,content-ops,,0,,missing,missing,,needs_review,needs_review,needs_review,not_applicable,needs_review,,,,,"Event ""Swansea Bay Parkrun"" missing image",Audit gap: Source event image from operator or generate,55,25
event-swansea-christmas-market,dynamic,event,/events/swansea-christmas-market,Swansea Christmas Market,,,not_applicable,8,qa_needed,false,content-ops,,0,,partial,needs_review,,missing,needs_review,needs_review,not_applicable,needs_review,,,,,"Event ""Swansea Christmas Market"" missing image | Event ""Swansea Christmas Market"" has thin description",Audit gap: Source event image from operator or generate | Audit gap: Write proper event description,70,45
event-swansea-fireworks-display,dynamic,event,/events/swansea-fireworks-display,Swansea Fireworks Display,,,not_applicable,8,qa_needed,false,content-ops,,0,,partial,needs_review,,missing,needs_review,needs_review,not_applicable,needs_review,,,,,"Event ""Swansea Fireworks Display"" missing image | Event ""Swansea Fireworks Display"" has thin description",Audit gap: Source event image from operator or generate | Audit gap: Write proper event description,70,45
event-swansea-fringe,dynamic,event,/events/swansea-fringe,Swansea Fringe,,,not_applicable,8,qa_needed,false,content-ops,,0,,partial,needs_review,,missing,needs_review,needs_review,not_applicable,needs_review,,,,,"Event ""Swansea Fringe"" missing image | Event ""Swansea Fringe"" has thin description",Audit gap: Source event image from operator or generate | Audit gap: Write proper event description,70,45
event-swansea-international-jazz-festival,dynamic,event,/events/swansea-international-jazz-festival,Swansea International Jazz Festival,,,not_applicable,8,qa_needed,false,content-ops,,0,,missing,missing,,needs_review,needs_review,needs_review,not_applicable,needs_review,,,,,"Event ""Swansea International Jazz Festival"" missing image",Audit gap: Source event image from operator or generate,55,25
event-swansea-junior-parkrun,dynamic,event,/events/swansea-junior-parkrun,Swansea Junior Parkrun,,,not_applicable,8,qa_needed,false,content-ops,,0,,partial,needs_review,,missing,needs_review,needs_review,not_applicable,needs_review,,,,,"Event ""Swansea Junior Parkrun"" missing image | Event ""Swansea Junior Parkrun"" has thin description",Audit gap: Source event image from operator or generate | Audit gap: Write proper event description,70,45
event-swansea-marina-farmers-market,dynamic,event,/events/swansea-marina-farmers-market,Swansea Marina Farmers Market,,,not_applicable,8,qa_needed,false,content-ops,,0,,missing,missing,,needs_review,needs_review,needs_review,not_applicable,needs_review,,,,,"Event ""Swansea Marina Farmers Market"" missing image",Audit gap: Source event image from operator or generate,55,25
event-swansea-pride,dynamic,event,/events/swansea-pride,Swansea Pride,,,not_applicable,8,qa_needed,false,content-ops,,0,,partial,needs_review,,missing,needs_review,needs_review,not_applicable,needs_review,,,,,"Event ""Swansea Pride"" missing image | Event ""Swansea Pride"" has thin description",Audit gap: Source event image from operator or generate | Audit gap: Write proper event description,70,45
event-swansea-santa-run-santa-fun-run,dynamic,event,/events/swansea-santa-run-santa-fun-run,Swansea Santa Run Santa Fun Run,,,not_applicable,8,qa_needed,false,content-ops,,0,,partial,needs_review,,missing,needs_review,needs_review,not_applicable,needs_review,,,,,"Event ""Swansea Santa Run Santa Fun Run"" missing image | Event ""Swansea Santa Run Santa Fun Run"" has thin description",Audit gap: Source event image from operator or generate | Audit gap: Write proper event description,70,45
event-swansea-swim,dynamic,event,/events/swansea-swim,Swansea Swim,,,not_applicable,8,qa_needed,false,content-ops,,0,,partial,needs_review,,missing,needs_review,needs_review,not_applicable,needs_review,,,,,"Event ""Swansea Swim"" missing image | Event ""Swansea Swim"" has thin description",Audit gap: Source event image from operator or generate | Audit gap: Write proper event description,70,45
event-swansea-triathlon,dynamic,event,/events/swansea-triathlon,Swansea Triathlon,,,not_applicable,8,qa_needed,false,content-ops,,0,,partial,needs_review,,missing,needs_review,needs_review,not_applicable,needs_review,,,,,"Event ""Swansea Triathlon"" missing image | Event ""Swansea Triathlon"" has thin description",Audit gap: Source event image from operator or generate | Audit gap: Write proper event description,70,45
event-swansea-uplands-farmers-market,dynamic,event,/events/swansea-uplands-farmers-market,Swansea Uplands Farmers Market,,,not_applicable,8,qa_needed,false,content-ops,,0,,missing,missing,,needs_review,needs_review,needs_review,not_applicable,needs_review,,,,,"Event ""Swansea Uplands Farmers Market"" missing image",Audit gap: Source event image from operator or generate,55,25
event-swansea-waterfront-winterland,dynamic,event,/events/swansea-waterfront-winterland,Swansea Waterfront Winterland,,,not_applicable,8,qa_needed,false,content-ops,,0,,missing,missing,,needs_review,needs_review,needs_review,not_applicable,needs_review,,,,,"Event ""Swansea Waterfront Winterland"" missing image",Audit gap: Source event image from operator or generate,55,25
event-swim-wales-open,dynamic,event,/events/swim-wales-open,Swim Wales Open,,,not_applicable,8,qa_needed,false,content-ops,,0,,partial,needs_review,,missing,needs_review,needs_review,not_applicable,needs_review,,,,,"Event ""Swim Wales Open Water"" missing image | Event ""Swim Wales Open Water"" has thin description",Audit gap: Source event image from operator or generate | Audit gap: Write proper event description,70,45
event-swn-festival,dynamic,event,/events/swn-festival,Swn Festival,,,not_applicable,8,qa_needed,false,content-ops,,0,,missing,missing,,needs_review,needs_review,needs_review,not_applicable,needs_review,,,,,"Event ""Swn Festival"" missing image",Audit gap: Source event image from operator or generate,55,25
event-tafwyl,dynamic,event,/events/tafwyl,Tafwyl,,,not_applicable,8,qa_needed,false,content-ops,,0,,missing,missing,,needs_review,needs_review,needs_review,not_applicable,needs_review,,,,,"Event ""Tafwyl"" missing image",Audit gap: Source event image from operator or generate,55,25
event-talgarth-walking-festival,dynamic,event,/events/talgarth-walking-festival,Talgarth Walking Festival,,,not_applicable,8,qa_needed,false,content-ops,,0,,missing,missing,,needs_review,needs_review,needs_review,not_applicable,needs_review,,,,,"Event ""Talgarth Walking Festival"" missing image",Audit gap: Source event image from operator or generate,55,25
event-talley-show,dynamic,event,/events/talley-show,Talley Show,,,not_applicable,8,qa_needed,false,content-ops,,0,,missing,missing,,needs_review,needs_review,needs_review,not_applicable,needs_review,,,,,"Event ""Talley Show"" missing image",Audit gap: Source event image from operator or generate,55,25
event-talybont-show,dynamic,event,/events/talybont-show,Talybont Show,,,not_applicable,8,qa_needed,false,content-ops,,0,,missing,missing,,needs_review,needs_review,needs_review,not_applicable,needs_review,,,,,"Event ""Talybont Show"" missing image",Audit gap: Source event image from operator or generate,55,25
event-tata-steel-sailing,dynamic,event,/events/tata-steel-sailing,Tata Steel Sailing,,,not_applicable,8,qa_needed,false,content-ops,,0,,partial,needs_review,,missing,needs_review,needs_review,not_applicable,needs_review,,,,,"Event ""Tata Steel Sailing Regatta"" missing image | Event ""Tata Steel Sailing Regatta"" has thin description",Audit gap: Source event image from operator or generate | Audit gap: Write proper event description,70,45
event-techniquest-christmas,dynamic,event,/events/techniquest-christmas,Techniquest Christmas,,,not_applicable,8,qa_needed,false,content-ops,,0,,missing,missing,,needs_review,needs_review,needs_review,not_applicable,needs_review,,,,,"Event ""Techniquest Christmas Events"" missing image",Audit gap: Source event image from operator or generate,55,25
event-teifi-tour,dynamic,event,/events/teifi-tour,Teifi Tour,,,not_applicable,8,qa_needed,false,content-ops,,0,,missing,missing,,needs_review,needs_review,needs_review,not_applicable,needs_review,,,,,"Event ""Teifi Tour"" missing image",Audit gap: Source event image from operator or generate,55,25
event-tenacious-ten,dynamic,event,/events/tenacious-ten,Tenacious Ten,,,not_applicable,8,qa_needed,false,content-ops,,0,,missing,missing,,needs_review,needs_review,needs_review,not_applicable,needs_review,,,,,"Event ""Tenacious Ten"" missing image",Audit gap: Source event image from operator or generate,55,25
event-tenacious-ten-endurance-challenge,dynamic,event,/events/tenacious-ten-endurance-challenge,Tenacious Ten Endurance Challenge,,,not_applicable,8,qa_needed,false,content-ops,,0,,partial,needs_review,,missing,needs_review,needs_review,not_applicable,needs_review,,,,,"Event ""Tenacious Ten Endurance Challenge"" missing image | Event ""Tenacious Ten Endurance Challenge"" has thin description",Audit gap: Source event image from operator or generate | Audit gap: Write proper event description,70,45
event-tenby-arts-festival,dynamic,event,/events/tenby-arts-festival,Tenby Arts Festival,,,not_applicable,8,qa_needed,false,content-ops,,0,,missing,missing,,needs_review,needs_review,needs_review,not_applicable,needs_review,,,,,"Event ""Tenby Arts Festival"" missing image",Audit gap: Source event image from operator or generate,55,25
event-tenby-blues-festival,dynamic,event,/events/tenby-blues-festival,Tenby Blues Festival,,,not_applicable,8,qa_needed,false,content-ops,,0,,missing,missing,,needs_review,needs_review,needs_review,not_applicable,needs_review,,,,,"Event ""Tenby Blues Festival"" missing image",Audit gap: Source event image from operator or generate,55,25
event-tenby-boxing-day-swim,dynamic,event,/events/tenby-boxing-day-swim,Tenby Boxing Day Swim,,,not_applicable,8,qa_needed,false,content-ops,,0,,missing,missing,,needs_review,needs_review,needs_review,not_applicable,needs_review,,,,,"Event ""Tenby Boxing Day Swim"" missing image",Audit gap: Source event image from operator or generate,55,25
event-tenby-farmers-market,dynamic,event,/events/tenby-farmers-market,Tenby Farmers Market,,,not_applicable,8,qa_needed,false,content-ops,,0,,missing,missing,,needs_review,needs_review,needs_review,not_applicable,needs_review,,,,,"Event ""Tenby Farmers Market"" missing image",Audit gap: Source event image from operator or generate,55,25
event-tenby-long-course-weekend,dynamic,event,/events/tenby-long-course-weekend,Tenby Long Course Weekend,,,not_applicable,8,qa_needed,false,content-ops,,0,,missing,missing,,needs_review,needs_review,needs_review,not_applicable,needs_review,,,,,"Event ""Tenby Long Course Weekend"" missing image",Audit gap: Source event image from operator or generate,55,25
event-tenby-regatta,dynamic,event,/events/tenby-regatta,Tenby Regatta,,,not_applicable,8,qa_needed,false,content-ops,,0,,partial,needs_review,,missing,needs_review,needs_review,not_applicable,needs_review,,,,,"Event ""Tenby Regatta"" missing image | Event ""Tenby Regatta"" has thin description",Audit gap: Source event image from operator or generate | Audit gap: Write proper event description,70,45
event-tenby-santa-run-santa-fun-run,dynamic,event,/events/tenby-santa-run-santa-fun-run,Tenby Santa Run Santa Fun Run,,,not_applicable,8,qa_needed,false,content-ops,,0,,partial,needs_review,,missing,needs_review,needs_review,not_applicable,needs_review,,,,,"Event ""Tenby Santa Run Santa Fun Run"" missing image | Event ""Tenby Santa Run Santa Fun Run"" has thin description",Audit gap: Source event image from operator or generate | Audit gap: Write proper event description,70,45
event-the-big-retreat-festival,dynamic,event,/events/the-big-retreat-festival,The Big Retreat Festival,,,not_applicable,8,qa_needed,false,content-ops,,0,,partial,needs_review,,missing,needs_review,needs_review,not_applicable,needs_review,,,,,"Event ""The Big Retreat Festival"" missing image | Event ""The Big Retreat Festival"" has thin description",Audit gap: Source event image from operator or generate | Audit gap: Write proper event description,70,45
event-the-big-tribute-festival,dynamic,event,/events/the-big-tribute-festival,The Big Tribute Festival,,,not_applicable,8,qa_needed,false,content-ops,,0,,partial,needs_review,,missing,needs_review,needs_review,not_applicable,needs_review,,,,,"Event ""The Big Tribute Festival"" missing image | Event ""The Big Tribute Festival"" has thin description",Audit gap: Source event image from operator or generate | Audit gap: Write proper event description,70,45
event-the-big-welsh-bite-food-festival,dynamic,event,/events/the-big-welsh-bite-food-festival,The Big Welsh Bite Food Festival,,,not_applicable,8,qa_needed,false,content-ops,,0,,missing,missing,,needs_review,needs_review,needs_review,not_applicable,needs_review,,,,,"Event ""The Big Welsh Bite Food Festival"" missing image",Audit gap: Source event image from operator or generate,55,25
event-the-big-welsh-swim,dynamic,event,/events/the-big-welsh-swim,The Big Welsh Swim,,,not_applicable,8,qa_needed,false,content-ops,,0,,missing,missing,,needs_review,needs_review,needs_review,not_applicable,needs_review,,,,,"Event ""The Big Welsh Swim"" missing image",Audit gap: Source event image from operator or generate,55,25
event-the-bowum-2026,dynamic,event,/events/the-bowum-2026,The Bowum 2026,,,not_applicable,8,qa_needed,false,content-ops,,0,,partial,needs_review,,missing,needs_review,needs_review,not_applicable,needs_review,,,,,"Event ""The BOWUM 2026"" missing image | Event ""The BOWUM 2026"" has thin description",Audit gap: Source event image from operator or generate | Audit gap: Write proper event description,70,45
event-the-coastal-cottages-wales-10k,dynamic,event,/events/the-coastal-cottages-wales-10k,The Coastal Cottages Wales 10k,,,not_applicable,8,qa_needed,false,content-ops,,0,,partial,needs_review,,missing,needs_review,needs_review,not_applicable,needs_review,,,,,"Event ""The Coastal Cottages Wales 10K"" missing image | Event ""The Coastal Cottages Wales 10K"" has thin description",Audit gap: Source event image from operator or generate | Audit gap: Write proper event description,70,45
event-the-good-life-experience,dynamic,event,/events/the-good-life-experience,The Good Life Experience,,,not_applicable,8,qa_needed,false,content-ops,,0,,partial,needs_review,,missing,needs_review,needs_review,not_applicable,needs_review,,,,,"Event ""The Good Life Experience"" missing image | Event ""The Good Life Experience"" has thin description",Audit gap: Source event image from operator or generate | Audit gap: Write proper event description,70,45
event-the-good-life-society-summer-camp,dynamic,event,/events/the-good-life-society-summer-camp,The Good Life Society Summer Camp,,,not_applicable,8,qa_needed,false,content-ops,,0,,missing,missing,,needs_review,needs_review,needs_review,not_applicable,needs_review,,,,,"Event ""The Good Life Society Summer Camp"" missing image",Audit gap: Source event image from operator or generate,55,25
event-the-howum-2026,dynamic,event,/events/the-howum-2026,The Howum 2026,,,not_applicable,8,qa_needed,false,content-ops,,0,,partial,needs_review,,missing,needs_review,needs_review,not_applicable,needs_review,,,,,"Event ""The HOWUM 2026"" missing image | Event ""The HOWUM 2026"" has thin description",Audit gap: Source event image from operator or generate | Audit gap: Write proper event description,70,45
event-the-howum-half-2026,dynamic,event,/events/the-howum-half-2026,The Howum Half 2026,,,not_applicable,8,qa_needed,false,content-ops,,0,,partial,needs_review,,missing,needs_review,needs_review,not_applicable,needs_review,,,,,"Event ""The HOWUM HALF 2026"" missing image | Event ""The HOWUM HALF 2026"" has thin description",Audit gap: Source event image from operator or generate | Audit gap: Write proper event description,70,45
event-the-hurly-burly,dynamic,event,/events/the-hurly-burly,The Hurly Burly,,,not_applicable,8,qa_needed,false,content-ops,,0,,missing,missing,,needs_review,needs_review,needs_review,not_applicable,needs_review,,,,,"Event ""The Hurly Burly"" missing image",Audit gap: Source event image from operator or generate,55,25
event-the-loop-ultra,dynamic,event,/events/the-loop-ultra,The Loop Ultra,,,not_applicable,8,qa_needed,false,content-ops,,0,,missing,missing,,needs_review,needs_review,needs_review,not_applicable,needs_review,,,,,"Event ""The Loop Ultra"" missing image",Audit gap: Source event image from operator or generate,55,25
event-the-pigum-2026,dynamic,event,/events/the-pigum-2026,The Pigum 2026,,,not_applicable,8,qa_needed,false,content-ops,,0,,partial,needs_review,,missing,needs_review,needs_review,not_applicable,needs_review,,,,,"Event ""The PIGUM 2026"" missing image | Event ""The PIGUM 2026"" has thin description",Audit gap: Source event image from operator or generate | Audit gap: Write proper event description,70,45
event-the-pigum-half-2026,dynamic,event,/events/the-pigum-half-2026,The Pigum Half 2026,,,not_applicable,8,qa_needed,false,content-ops,,0,,partial,needs_review,,missing,needs_review,needs_review,not_applicable,needs_review,,,,,"Event ""The PIGUM HALF 2026"" missing image | Event ""The PIGUM HALF 2026"" has thin description",Audit gap: Source event image from operator or generate | Audit gap: Write proper event description,70,45
event-the-ridum-2026,dynamic,event,/events/the-ridum-2026,The Ridum 2026,,,not_applicable,8,qa_needed,false,content-ops,,0,,partial,needs_review,,missing,needs_review,needs_review,not_applicable,needs_review,,,,,"Event ""The RIDUM 2026"" missing image | Event ""The RIDUM 2026"" has thin description",Audit gap: Source event image from operator or generate | Audit gap: Write proper event description,70,45
event-the-ridum-half-2026,dynamic,event,/events/the-ridum-half-2026,The Ridum Half 2026,,,not_applicable,8,qa_needed,false,content-ops,,0,,partial,needs_review,,missing,needs_review,needs_review,not_applicable,needs_review,,,,,"Event ""The RIDUM HALF 2026"" missing image | Event ""The RIDUM HALF 2026"" has thin description",Audit gap: Source event image from operator or generate | Audit gap: Write proper event description,70,45
event-the-square-festival,dynamic,event,/events/the-square-festival,The Square Festival,,,not_applicable,8,qa_needed,false,content-ops,,0,,partial,needs_review,,missing,needs_review,needs_review,not_applicable,needs_review,,,,,"Event ""The Square Festival"" missing image | Event ""The Square Festival"" has thin description",Audit gap: Source event image from operator or generate | Audit gap: Write proper event description,70,45
event-the-vogum-2026,dynamic,event,/events/the-vogum-2026,The Vogum 2026,,,not_applicable,8,qa_needed,false,content-ops,,0,,partial,needs_review,,missing,needs_review,needs_review,not_applicable,needs_review,,,,,"Event ""The VOGUM 2026"" missing image | Event ""The VOGUM 2026"" has thin description",Audit gap: Source event image from operator or generate | Audit gap: Write proper event description,70,45
event-the-wales-5k,dynamic,event,/events/the-wales-5k,The Wales 5k,,,not_applicable,8,qa_needed,false,content-ops,,0,,partial,needs_review,,missing,needs_review,needs_review,not_applicable,needs_review,,,,,"Event ""The Wales 5K"" missing image | Event ""The Wales 5K"" has thin description",Audit gap: Source event image from operator or generate | Audit gap: Write proper event description,70,45
event-the-wales-half-marathon,dynamic,event,/events/the-wales-half-marathon,The Wales Half Marathon,,,not_applicable,8,qa_needed,false,content-ops,,0,,partial,needs_review,,missing,needs_review,needs_review,not_applicable,needs_review,,,,,"Event ""The Wales Half Marathon"" missing image | Event ""The Wales Half Marathon"" has thin description",Audit gap: Source event image from operator or generate | Audit gap: Write proper event description,70,45
event-the-wales-marathon,dynamic,event,/events/the-wales-marathon,The Wales Marathon,,,not_applicable,8,qa_needed,false,content-ops,,0,,partial,needs_review,,missing,needs_review,needs_review,not_applicable,needs_review,,,,,"Event ""The Wales Marathon"" missing image | Event ""The Wales Marathon"" has thin description",Audit gap: Source event image from operator or generate | Audit gap: Write proper event description,70,45
event-the-wales-sportive,dynamic,event,/events/the-wales-sportive,The Wales Sportive,,,not_applicable,8,qa_needed,false,content-ops,,0,,partial,needs_review,,missing,needs_review,needs_review,not_applicable,needs_review,,,,,"Event ""The Wales Sportive"" missing image | Event ""The Wales Sportive"" has thin description",Audit gap: Source event image from operator or generate | Audit gap: Write proper event description,70,45
event-the-wales-swim,dynamic,event,/events/the-wales-swim,The Wales Swim,,,not_applicable,8,qa_needed,false,content-ops,,0,,partial,needs_review,,missing,needs_review,needs_review,not_applicable,needs_review,,,,,"Event ""The Wales Swim"" missing image | Event ""The Wales Swim"" has thin description",Audit gap: Source event image from operator or generate | Audit gap: Write proper event description,70,45
event-the-wales-swimrun-2026,dynamic,event,/events/the-wales-swimrun-2026,The Wales Swimrun 2026,,,not_applicable,8,qa_needed,false,content-ops,,0,,missing,missing,,needs_review,needs_review,needs_review,not_applicable,needs_review,,,,,"Event ""The Wales Swimrun"" missing image",Audit gap: Source event image from operator or generate,55,25
event-titan-brecon-middle,dynamic,event,/events/titan-brecon-middle,Titan Brecon Middle,,,not_applicable,8,qa_needed,false,content-ops,,0,,missing,missing,,needs_review,needs_review,needs_review,not_applicable,needs_review,,,,,"Event ""Titan Brecon Middle"" missing image",Audit gap: Source event image from operator or generate,55,25
event-titan-brecon-olympic,dynamic,event,/events/titan-brecon-olympic,Titan Brecon Olympic,,,not_applicable,8,qa_needed,false,content-ops,,0,,partial,needs_review,,missing,needs_review,needs_review,not_applicable,needs_review,,,,,"Event ""Titan Brecon Olympic"" missing image | Event ""Titan Brecon Olympic"" has thin description",Audit gap: Source event image from operator or generate | Audit gap: Write proper event description,70,45
event-tivyside-agricultural-show,dynamic,event,/events/tivyside-agricultural-show,Tivyside Agricultural Show,,,not_applicable,8,qa_needed,false,content-ops,,0,,missing,missing,,needs_review,needs_review,needs_review,not_applicable,needs_review,,,,,"Event ""Tivyside Agricultural Show"" missing image",Audit gap: Source event image from operator or generate,55,25
event-top-of-the-woods-film-festival,dynamic,event,/events/top-of-the-woods-film-festival,Top Of The Woods Film Festival,,,not_applicable,8,qa_needed,false,content-ops,,0,,missing,missing,,needs_review,needs_review,needs_review,not_applicable,needs_review,,,,,"Event ""Top of the Woods Film Festival"" missing image",Audit gap: Source event image from operator or generate,55,25
event-trail-10k-eryri-2026,dynamic,event,/events/trail-10k-eryri-2026,Trail 10k Eryri 2026,,,not_applicable,8,qa_needed,false,content-ops,,0,,partial,needs_review,,missing,needs_review,needs_review,not_applicable,needs_review,,,,,"Event ""Trail 10K Eryri 2026"" missing image | Event ""Trail 10K Eryri 2026"" has thin description",Audit gap: Source event image from operator or generate | Audit gap: Write proper event description,70,45
event-trails-tarmac-12-hour-byu,dynamic,event,/events/trails-tarmac-12-hour-byu,Trails Tarmac 12 Hour Byu,,,not_applicable,8,qa_needed,false,content-ops,,0,,partial,needs_review,,missing,needs_review,needs_review,not_applicable,needs_review,,,,,"Event ""Trails & Tarmac 12 hour BYU"" missing image | Event ""Trails & Tarmac 12 hour BYU"" has thin description",Audit gap: Source event image from operator or generate | Audit gap: Write proper event description,70,45
event-trails-tarmac-summer-byu,dynamic,event,/events/trails-tarmac-summer-byu,Trails Tarmac Summer Byu,,,not_applicable,8,qa_needed,false,content-ops,,0,,partial,needs_review,,missing,needs_review,needs_review,not_applicable,needs_review,,,,,"Event ""Trails & Tarmac Summer BYU"" missing image | Event ""Trails & Tarmac Summer BYU"" has thin description",Audit gap: Source event image from operator or generate | Audit gap: Write proper event description,70,45
event-trails-tarmac-winter-byu,dynamic,event,/events/trails-tarmac-winter-byu,Trails Tarmac Winter Byu,,,not_applicable,8,qa_needed,false,content-ops,,0,,partial,needs_review,,missing,needs_review,needs_review,not_applicable,needs_review,,,,,"Event ""Trails & Tarmac Winter BYU"" missing image | Event ""Trails & Tarmac Winter BYU"" has thin description",Audit gap: Source event image from operator or generate | Audit gap: Write proper event description,70,45
event-trapp-show,dynamic,event,/events/trapp-show,Trapp Show,,,not_applicable,8,qa_needed,false,content-ops,,0,,missing,missing,,needs_review,needs_review,needs_review,not_applicable,needs_review,,,,,"Event ""Trapp Show"" missing image",Audit gap: Source event image from operator or generate,55,25
event-tredegar-house-easter-hunt-easter-egg-hunt,dynamic,event,/events/tredegar-house-easter-hunt-easter-egg-hunt,Tredegar House Easter Hunt Easter Egg Hunt,,,not_applicable,8,qa_needed,false,content-ops,,0,,partial,needs_review,,missing,needs_review,needs_review,not_applicable,needs_review,,,,,"Event ""Tredegar House Easter Hunt Easter Egg Hunt"" missing image | Event ""Tredegar House Easter Hunt Easter Egg Hunt"" has thin description",Audit gap: Source event image from operator or generate | Audit gap: Write proper event description,70,45
event-tredegar-house-folk-festival,dynamic,event,/events/tredegar-house-folk-festival,Tredegar House Folk Festival,,,not_applicable,8,qa_needed,false,content-ops,,0,,missing,missing,,needs_review,needs_review,needs_review,not_applicable,needs_review,,,,,"Event ""Tredegar House Folk Festival"" missing image",Audit gap: Source event image from operator or generate,55,25
event-tregaron-harness-racing-festival,dynamic,event,/events/tregaron-harness-racing-festival,Tregaron Harness Racing Festival,,,not_applicable,8,qa_needed,false,content-ops,,0,,missing,missing,,needs_review,needs_review,needs_review,not_applicable,needs_review,,,,,"Event ""Tregaron Harness Racing Festival"" missing image",Audit gap: Source event image from operator or generate,55,25
event-tuska-sprint-triathlon,dynamic,event,/events/tuska-sprint-triathlon,Tuska Sprint Triathlon,,,not_applicable,8,qa_needed,false,content-ops,,0,,partial,needs_review,,missing,needs_review,needs_review,not_applicable,needs_review,,,,,"Event ""Tuska Sprint Triathlon"" missing image | Event ""Tuska Sprint Triathlon"" has thin description",Audit gap: Source event image from operator or generate | Audit gap: Write proper event description,70,45
event-ty-poeth-farm-pumpkin-picking,dynamic,event,/events/ty-poeth-farm-pumpkin-picking,Ty Poeth Farm Pumpkin Picking,,,not_applicable,8,qa_needed,false,content-ops,,0,,partial,needs_review,,missing,needs_review,needs_review,not_applicable,needs_review,,,,,"Event ""Ty Poeth Farm Pumpkin Picking"" missing image | Event ""Ty Poeth Farm Pumpkin Picking"" has thin description",Audit gap: Source event image from operator or generate | Audit gap: Write proper event description,70,45
event-unearthed-festival,dynamic,event,/events/unearthed-festival,Unearthed Festival,,,not_applicable,8,qa_needed,false,content-ops,,0,,partial,needs_review,,missing,needs_review,needs_review,not_applicable,needs_review,,,,,"Event ""Unearthed Festival"" missing image | Event ""Unearthed Festival"" has thin description",Audit gap: Source event image from operator or generate | Audit gap: Write proper event description,70,45
event-united-counties-show,dynamic,event,/events/united-counties-show,United Counties Show,,,not_applicable,8,qa_needed,false,content-ops,,0,,missing,missing,,needs_review,needs_review,needs_review,not_applicable,needs_review,,,,,"Event ""United Counties Show"" missing image",Audit gap: Source event image from operator or generate,55,25
event-urdd-eisteddfod,dynamic,event,/events/urdd-eisteddfod,Urdd Eisteddfod,,,not_applicable,8,qa_needed,false,content-ops,,0,,partial,needs_review,,missing,needs_review,needs_review,not_applicable,needs_review,,,,,"Event ""Urdd Eisteddfod"" missing image | Event ""Urdd Eisteddfod"" has thin description",Audit gap: Source event image from operator or generate | Audit gap: Write proper event description,70,45
event-urdd-national-eisteddfod,dynamic,event,/events/urdd-national-eisteddfod,Urdd National Eisteddfod,,,not_applicable,8,qa_needed,false,content-ops,,0,,missing,missing,,needs_review,needs_review,needs_review,not_applicable,needs_review,,,,,"Event ""Urdd National Eisteddfod"" missing image",Audit gap: Source event image from operator or generate,55,25
event-usk-farmers-market,dynamic,event,/events/usk-farmers-market,Usk Farmers Market,,,not_applicable,8,qa_needed,false,content-ops,,0,,missing,missing,,needs_review,needs_review,needs_review,not_applicable,needs_review,,,,,"Event ""Usk Farmers Market"" missing image",Audit gap: Source event image from operator or generate,55,25
event-usk-show,dynamic,event,/events/usk-show,Usk Show,,,not_applicable,8,qa_needed,false,content-ops,,0,,missing,missing,,needs_review,needs_review,needs_review,not_applicable,needs_review,,,,,"Event ""Usk Show"" missing image",Audit gap: Source event image from operator or generate,55,25
event-vale-of-glamorgan-agricultural-show,dynamic,event,/events/vale-of-glamorgan-agricultural-show,Vale Of Glamorgan Agricultural Show,,,not_applicable,8,qa_needed,false,content-ops,,0,,missing,missing,,needs_review,needs_review,needs_review,not_applicable,needs_review,,,,,"Event ""Vale of Glamorgan Agricultural Show"" missing image",Audit gap: Source event image from operator or generate,55,25
event-vale-of-glamorgan-festival,dynamic,event,/events/vale-of-glamorgan-festival,Vale Of Glamorgan Festival,,,not_applicable,8,qa_needed,false,content-ops,,0,,partial,needs_review,,missing,needs_review,needs_review,not_applicable,needs_review,,,,,"Event ""Vale of Glamorgan Festival"" missing image | Event ""Vale of Glamorgan Festival"" has thin description",Audit gap: Source event image from operator or generate | Audit gap: Write proper event description,70,45
event-vale-of-glamorgan-show,dynamic,event,/events/vale-of-glamorgan-show,Vale Of Glamorgan Show,,,not_applicable,8,qa_needed,false,content-ops,,0,,missing,missing,,needs_review,needs_review,needs_review,not_applicable,needs_review,,,,,"Event ""Vale of Glamorgan Show"" missing image",Audit gap: Source event image from operator or generate,55,25
event-velvet-coalmine,dynamic,event,/events/velvet-coalmine,Velvet Coalmine,,,not_applicable,8,qa_needed,false,content-ops,,0,,partial,needs_review,,missing,needs_review,needs_review,not_applicable,needs_review,,,,,"Event ""Velvet Coalmine"" missing image | Event ""Velvet Coalmine"" has thin description",Audit gap: Source event image from operator or generate | Audit gap: Write proper event description,70,45
event-wales-airshow,dynamic,event,/events/wales-airshow,Wales Airshow,,,not_applicable,8,qa_needed,false,content-ops,,0,,missing,missing,,needs_review,needs_review,needs_review,not_applicable,needs_review,,,,,"Event ""Wales Airshow"" missing image",Audit gap: Source event image from operator or generate,55,25
event-wales-international-film-festival,dynamic,event,/events/wales-international-film-festival,Wales International Film Festival,,,not_applicable,8,qa_needed,false,content-ops,,0,,missing,missing,,needs_review,needs_review,needs_review,not_applicable,needs_review,,,,,"Event ""Wales International Film Festival"" missing image",Audit gap: Source event image from operator or generate,55,25
event-wales-one-world-film-festival,dynamic,event,/events/wales-one-world-film-festival,Wales One World Film Festival,,,not_applicable,8,qa_needed,false,content-ops,,0,,missing,missing,,needs_review,needs_review,needs_review,not_applicable,needs_review,,,,,"Event ""Wales One World Film Festival"" missing image",Audit gap: Source event image from operator or generate,55,25
event-wales-triathlon,dynamic,event,/events/wales-triathlon,Wales Triathlon,,,not_applicable,8,qa_needed,false,content-ops,,0,,partial,needs_review,,missing,needs_review,needs_review,not_applicable,needs_review,,,,,"Event ""Wales Triathlon"" missing image | Event ""Wales Triathlon"" has thin description",Audit gap: Source event image from operator or generate | Audit gap: Write proper event description,70,45
event-walrus-dip,dynamic,event,/events/walrus-dip,Walrus Dip,,,not_applicable,8,qa_needed,false,content-ops,,0,,missing,missing,,needs_review,needs_review,needs_review,not_applicable,needs_review,,,,,"Event ""Walrus Dip"" missing image",Audit gap: Source event image from operator or generate,55,25
event-welsh-1000m-peaks-race,dynamic,event,/events/welsh-1000m-peaks-race,Welsh 1000m Peaks Race,,,not_applicable,8,qa_needed,false,content-ops,,0,,partial,needs_review,,missing,needs_review,needs_review,not_applicable,needs_review,,,,,"Event ""Welsh 1000m Peaks Race"" missing image | Event ""Welsh 1000m Peaks Race"" has thin description",Audit gap: Source event image from operator or generate | Audit gap: Write proper event description,70,45
event-welsh-dairy-show,dynamic,event,/events/welsh-dairy-show,Welsh Dairy Show,,,not_applicable,8,qa_needed,false,content-ops,,0,,missing,missing,,needs_review,needs_review,needs_review,not_applicable,needs_review,,,,,"Event ""Welsh Dairy Show"" missing image",Audit gap: Source event image from operator or generate,55,25
event-welsh-harp-sailing,dynamic,event,/events/welsh-harp-sailing,Welsh Harp Sailing,,,not_applicable,8,qa_needed,false,content-ops,,0,,partial,needs_review,,missing,needs_review,needs_review,not_applicable,needs_review,,,,,"Event ""Welsh Harp Sailing"" missing image | Event ""Welsh Harp Sailing"" has thin description",Audit gap: Source event image from operator or generate | Audit gap: Write proper event description,70,45
event-welsh-interclub-surfing,dynamic,event,/events/welsh-interclub-surfing,Welsh Interclub Surfing,,,not_applicable,8,qa_needed,false,content-ops,,0,,missing,missing,,needs_review,needs_review,needs_review,not_applicable,needs_review,,,,,"Event ""Welsh Interclub Surfing Championships"" missing image",Audit gap: Source event image from operator or generate,55,25
event-welsh-junior-surfing-champs,dynamic,event,/events/welsh-junior-surfing-champs,Welsh Junior Surfing Champs,,,not_applicable,8,qa_needed,false,content-ops,,0,,partial,needs_review,,missing,needs_review,needs_review,not_applicable,needs_review,,,,,"Event ""Welsh Junior Surfing Championships"" missing image | Event ""Welsh Junior Surfing Championships"" has thin description",Audit gap: Source event image from operator or generate | Audit gap: Write proper event description,70,45
event-welsh-national-surfing-champs,dynamic,event,/events/welsh-national-surfing-champs,Welsh National Surfing Champs,,,not_applicable,8,qa_needed,false,content-ops,,0,,missing,missing,,needs_review,needs_review,needs_review,not_applicable,needs_review,,,,,"Event ""Welsh National Surfing Championships"" missing image",Audit gap: Source event image from operator or generate,55,25
event-welsh-perry-and-cider-festival,dynamic,event,/events/welsh-perry-and-cider-festival,Welsh Perry And Cider Festival,,,not_applicable,8,qa_needed,false,content-ops,,0,,missing,missing,,needs_review,needs_review,needs_review,not_applicable,needs_review,,,,,"Event ""Welsh Perry and Cider Festival"" missing image",Audit gap: Source event image from operator or generate,55,25
event-welsh-varsity-boat-race,dynamic,event,/events/welsh-varsity-boat-race,Welsh Varsity Boat Race,,,not_applicable,8,qa_needed,false,content-ops,,0,,missing,missing,,needs_review,needs_review,needs_review,not_applicable,needs_review,,,,,"Event ""Welsh Varsity Boat Race"" missing image",Audit gap: Source event image from operator or generate,55,25
event-welshpool-country-music-festival,dynamic,event,/events/welshpool-country-music-festival,Welshpool Country Music Festival,,,not_applicable,8,qa_needed,false,content-ops,,0,,missing,missing,,needs_review,needs_review,needs_review,not_applicable,needs_review,,,,,"Event ""Welshpool Country Music Festival"" missing image",Audit gap: Source event image from operator or generate,55,25
event-welshpool-farmers-market,dynamic,event,/events/welshpool-farmers-market,Welshpool Farmers Market,,,not_applicable,8,qa_needed,false,content-ops,,0,,missing,missing,,needs_review,needs_review,needs_review,not_applicable,needs_review,,,,,"Event ""Welshpool Farmers Market"" missing image",Audit gap: Source event image from operator or generate,55,25
event-welshpool-fireworks-fireworks-display,dynamic,event,/events/welshpool-fireworks-fireworks-display,Welshpool Fireworks Fireworks Display,,,not_applicable,8,qa_needed,false,content-ops,,0,,partial,needs_review,,missing,needs_review,needs_review,not_applicable,needs_review,,,,,"Event ""Welshpool Fireworks Fireworks Display"" missing image | Event ""Welshpool Fireworks Fireworks Display"" has thin description",Audit gap: Source event image from operator or generate | Audit gap: Write proper event description,70,45
event-welshpool-triathlon,dynamic,event,/events/welshpool-triathlon,Welshpool Triathlon,,,not_applicable,8,qa_needed,false,content-ops,,0,,partial,needs_review,,missing,needs_review,needs_review,not_applicable,needs_review,,,,,"Event ""Welshpool Triathlon"" missing image | Event ""Welshpool Triathlon"" has thin description",Audit gap: Source event image from operator or generate | Audit gap: Write proper event description,70,45
event-wepre-junior-parkrun,dynamic,event,/events/wepre-junior-parkrun,Wepre Junior Parkrun,,,not_applicable,8,qa_needed,false,content-ops,,0,,partial,needs_review,,missing,needs_review,needs_review,not_applicable,needs_review,,,,,"Event ""Wepre Junior Parkrun"" missing image | Event ""Wepre Junior Parkrun"" has thin description",Audit gap: Source event image from operator or generate | Audit gap: Write proper event description,70,45
event-wepre-parkrun,dynamic,event,/events/wepre-parkrun,Wepre Parkrun,,,not_applicable,8,qa_needed,false,content-ops,,0,,missing,missing,,needs_review,needs_review,needs_review,not_applicable,needs_review,,,,,"Event ""Wepre Parkrun"" missing image",Audit gap: Source event image from operator or generate,55,25
event-westival,dynamic,event,/events/westival,Westival,,,not_applicable,8,qa_needed,false,content-ops,,0,,partial,needs_review,,missing,needs_review,needs_review,not_applicable,needs_review,,,,,"Event ""Westival"" missing image | Event ""Westival"" has thin description",Audit gap: Source event image from operator or generate | Audit gap: Write proper event description,70,45
event-whitesands-new-year-s-day-swim,dynamic,event,/events/whitesands-new-year-s-day-swim,Whitesands New Year S Day Swim,,,not_applicable,8,qa_needed,false,content-ops,,0,,missing,missing,,needs_review,needs_review,needs_review,not_applicable,needs_review,,,,,"Event ""Whitesands New Year's Day Swim"" missing image",Audit gap: Source event image from operator or generate,55,25
event-whitesands-nyd-swim,dynamic,event,/events/whitesands-nyd-swim,Whitesands Nyd Swim,,,not_applicable,8,qa_needed,false,content-ops,,0,,missing,missing,,needs_review,needs_review,needs_review,not_applicable,needs_review,,,,,"Event ""Whitesands NYD Swim"" missing image",Audit gap: Source event image from operator or generate,55,25
event-whole-earth-man-v-horse,dynamic,event,/events/whole-earth-man-v-horse,Whole Earth Man V Horse,,,not_applicable,8,qa_needed,false,content-ops,,0,,missing,missing,,needs_review,needs_review,needs_review,not_applicable,needs_review,,,,,"Event ""Whole Earth Man v Horse"" missing image",Audit gap: Source event image from operator or generate,55,25
event-wild-horse-brewing-co-llandudno-triathlon-2026,dynamic,event,/events/wild-horse-brewing-co-llandudno-triathlon-2026,Wild Horse Brewing Co Llandudno Triathlon 2026,,,not_applicable,8,qa_needed,false,content-ops,,0,,missing,missing,,needs_review,needs_review,needs_review,not_applicable,needs_review,,,,,"Event ""Wild Horse Brewing Co. Llandudno Triathlon 2026"" missing image",Audit gap: Source event image from operator or generate,55,25
event-windsor-farm-pumpkin-picking,dynamic,event,/events/windsor-farm-pumpkin-picking,Windsor Farm Pumpkin Picking,,,not_applicable,8,qa_needed,false,content-ops,,0,,partial,needs_review,,missing,needs_review,needs_review,not_applicable,needs_review,,,,,"Event ""Windsor Farm Pumpkin Picking"" missing image | Event ""Windsor Farm Pumpkin Picking"" has thin description",Audit gap: Source event image from operator or generate | Audit gap: Write proper event description,70,45
event-winter-solstice-bryn-celli-ddu,dynamic,event,/events/winter-solstice-bryn-celli-ddu,Winter Solstice Bryn Celli Ddu,,,not_applicable,8,qa_needed,false,content-ops,,0,,missing,missing,,needs_review,needs_review,needs_review,not_applicable,needs_review,,,,,"Event ""Winter Solstice at Bryn Celli Ddu"" missing image",Audit gap: Source event image from operator or generate,55,25
event-winter-walk-at-dyffryn-gardens,dynamic,event,/events/winter-walk-at-dyffryn-gardens,Winter Walk At Dyffryn Gardens,,,not_applicable,8,qa_needed,false,content-ops,,0,,missing,missing,,needs_review,needs_review,needs_review,not_applicable,needs_review,,,,,"Event ""Winter Walk at Dyffryn Gardens"" missing image",Audit gap: Source event image from operator or generate,55,25
event-wisemans-bridge-rowing,dynamic,event,/events/wisemans-bridge-rowing,Wisemans Bridge Rowing,,,not_applicable,8,qa_needed,false,content-ops,,0,,partial,needs_review,,missing,needs_review,needs_review,not_applicable,needs_review,,,,,"Event ""Wiseman's Bridge Rowing Regatta"" missing image | Event ""Wiseman's Bridge Rowing Regatta"" has thin description",Audit gap: Source event image from operator or generate | Audit gap: Write proper event description,70,45
event-wonderwool-wales,dynamic,event,/events/wonderwool-wales,Wonderwool Wales,,,not_applicable,8,qa_needed,false,content-ops,,0,,missing,missing,,needs_review,needs_review,needs_review,not_applicable,needs_review,,,,,"Event ""Wonderwool Wales"" missing image",Audit gap: Source event image from operator or generate,55,25
event-world-alternate-games,dynamic,event,/events/world-alternate-games,World Alternate Games,,,not_applicable,8,qa_needed,false,content-ops,,0,,missing,missing,,needs_review,needs_review,needs_review,not_applicable,needs_review,,,,,"Event ""World Alternate Games"" missing image",Audit gap: Source event image from operator or generate,55,25
event-world-bog-snorkelling,dynamic,event,/events/world-bog-snorkelling,World Bog Snorkelling,,,not_applicable,8,qa_needed,false,content-ops,,0,,missing,missing,,needs_review,needs_review,needs_review,not_applicable,needs_review,,,,,"Event ""World Bog Snorkelling"" missing image",Audit gap: Source event image from operator or generate,55,25
event-wow-film-festival,dynamic,event,/events/wow-film-festival,Wow Film Festival,,,not_applicable,8,qa_needed,false,content-ops,,0,,missing,missing,,needs_review,needs_review,needs_review,not_applicable,needs_review,,,,,"Event ""Wow Film Festival"" missing image",Audit gap: Source event image from operator or generate,55,25
event-wrexham-food-festival,dynamic,event,/events/wrexham-food-festival,Wrexham Food Festival,,,not_applicable,8,qa_needed,false,content-ops,,0,,missing,missing,,needs_review,needs_review,needs_review,not_applicable,needs_review,,,,,"Event ""Wrexham Food Festival"" missing image",Audit gap: Source event image from operator or generate,55,25
event-wrexham-walking-festival,dynamic,event,/events/wrexham-walking-festival,Wrexham Walking Festival,,,not_applicable,8,qa_needed,false,content-ops,,0,,missing,missing,,needs_review,needs_review,needs_review,not_applicable,needs_review,,,,,"Event ""Wrexham Walking Festival"" missing image",Audit gap: Source event image from operator or generate,55,25
event-wsf-masters,dynamic,event,/events/wsf-masters,Wsf Masters,,,not_applicable,8,qa_needed,false,content-ops,,0,,partial,needs_review,,missing,needs_review,needs_review,not_applicable,needs_review,,,,,"Event ""WSF Masters"" missing image | Event ""WSF Masters"" has thin description",Audit gap: Source event image from operator or generate | Audit gap: Write proper event description,70,45
event-wwt-llanelli-wetland-centre-events,dynamic,event,/events/wwt-llanelli-wetland-centre-events,Wwt Llanelli Wetland Centre Events,,,not_applicable,8,qa_needed,false,content-ops,,0,,partial,needs_review,,missing,needs_review,needs_review,not_applicable,needs_review,,,,,"Event ""WWT Llanelli Wetland Centre Events"" missing image | Event ""WWT Llanelli Wetland Centre Events"" has thin description",Audit gap: Source event image from operator or generate | Audit gap: Write proper event description,70,45
event-x-music-festival,dynamic,event,/events/x-music-festival,X Music Festival,,,not_applicable,8,qa_needed,false,content-ops,,0,,missing,missing,,needs_review,needs_review,needs_review,not_applicable,needs_review,,,,,"Event ""X Music Festival"" missing image",Audit gap: Source event image from operator or generate,55,25
event-zip-world-fright-nights,dynamic,event,/events/zip-world-fright-nights,Zip World Fright Nights,,,not_applicable,8,qa_needed,false,content-ops,,0,,missing,missing,,needs_review,needs_review,needs_review,not_applicable,needs_review,,,,,"Event ""Zip World Fright Nights"" missing image",Audit gap: Source event image from operator or generate,55,25
journal-adventure-guide-brecon-beacons,dynamic,journal,/journal/adventure-guide-brecon-beacons,Adventure Guide Brecon Beacons,,,not_applicable,8,qa_needed,false,content-ops,,0,,missing,missing,,needs_review,needs_review,needs_review,not_applicable,needs_review,,,,,"Journal ""The Complete Adventure Guide to the Brecon Beacons"" missing hero image",Audit gap: Source or generate article hero image,55,25
journal-best-caves-brecon-beacons,dynamic,journal,/journal/best-caves-brecon-beacons,Best Caves Brecon Beacons,,,not_applicable,8,qa_needed,false,content-ops,,0,,missing,missing,,needs_review,needs_review,needs_review,not_applicable,needs_review,,,,,"Journal ""Best Caves in the Brecon Beacons: A Local Guide"" missing hero image",Audit gap: Source or generate article hero image,55,25
journal-complete-guide-sea-fishing-wales,dynamic,journal,/journal/complete-guide-sea-fishing-wales,Complete Guide Sea Fishing Wales,,,not_applicable,8,qa_needed,false,content-ops,,0,,missing,missing,,needs_review,needs_review,needs_review,not_applicable,needs_review,,,,,"Journal ""The Complete Guide to Sea Fishing in Wales"" missing hero image",Audit gap: Source or generate article hero image,55,25
journal-family-friendly-caves-wales,dynamic,journal,/journal/family-friendly-caves-wales,Family Friendly Caves Wales,,,not_applicable,8,qa_needed,false,content-ops,,0,,missing,missing,,needs_review,needs_review,needs_review,not_applicable,needs_review,,,,,"Journal ""Best Family-Friendly Caves in Wales: A Parents Guide"" missing hero image",Audit gap: Source or generate article hero image,55,25
journal-horse-riding-wales-epic-trail-rides,dynamic,journal,/journal/horse-riding-wales-epic-trail-rides,Horse Riding Wales Epic Trail Rides,,,not_applicable,8,qa_needed,false,content-ops,,0,,missing,missing,,needs_review,needs_review,needs_review,not_applicable,needs_review,,,,,"Journal ""Horse Riding in Wales: 5 Epic Trail Rides You Need to Try"" missing hero image",Audit gap: Source or generate article hero image,55,25
journal-show-caves-vs-adventure-caves,dynamic,journal,/journal/show-caves-vs-adventure-caves,Show Caves Vs Adventure Caves,,,not_applicable,8,qa_needed,false,content-ops,,0,,missing,missing,,needs_review,needs_review,needs_review,not_applicable,needs_review,,,,,"Journal ""Show Caves vs Adventure Caves in Wales"" missing hero image",Audit gap: Source or generate article hero image,55,25
journal-stag-hen-party-adventures-wales,dynamic,journal,/journal/stag-hen-party-adventures-wales,Stag Hen Party Adventures Wales,,,not_applicable,8,qa_needed,false,content-ops,,0,,missing,missing,,needs_review,needs_review,needs_review,not_applicable,needs_review,,,,,"Journal ""Stag & Hen Party Adventures in Wales: Beyond the Pub Crawl"" missing hero image",Audit gap: Source or generate article hero image,55,25
journal-wales-best-wildlife-encounters,dynamic,journal,/journal/wales-best-wildlife-encounters,Wales Best Wildlife Encounters,,,not_applicable,8,qa_needed,false,content-ops,,0,,missing,missing,,needs_review,needs_review,needs_review,not_applicable,needs_review,,,,,"Journal ""Wales' Best Wildlife Encounters: From Puffins to Red Kites"" missing hero image",Audit gap: Source or generate article hero image,55,25
journal-welsh-beaches-forget-cornwall,dynamic,journal,/journal/welsh-beaches-forget-cornwall,Welsh Beaches Forget Cornwall,,,not_applicable,8,qa_needed,false,content-ops,,0,,missing,missing,,needs_review,needs_review,needs_review,not_applicable,needs_review,,,,,"Journal ""10 Welsh Beaches That'll Make You Forget About Cornwall"" missing hero image",Audit gap: Source or generate article hero image,55,25
location-landing-all-wales,evergreen,location_landing,/all-wales,All Wales,all-wales,,not_applicable,8,qa_needed,false,content-ops,,0,,partial,needs_review,,missing,needs_review,needs_review,not_applicable,not_applicable,,,,,"Region ""All Wales"" has thin description",Audit gap: Write 200+ word region overview,55,45
activity-location-all-wales-archery,evergreen,activity_location,/all-wales/things-to-do/archery,All Wales / Archery,all-wales,archery,not_applicable,4,qa_needed,false,content-ops,,0,,partial,needs_review,,needs_review,needs_review,needs_review,not_applicable,not_applicable,,,,,Combo page has no enrichment data file,Audit gap: Run deep research skill to generate combo content,70,45
activity-location-all-wales-attractions,evergreen,activity_location,/all-wales/things-to-do/attractions,All Wales / Attractions,all-wales,attractions,not_applicable,4,qa_needed,false,content-ops,,0,,partial,needs_review,,needs_review,needs_review,needs_review,not_applicable,not_applicable,,,,,Combo page has no enrichment data file,Audit gap: Run deep research skill to generate combo content,70,45
activity-location-all-wales-beaches,evergreen,activity_location,/all-wales/things-to-do/beaches,All Wales / Beaches,all-wales,beaches,not_applicable,4,qa_needed,false,content-ops,,0,,partial,needs_review,,needs_review,needs_review,needs_review,not_applicable,not_applicable,,,,,Combo page has no enrichment data file,Audit gap: Run deep research skill to generate combo content,70,45
activity-location-all-wales-bike-hire,evergreen,activity_location,/all-wales/things-to-do/bike-hire,All Wales / Bike Hire,all-wales,bike-hire,not_applicable,4,qa_needed,false,content-ops,,0,,partial,needs_review,,needs_review,needs_review,needs_review,not_applicable,not_applicable,,,,,Combo page has no enrichment data file,Audit gap: Run deep research skill to generate combo content,70,45
activity-location-all-wales-boat-tour,evergreen,activity_location,/all-wales/things-to-do/boat-tour,All Wales / Boat Tour,all-wales,boat-tour,not_applicable,4,qa_needed,false,content-ops,,0,,partial,needs_review,,needs_review,needs_review,needs_review,not_applicable,not_applicable,,,,,Combo page has no enrichment data file,Audit gap: Run deep research skill to generate combo content,70,45
activity-location-all-wales-canyoning,evergreen,activity_location,/all-wales/things-to-do/canyoning,All Wales / Canyoning,all-wales,canyoning,not_applicable,4,qa_needed,false,content-ops,,0,,partial,needs_review,,needs_review,needs_review,needs_review,not_applicable,not_applicable,,,,,Combo page has no enrichment data file,Audit gap: Run deep research skill to generate combo content,70,45
activity-location-all-wales-caving,evergreen,activity_location,/all-wales/things-to-do/caving,All Wales / Caving,all-wales,caving,not_applicable,4,qa_needed,false,content-ops,,0,,partial,needs_review,,needs_review,needs_review,needs_review,not_applicable,not_applicable,,,,,Combo page has no enrichment data file,Audit gap: Run deep research skill to generate combo content,70,45
activity-location-all-wales-caving-potholing,evergreen,activity_location,/all-wales/things-to-do/caving-potholing,All Wales / Caving Potholing,all-wales,caving-potholing,not_applicable,4,qa_needed,false,content-ops,,0,,partial,needs_review,,needs_review,needs_review,needs_review,not_applicable,not_applicable,,,,,Combo page has no enrichment data file,Audit gap: Run deep research skill to generate combo content,70,45
activity-location-all-wales-climbing,evergreen,activity_location,/all-wales/things-to-do/climbing,All Wales / Climbing,all-wales,climbing,not_applicable,4,qa_needed,false,content-ops,,0,,partial,needs_review,,needs_review,needs_review,needs_review,not_applicable,not_applicable,,,,,Combo page has no enrichment data file,Audit gap: Run deep research skill to generate combo content,70,45
activity-location-all-wales-coasteering,evergreen,activity_location,/all-wales/things-to-do/coasteering,All Wales / Coasteering,all-wales,coasteering,not_applicable,4,qa_needed,false,content-ops,,0,,partial,needs_review,,needs_review,needs_review,needs_review,not_applicable,not_applicable,,,,,Combo page has no enrichment data file,Audit gap: Run deep research skill to generate combo content,70,45
activity-location-all-wales-fishing,evergreen,activity_location,/all-wales/things-to-do/fishing,All Wales / Fishing,all-wales,fishing,not_applicable,4,qa_needed,false,content-ops,,0,,partial,needs_review,,needs_review,needs_review,needs_review,not_applicable,not_applicable,,,,,Combo page has no enrichment data file,Audit gap: Run deep research skill to generate combo content,70,45
activity-location-all-wales-gorge-scrambling,evergreen,activity_location,/all-wales/things-to-do/gorge-scrambling,All Wales / Gorge Scrambling,all-wales,gorge-scrambling,not_applicable,4,qa_needed,false,content-ops,,0,,partial,needs_review,,needs_review,needs_review,needs_review,not_applicable,not_applicable,,,,,Combo page has no enrichment data file,Audit gap: Run deep research skill to generate combo content,70,45
activity-location-all-wales-gorge-walking,evergreen,activity_location,/all-wales/things-to-do/gorge-walking,All Wales / Gorge Walking,all-wales,gorge-walking,not_applicable,4,qa_needed,false,content-ops,,0,,partial,needs_review,,needs_review,needs_review,needs_review,not_applicable,not_applicable,,,,,Combo page has no enrichment data file,Audit gap: Run deep research skill to generate combo content,70,45
activity-location-all-wales-high-ropes,evergreen,activity_location,/all-wales/things-to-do/high-ropes,All Wales / High Ropes,all-wales,high-ropes,not_applicable,4,qa_needed,false,content-ops,,0,,partial,needs_review,,needs_review,needs_review,needs_review,not_applicable,not_applicable,,,,,Combo page has no enrichment data file,Audit gap: Run deep research skill to generate combo content,70,45
activity-location-all-wales-hiking,evergreen,activity_location,/all-wales/things-to-do/hiking,All Wales / Hiking,all-wales,hiking,not_applicable,4,qa_needed,false,content-ops,,0,,partial,needs_review,,needs_review,needs_review,needs_review,not_applicable,not_applicable,,,,,Combo page has no enrichment data file,Audit gap: Run deep research skill to generate combo content,70,45
activity-location-all-wales-hiking-scrambling,evergreen,activity_location,/all-wales/things-to-do/hiking-scrambling,All Wales / Hiking Scrambling,all-wales,hiking-scrambling,not_applicable,4,qa_needed,false,content-ops,,0,,partial,needs_review,,needs_review,needs_review,needs_review,not_applicable,not_applicable,,,,,Combo page has no enrichment data file,Audit gap: Run deep research skill to generate combo content,70,45
activity-location-all-wales-horse-riding,evergreen,activity_location,/all-wales/things-to-do/horse-riding,All Wales / Horse Riding,all-wales,horse-riding,not_applicable,4,qa_needed,false,content-ops,,0,,partial,needs_review,,needs_review,needs_review,needs_review,not_applicable,not_applicable,,,,,Combo page has no enrichment data file,Audit gap: Run deep research skill to generate combo content,70,45
activity-location-all-wales-jet-ski,evergreen,activity_location,/all-wales/things-to-do/jet-ski,All Wales / Jet Ski,all-wales,jet-ski,not_applicable,4,qa_needed,false,content-ops,,0,,partial,needs_review,,needs_review,needs_review,needs_review,not_applicable,not_applicable,,,,,Combo page has no enrichment data file,Audit gap: Run deep research skill to generate combo content,70,45
activity-location-all-wales-kayaking,evergreen,activity_location,/all-wales/things-to-do/kayaking,All Wales / Kayaking,all-wales,kayaking,not_applicable,4,qa_needed,false,content-ops,,0,,partial,needs_review,,needs_review,needs_review,needs_review,not_applicable,not_applicable,,,,,Combo page has no enrichment data file,Audit gap: Run deep research skill to generate combo content,70,45
activity-location-all-wales-kitesurfing,evergreen,activity_location,/all-wales/things-to-do/kitesurfing,All Wales / Kitesurfing,all-wales,kitesurfing,not_applicable,4,qa_needed,false,content-ops,,0,,partial,needs_review,,needs_review,needs_review,needs_review,not_applicable,not_applicable,,,,,Combo page has no enrichment data file,Audit gap: Run deep research skill to generate combo content,70,45
activity-location-all-wales-mine-exploration,evergreen,activity_location,/all-wales/things-to-do/mine-exploration,All Wales / Mine Exploration,all-wales,mine-exploration,not_applicable,4,qa_needed,false,content-ops,,0,,partial,needs_review,,needs_review,needs_review,needs_review,not_applicable,not_applicable,,,,,Combo page has no enrichment data file,Audit gap: Run deep research skill to generate combo content,70,45
activity-location-all-wales-mountain-biking,evergreen,activity_location,/all-wales/things-to-do/mountain-biking,All Wales / Mountain Biking,all-wales,mountain-biking,not_applicable,4,qa_needed,false,content-ops,,0,,partial,needs_review,,needs_review,needs_review,needs_review,not_applicable,not_applicable,,,,,Combo page has no enrichment data file,Audit gap: Run deep research skill to generate combo content,70,45
activity-location-all-wales-mtb-coaching,evergreen,activity_location,/all-wales/things-to-do/mtb-coaching,All Wales / Mtb Coaching,all-wales,mtb-coaching,not_applicable,4,qa_needed,false,content-ops,,0,,partial,needs_review,,needs_review,needs_review,needs_review,not_applicable,not_applicable,,,,,Combo page has no enrichment data file,Audit gap: Run deep research skill to generate combo content,70,45
activity-location-all-wales-paintball-laser-tag,evergreen,activity_location,/all-wales/things-to-do/paintball-laser-tag,All Wales / Paintball Laser Tag,all-wales,paintball-laser-tag,not_applicable,4,qa_needed,false,content-ops,,0,,partial,needs_review,,needs_review,needs_review,needs_review,not_applicable,not_applicable,,,,,Combo page has no enrichment data file,Audit gap: Run deep research skill to generate combo content,70,45
activity-location-all-wales-powerboating,evergreen,activity_location,/all-wales/things-to-do/powerboating,All Wales / Powerboating,all-wales,powerboating,not_applicable,4,qa_needed,false,content-ops,,0,,partial,needs_review,,needs_review,needs_review,needs_review,not_applicable,not_applicable,,,,,Combo page has no enrichment data file,Audit gap: Run deep research skill to generate combo content,70,45
activity-location-all-wales-rafting,evergreen,activity_location,/all-wales/things-to-do/rafting,All Wales / Rafting,all-wales,rafting,not_applicable,4,qa_needed,false,content-ops,,0,,partial,needs_review,,needs_review,needs_review,needs_review,not_applicable,not_applicable,,,,,Combo page has no enrichment data file,Audit gap: Run deep research skill to generate combo content,70,45
activity-location-all-wales-running,evergreen,activity_location,/all-wales/things-to-do/running,All Wales / Running,all-wales,running,not_applicable,4,qa_needed,false,content-ops,,0,,partial,needs_review,,needs_review,needs_review,needs_review,not_applicable,not_applicable,,,,,Combo page has no enrichment data file,Audit gap: Run deep research skill to generate combo content,70,45
activity-location-all-wales-sailing,evergreen,activity_location,/all-wales/things-to-do/sailing,All Wales / Sailing,all-wales,sailing,not_applicable,4,qa_needed,false,content-ops,,0,,partial,needs_review,,needs_review,needs_review,needs_review,not_applicable,not_applicable,,,,,Combo page has no enrichment data file,Audit gap: Run deep research skill to generate combo content,70,45
activity-location-all-wales-scenic-railway,evergreen,activity_location,/all-wales/things-to-do/scenic-railway,All Wales / Scenic Railway,all-wales,scenic-railway,not_applicable,4,qa_needed,false,content-ops,,0,,partial,needs_review,,needs_review,needs_review,needs_review,not_applicable,not_applicable,,,,,Combo page has no enrichment data file,Audit gap: Run deep research skill to generate combo content,70,45
activity-location-all-wales-sea-kayaking,evergreen,activity_location,/all-wales/things-to-do/sea-kayaking,All Wales / Sea Kayaking,all-wales,sea-kayaking,not_applicable,4,qa_needed,false,content-ops,,0,,partial,needs_review,,needs_review,needs_review,needs_review,not_applicable,not_applicable,,,,,Combo page has no enrichment data file,Audit gap: Run deep research skill to generate combo content,70,45
activity-location-all-wales-sup,evergreen,activity_location,/all-wales/things-to-do/sup,All Wales / Sup,all-wales,sup,not_applicable,4,qa_needed,false,content-ops,,0,,partial,needs_review,,needs_review,needs_review,needs_review,not_applicable,not_applicable,,,,,Combo page has no enrichment data file,Audit gap: Run deep research skill to generate combo content,70,45
activity-location-all-wales-surfing,evergreen,activity_location,/all-wales/things-to-do/surfing,All Wales / Surfing,all-wales,surfing,not_applicable,4,qa_needed,false,content-ops,,0,,partial,needs_review,,needs_review,needs_review,needs_review,not_applicable,not_applicable,,,,,Combo page has no enrichment data file,Audit gap: Run deep research skill to generate combo content,70,45
activity-location-all-wales-toboggan,evergreen,activity_location,/all-wales/things-to-do/toboggan,All Wales / Toboggan,all-wales,toboggan,not_applicable,4,qa_needed,false,content-ops,,0,,partial,needs_review,,needs_review,needs_review,needs_review,not_applicable,not_applicable,,,,,Combo page has no enrichment data file,Audit gap: Run deep research skill to generate combo content,70,45
activity-location-all-wales-trail-running,evergreen,activity_location,/all-wales/things-to-do/trail-running,All Wales / Trail Running,all-wales,trail-running,not_applicable,4,qa_needed,false,content-ops,,0,,partial,needs_review,,needs_review,needs_review,needs_review,not_applicable,not_applicable,,,,,Combo page has no enrichment data file,Audit gap: Run deep research skill to generate combo content,70,45
activity-location-all-wales-underground-trampolines,evergreen,activity_location,/all-wales/things-to-do/underground-trampolines,All Wales / Underground Trampolines,all-wales,underground-trampolines,not_applicable,4,qa_needed,false,content-ops,,0,,partial,needs_review,,needs_review,needs_review,needs_review,not_applicable,not_applicable,,,,,Combo page has no enrichment data file,Audit gap: Run deep research skill to generate combo content,70,45
activity-location-all-wales-wild-swimming,evergreen,activity_location,/all-wales/things-to-do/wild-swimming,All Wales / Wild Swimming,all-wales,wild-swimming,not_applicable,4,qa_needed,false,content-ops,,0,,partial,needs_review,,needs_review,needs_review,needs_review,not_applicable,not_applicable,,,,,Combo page has no enrichment data file,Audit gap: Run deep research skill to generate combo content,70,45
activity-location-all-wales-wildlife-birdwatching,evergreen,activity_location,/all-wales/things-to-do/wildlife-birdwatching,All Wales / Wildlife Birdwatching,all-wales,wildlife-birdwatching,not_applicable,4,qa_needed,false,content-ops,,0,,partial,needs_review,,needs_review,needs_review,needs_review,not_applicable,not_applicable,,,,,Combo page has no enrichment data file,Audit gap: Run deep research skill to generate combo content,70,45
activity-location-all-wales-wildlife-boat-tour,evergreen,activity_location,/all-wales/things-to-do/wildlife-boat-tour,All Wales / Wildlife Boat Tour,all-wales,wildlife-boat-tour,not_applicable,4,qa_needed,false,content-ops,,0,,partial,needs_review,,needs_review,needs_review,needs_review,not_applicable,not_applicable,,,,,Combo page has no enrichment data file,Audit gap: Run deep research skill to generate combo content,70,45
activity-location-all-wales-windsurfing,evergreen,activity_location,/all-wales/things-to-do/windsurfing,All Wales / Windsurfing,all-wales,windsurfing,not_applicable,4,qa_needed,false,content-ops,,0,,partial,needs_review,,needs_review,needs_review,needs_review,not_applicable,not_applicable,,,,,Combo page has no enrichment data file,Audit gap: Run deep research skill to generate combo content,70,45
activity-location-all-wales-wing-foiling,evergreen,activity_location,/all-wales/things-to-do/wing-foiling,All Wales / Wing Foiling,all-wales,wing-foiling,not_applicable,4,qa_needed,false,content-ops,,0,,partial,needs_review,,needs_review,needs_review,needs_review,not_applicable,not_applicable,,,,,Combo page has no enrichment data file,Audit gap: Run deep research skill to generate combo content,70,45
activity-location-all-wales-zip-lining,evergreen,activity_location,/all-wales/things-to-do/zip-lining,All Wales / Zip Lining,all-wales,zip-lining,not_applicable,4,qa_needed,false,content-ops,,0,,partial,needs_review,,needs_review,needs_review,needs_review,not_applicable,not_applicable,,,,,Combo page has no enrichment data file,Audit gap: Run deep research skill to generate combo content,70,45
activity-location-anglesey-archery,evergreen,activity_location,/anglesey/things-to-do/archery,Anglesey / Archery,anglesey,archery,not_applicable,4,qa_needed,false,content-ops,,0,,partial,needs_review,,needs_review,needs_review,needs_review,not_applicable,not_applicable,,,,,Combo page has no enrichment data file,Audit gap: Run deep research skill to generate combo content,70,45
activity-location-anglesey-attractions,evergreen,activity_location,/anglesey/things-to-do/attractions,Anglesey / Attractions,anglesey,attractions,not_applicable,4,qa_needed,false,content-ops,,0,,partial,needs_review,,needs_review,needs_review,needs_review,not_applicable,not_applicable,,,,,Combo page has no enrichment data file,Audit gap: Run deep research skill to generate combo content,70,45
activity-location-anglesey-beaches,evergreen,activity_location,/anglesey/things-to-do/beaches,Anglesey / Beaches,anglesey,beaches,not_applicable,4,qa_needed,false,content-ops,,0,,partial,needs_review,,needs_review,needs_review,needs_review,not_applicable,not_applicable,,,,,Combo page has no enrichment data file,Audit gap: Run deep research skill to generate combo content,70,45
activity-location-anglesey-bike-hire,evergreen,activity_location,/anglesey/things-to-do/bike-hire,Anglesey / Bike Hire,anglesey,bike-hire,not_applicable,4,qa_needed,false,content-ops,,0,,partial,needs_review,,needs_review,needs_review,needs_review,not_applicable,not_applicable,,,,,Combo page has no enrichment data file,Audit gap: Run deep research skill to generate combo content,70,45
activity-location-anglesey-boat-tour,evergreen,activity_location,/anglesey/things-to-do/boat-tour,Anglesey / Boat Tour,anglesey,boat-tour,not_applicable,4,qa_needed,false,content-ops,,0,,partial,needs_review,,needs_review,needs_review,needs_review,not_applicable,not_applicable,,,,,Combo page has no enrichment data file,Audit gap: Run deep research skill to generate combo content,70,45
activity-location-anglesey-canyoning,evergreen,activity_location,/anglesey/things-to-do/canyoning,Anglesey / Canyoning,anglesey,canyoning,not_applicable,4,qa_needed,false,content-ops,,0,,partial,needs_review,,needs_review,needs_review,needs_review,not_applicable,not_applicable,,,,,Combo page has no enrichment data file,Audit gap: Run deep research skill to generate combo content,70,45
activity-location-anglesey-caving,evergreen,activity_location,/anglesey/things-to-do/caving,Anglesey / Caving,anglesey,caving,not_applicable,4,qa_needed,false,content-ops,,0,,partial,needs_review,,needs_review,needs_review,needs_review,not_applicable,not_applicable,,,,,Combo page has no enrichment data file,Audit gap: Run deep research skill to generate combo content,70,45
activity-location-anglesey-caving-potholing,evergreen,activity_location,/anglesey/things-to-do/caving-potholing,Anglesey / Caving Potholing,anglesey,caving-potholing,not_applicable,4,qa_needed,false,content-ops,,0,,partial,needs_review,,needs_review,needs_review,needs_review,not_applicable,not_applicable,,,,,Combo page has no enrichment data file,Audit gap: Run deep research skill to generate combo content,70,45
activity-location-anglesey-climbing,evergreen,activity_location,/anglesey/things-to-do/climbing,Anglesey / Climbing,anglesey,climbing,not_applicable,4,qa_needed,false,content-ops,,0,,partial,needs_review,,needs_review,needs_review,needs_review,not_applicable,not_applicable,,,,,Combo page has no enrichment data file,Audit gap: Run deep research skill to generate combo content,70,45
activity-location-anglesey-fishing,evergreen,activity_location,/anglesey/things-to-do/fishing,Anglesey / Fishing,anglesey,fishing,not_applicable,4,qa_needed,false,content-ops,,0,,partial,needs_review,,needs_review,needs_review,needs_review,not_applicable,not_applicable,,,,,Combo page has no enrichment data file,Audit gap: Run deep research skill to generate combo content,70,45
activity-location-anglesey-gorge-scrambling,evergreen,activity_location,/anglesey/things-to-do/gorge-scrambling,Anglesey / Gorge Scrambling,anglesey,gorge-scrambling,not_applicable,4,qa_needed,false,content-ops,,0,,partial,needs_review,,needs_review,needs_review,needs_review,not_applicable,not_applicable,,,,,Combo page has no enrichment data file,Audit gap: Run deep research skill to generate combo content,70,45
activity-location-anglesey-gorge-walking,evergreen,activity_location,/anglesey/things-to-do/gorge-walking,Anglesey / Gorge Walking,anglesey,gorge-walking,not_applicable,4,qa_needed,false,content-ops,,0,,partial,needs_review,,needs_review,needs_review,needs_review,not_applicable,not_applicable,,,,,Combo page has no enrichment data file,Audit gap: Run deep research skill to generate combo content,70,45
activity-location-anglesey-high-ropes,evergreen,activity_location,/anglesey/things-to-do/high-ropes,Anglesey / High Ropes,anglesey,high-ropes,not_applicable,4,qa_needed,false,content-ops,,0,,partial,needs_review,,needs_review,needs_review,needs_review,not_applicable,not_applicable,,,,,Combo page has no enrichment data file,Audit gap: Run deep research skill to generate combo content,70,45
activity-location-anglesey-hiking,evergreen,activity_location,/anglesey/things-to-do/hiking,Anglesey / Hiking,anglesey,hiking,not_applicable,4,qa_needed,false,content-ops,,0,,partial,needs_review,,needs_review,needs_review,needs_review,not_applicable,not_applicable,,,,,Combo page has no enrichment data file,Audit gap: Run deep research skill to generate combo content,70,45
activity-location-anglesey-hiking-scrambling,evergreen,activity_location,/anglesey/things-to-do/hiking-scrambling,Anglesey / Hiking Scrambling,anglesey,hiking-scrambling,not_applicable,4,qa_needed,false,content-ops,,0,,partial,needs_review,,needs_review,needs_review,needs_review,not_applicable,not_applicable,,,,,Combo page has no enrichment data file,Audit gap: Run deep research skill to generate combo content,70,45
activity-location-anglesey-horse-riding,evergreen,activity_location,/anglesey/things-to-do/horse-riding,Anglesey / Horse Riding,anglesey,horse-riding,not_applicable,4,qa_needed,false,content-ops,,0,,partial,needs_review,,needs_review,needs_review,needs_review,not_applicable,not_applicable,,,,,Combo page has no enrichment data file,Audit gap: Run deep research skill to generate combo content,70,45
activity-location-anglesey-jet-ski,evergreen,activity_location,/anglesey/things-to-do/jet-ski,Anglesey / Jet Ski,anglesey,jet-ski,not_applicable,4,qa_needed,false,content-ops,,0,,partial,needs_review,,needs_review,needs_review,needs_review,not_applicable,not_applicable,,,,,Combo page has no enrichment data file,Audit gap: Run deep research skill to generate combo content,70,45
activity-location-anglesey-kitesurfing,evergreen,activity_location,/anglesey/things-to-do/kitesurfing,Anglesey / Kitesurfing,anglesey,kitesurfing,not_applicable,4,qa_needed,false,content-ops,,0,,partial,needs_review,,needs_review,needs_review,needs_review,not_applicable,not_applicable,,,,,Combo page has no enrichment data file,Audit gap: Run deep research skill to generate combo content,70,45
activity-location-anglesey-mine-exploration,evergreen,activity_location,/anglesey/things-to-do/mine-exploration,Anglesey / Mine Exploration,anglesey,mine-exploration,not_applicable,4,qa_needed,false,content-ops,,0,,partial,needs_review,,needs_review,needs_review,needs_review,not_applicable,not_applicable,,,,,Combo page has no enrichment data file,Audit gap: Run deep research skill to generate combo content,70,45
activity-location-anglesey-mountain-biking,evergreen,activity_location,/anglesey/things-to-do/mountain-biking,Anglesey / Mountain Biking,anglesey,mountain-biking,not_applicable,4,qa_needed,false,content-ops,,0,,partial,needs_review,,needs_review,needs_review,needs_review,not_applicable,not_applicable,,,,,Combo page has no enrichment data file,Audit gap: Run deep research skill to generate combo content,70,45
activity-location-anglesey-mtb-coaching,evergreen,activity_location,/anglesey/things-to-do/mtb-coaching,Anglesey / Mtb Coaching,anglesey,mtb-coaching,not_applicable,4,qa_needed,false,content-ops,,0,,partial,needs_review,,needs_review,needs_review,needs_review,not_applicable,not_applicable,,,,,Combo page has no enrichment data file,Audit gap: Run deep research skill to generate combo content,70,45
activity-location-anglesey-paintball-laser-tag,evergreen,activity_location,/anglesey/things-to-do/paintball-laser-tag,Anglesey / Paintball Laser Tag,anglesey,paintball-laser-tag,not_applicable,4,qa_needed,false,content-ops,,0,,partial,needs_review,,needs_review,needs_review,needs_review,not_applicable,not_applicable,,,,,Combo page has no enrichment data file,Audit gap: Run deep research skill to generate combo content,70,45
activity-location-anglesey-powerboating,evergreen,activity_location,/anglesey/things-to-do/powerboating,Anglesey / Powerboating,anglesey,powerboating,not_applicable,4,qa_needed,false,content-ops,,0,,partial,needs_review,,needs_review,needs_review,needs_review,not_applicable,not_applicable,,,,,Combo page has no enrichment data file,Audit gap: Run deep research skill to generate combo content,70,45
activity-location-anglesey-rafting,evergreen,activity_location,/anglesey/things-to-do/rafting,Anglesey / Rafting,anglesey,rafting,not_applicable,4,qa_needed,false,content-ops,,0,,partial,needs_review,,needs_review,needs_review,needs_review,not_applicable,not_applicable,,,,,Combo page has no enrichment data file,Audit gap: Run deep research skill to generate combo content,70,45
activity-location-anglesey-running,evergreen,activity_location,/anglesey/things-to-do/running,Anglesey / Running,anglesey,running,not_applicable,4,qa_needed,false,content-ops,,0,,partial,needs_review,,needs_review,needs_review,needs_review,not_applicable,not_applicable,,,,,Combo page has no enrichment data file,Audit gap: Run deep research skill to generate combo content,70,45
activity-location-anglesey-sailing,evergreen,activity_location,/anglesey/things-to-do/sailing,Anglesey / Sailing,anglesey,sailing,not_applicable,4,qa_needed,false,content-ops,,0,,partial,needs_review,,needs_review,needs_review,needs_review,not_applicable,not_applicable,,,,,Combo page has no enrichment data file,Audit gap: Run deep research skill to generate combo content,70,45
activity-location-anglesey-scenic-railway,evergreen,activity_location,/anglesey/things-to-do/scenic-railway,Anglesey / Scenic Railway,anglesey,scenic-railway,not_applicable,4,qa_needed,false,content-ops,,0,,partial,needs_review,,needs_review,needs_review,needs_review,not_applicable,not_applicable,,,,,Combo page has no enrichment data file,Audit gap: Run deep research skill to generate combo content,70,45
activity-location-anglesey-sea-kayaking,evergreen,activity_location,/anglesey/things-to-do/sea-kayaking,Anglesey / Sea Kayaking,anglesey,sea-kayaking,not_applicable,4,qa_needed,false,content-ops,,0,,partial,needs_review,,needs_review,needs_review,needs_review,not_applicable,not_applicable,,,,,Combo page has no enrichment data file,Audit gap: Run deep research skill to generate combo content,70,45
activity-location-anglesey-sup,evergreen,activity_location,/anglesey/things-to-do/sup,Anglesey / Sup,anglesey,sup,not_applicable,4,qa_needed,false,content-ops,,0,,partial,needs_review,,needs_review,needs_review,needs_review,not_applicable,not_applicable,,,,,Combo page has no enrichment data file,Audit gap: Run deep research skill to generate combo content,70,45
activity-location-anglesey-surfing,evergreen,activity_location,/anglesey/things-to-do/surfing,Anglesey / Surfing,anglesey,surfing,not_applicable,4,qa_needed,false,content-ops,,0,,partial,needs_review,,needs_review,needs_review,needs_review,not_applicable,not_applicable,,,,,Combo page has no enrichment data file,Audit gap: Run deep research skill to generate combo content,70,45
activity-location-anglesey-toboggan,evergreen,activity_location,/anglesey/things-to-do/toboggan,Anglesey / Toboggan,anglesey,toboggan,not_applicable,4,qa_needed,false,content-ops,,0,,partial,needs_review,,needs_review,needs_review,needs_review,not_applicable,not_applicable,,,,,Combo page has no enrichment data file,Audit gap: Run deep research skill to generate combo content,70,45
activity-location-anglesey-trail-running,evergreen,activity_location,/anglesey/things-to-do/trail-running,Anglesey / Trail Running,anglesey,trail-running,not_applicable,4,qa_needed,false,content-ops,,0,,partial,needs_review,,needs_review,needs_review,needs_review,not_applicable,not_applicable,,,,,Combo page has no enrichment data file,Audit gap: Run deep research skill to generate combo content,70,45
activity-location-anglesey-underground-trampolines,evergreen,activity_location,/anglesey/things-to-do/underground-trampolines,Anglesey / Underground Trampolines,anglesey,underground-trampolines,not_applicable,4,qa_needed,false,content-ops,,0,,partial,needs_review,,needs_review,needs_review,needs_review,not_applicable,not_applicable,,,,,Combo page has no enrichment data file,Audit gap: Run deep research skill to generate combo content,70,45
activity-location-anglesey-wildlife-birdwatching,evergreen,activity_location,/anglesey/things-to-do/wildlife-birdwatching,Anglesey / Wildlife Birdwatching,anglesey,wildlife-birdwatching,not_applicable,4,qa_needed,false,content-ops,,0,,partial,needs_review,,needs_review,needs_review,needs_review,not_applicable,not_applicable,,,,,Combo page has no enrichment data file,Audit gap: Run deep research skill to generate combo content,70,45
activity-location-anglesey-wildlife-boat-tour,evergreen,activity_location,/anglesey/things-to-do/wildlife-boat-tour,Anglesey / Wildlife Boat Tour,anglesey,wildlife-boat-tour,not_applicable,4,qa_needed,false,content-ops,,0,,partial,needs_review,,needs_review,needs_review,needs_review,not_applicable,not_applicable,,,,,Combo page has no enrichment data file,Audit gap: Run deep research skill to generate combo content,70,45
activity-location-anglesey-windsurfing,evergreen,activity_location,/anglesey/things-to-do/windsurfing,Anglesey / Windsurfing,anglesey,windsurfing,not_applicable,4,qa_needed,false,content-ops,,0,,partial,needs_review,,needs_review,needs_review,needs_review,not_applicable,not_applicable,,,,,Combo page has no enrichment data file,Audit gap: Run deep research skill to generate combo content,70,45
activity-location-anglesey-wing-foiling,evergreen,activity_location,/anglesey/things-to-do/wing-foiling,Anglesey / Wing Foiling,anglesey,wing-foiling,not_applicable,4,qa_needed,false,content-ops,,0,,partial,needs_review,,needs_review,needs_review,needs_review,not_applicable,not_applicable,,,,,Combo page has no enrichment data file,Audit gap: Run deep research skill to generate combo content,70,45
activity-location-anglesey-zip-lining,evergreen,activity_location,/anglesey/things-to-do/zip-lining,Anglesey / Zip Lining,anglesey,zip-lining,not_applicable,4,qa_needed,false,content-ops,,0,,partial,needs_review,,needs_review,needs_review,needs_review,not_applicable,not_applicable,,,,,Combo page has no enrichment data file,Audit gap: Run deep research skill to generate combo content,70,45
activity-location-brecon-beacons-archery,evergreen,activity_location,/brecon-beacons/things-to-do/archery,Brecon Beacons / Archery,brecon-beacons,archery,not_applicable,4,qa_needed,false,content-ops,,0,,partial,needs_review,,needs_review,needs_review,needs_review,not_applicable,not_applicable,,,,,Combo page has no enrichment data file,Audit gap: Run deep research skill to generate combo content,70,45
activity-location-brecon-beacons-attractions,evergreen,activity_location,/brecon-beacons/things-to-do/attractions,Brecon Beacons / Attractions,brecon-beacons,attractions,not_applicable,4,qa_needed,false,content-ops,,0,,partial,needs_review,,needs_review,needs_review,needs_review,not_applicable,not_applicable,,,,,Combo page has no enrichment data file,Audit gap: Run deep research skill to generate combo content,70,45
activity-location-brecon-beacons-beaches,evergreen,activity_location,/brecon-beacons/things-to-do/beaches,Brecon Beacons / Beaches,brecon-beacons,beaches,not_applicable,4,qa_needed,false,content-ops,,0,,partial,needs_review,,needs_review,needs_review,needs_review,not_applicable,not_applicable,,,,,Combo page has no enrichment data file,Audit gap: Run deep research skill to generate combo content,70,45
activity-location-brecon-beacons-bike-hire,evergreen,activity_location,/brecon-beacons/things-to-do/bike-hire,Brecon Beacons / Bike Hire,brecon-beacons,bike-hire,not_applicable,4,qa_needed,false,content-ops,,0,,partial,needs_review,,needs_review,needs_review,needs_review,not_applicable,not_applicable,,,,,Combo page has no enrichment data file,Audit gap: Run deep research skill to generate combo content,70,45
activity-location-brecon-beacons-boat-tour,evergreen,activity_location,/brecon-beacons/things-to-do/boat-tour,Brecon Beacons / Boat Tour,brecon-beacons,boat-tour,not_applicable,4,qa_needed,false,content-ops,,0,,partial,needs_review,,needs_review,needs_review,needs_review,not_applicable,not_applicable,,,,,Combo page has no enrichment data file,Audit gap: Run deep research skill to generate combo content,70,45
activity-location-brecon-beacons-canyoning,evergreen,activity_location,/brecon-beacons/things-to-do/canyoning,Brecon Beacons / Canyoning,brecon-beacons,canyoning,not_applicable,4,qa_needed,false,content-ops,,0,,partial,needs_review,,needs_review,needs_review,needs_review,not_applicable,not_applicable,,,,,Combo page has no enrichment data file,Audit gap: Run deep research skill to generate combo content,70,45
activity-location-brecon-beacons-caving-potholing,evergreen,activity_location,/brecon-beacons/things-to-do/caving-potholing,Brecon Beacons / Caving Potholing,brecon-beacons,caving-potholing,not_applicable,4,qa_needed,false,content-ops,,0,,partial,needs_review,,needs_review,needs_review,needs_review,not_applicable,not_applicable,,,,,Combo page has no enrichment data file,Audit gap: Run deep research skill to generate combo content,70,45
activity-location-brecon-beacons-climbing,evergreen,activity_location,/brecon-beacons/things-to-do/climbing,Brecon Beacons / Climbing,brecon-beacons,climbing,not_applicable,4,qa_needed,false,content-ops,,0,,partial,needs_review,,needs_review,needs_review,needs_review,not_applicable,not_applicable,,,,,Combo page has no enrichment data file,Audit gap: Run deep research skill to generate combo content,70,45
activity-location-brecon-beacons-coasteering,evergreen,activity_location,/brecon-beacons/things-to-do/coasteering,Brecon Beacons / Coasteering,brecon-beacons,coasteering,not_applicable,4,qa_needed,false,content-ops,,0,,partial,needs_review,,needs_review,needs_review,needs_review,not_applicable,not_applicable,,,,,Combo page has no enrichment data file,Audit gap: Run deep research skill to generate combo content,70,45
activity-location-brecon-beacons-fishing,evergreen,activity_location,/brecon-beacons/things-to-do/fishing,Brecon Beacons / Fishing,brecon-beacons,fishing,not_applicable,4,qa_needed,false,content-ops,,0,,partial,needs_review,,needs_review,needs_review,needs_review,not_applicable,not_applicable,,,,,Combo page has no enrichment data file,Audit gap: Run deep research skill to generate combo content,70,45
activity-location-brecon-beacons-gorge-scrambling,evergreen,activity_location,/brecon-beacons/things-to-do/gorge-scrambling,Brecon Beacons / Gorge Scrambling,brecon-beacons,gorge-scrambling,not_applicable,4,qa_needed,false,content-ops,,0,,partial,needs_review,,needs_review,needs_review,needs_review,not_applicable,not_applicable,,,,,Combo page has no enrichment data file,Audit gap: Run deep research skill to generate combo content,70,45
activity-location-brecon-beacons-high-ropes,evergreen,activity_location,/brecon-beacons/things-to-do/high-ropes,Brecon Beacons / High Ropes,brecon-beacons,high-ropes,not_applicable,4,qa_needed,false,content-ops,,0,,partial,needs_review,,needs_review,needs_review,needs_review,not_applicable,not_applicable,,,,,Combo page has no enrichment data file,Audit gap: Run deep research skill to generate combo content,70,45
activity-location-brecon-beacons-hiking-scrambling,evergreen,activity_location,/brecon-beacons/things-to-do/hiking-scrambling,Brecon Beacons / Hiking Scrambling,brecon-beacons,hiking-scrambling,not_applicable,4,qa_needed,false,content-ops,,0,,partial,needs_review,,needs_review,needs_review,needs_review,not_applicable,not_applicable,,,,,Combo page has no enrichment data file,Audit gap: Run deep research skill to generate combo content,70,45
activity-location-brecon-beacons-horse-riding,evergreen,activity_location,/brecon-beacons/things-to-do/horse-riding,Brecon Beacons / Horse Riding,brecon-beacons,horse-riding,not_applicable,4,qa_needed,false,content-ops,,0,,partial,needs_review,,needs_review,needs_review,needs_review,not_applicable,not_applicable,,,,,Combo page has no enrichment data file,Audit gap: Run deep research skill to generate combo content,70,45
activity-location-brecon-beacons-jet-ski,evergreen,activity_location,/brecon-beacons/things-to-do/jet-ski,Brecon Beacons / Jet Ski,brecon-beacons,jet-ski,not_applicable,4,qa_needed,false,content-ops,,0,,partial,needs_review,,needs_review,needs_review,needs_review,not_applicable,not_applicable,,,,,Combo page has no enrichment data file,Audit gap: Run deep research skill to generate combo content,70,45
activity-location-brecon-beacons-kayaking,evergreen,activity_location,/brecon-beacons/things-to-do/kayaking,Brecon Beacons / Kayaking,brecon-beacons,kayaking,not_applicable,4,qa_needed,false,content-ops,,0,,partial,needs_review,,needs_review,needs_review,needs_review,not_applicable,not_applicable,,,,,Combo page has no enrichment data file,Audit gap: Run deep research skill to generate combo content,70,45
activity-location-brecon-beacons-kitesurfing,evergreen,activity_location,/brecon-beacons/things-to-do/kitesurfing,Brecon Beacons / Kitesurfing,brecon-beacons,kitesurfing,not_applicable,4,qa_needed,false,content-ops,,0,,partial,needs_review,,needs_review,needs_review,needs_review,not_applicable,not_applicable,,,,,Combo page has no enrichment data file,Audit gap: Run deep research skill to generate combo content,70,45
activity-location-brecon-beacons-mine-exploration,evergreen,activity_location,/brecon-beacons/things-to-do/mine-exploration,Brecon Beacons / Mine Exploration,brecon-beacons,mine-exploration,not_applicable,4,qa_needed,false,content-ops,,0,,partial,needs_review,,needs_review,needs_review,needs_review,not_applicable,not_applicable,,,,,Combo page has no enrichment data file,Audit gap: Run deep research skill to generate combo content,70,45
activity-location-brecon-beacons-mtb-coaching,evergreen,activity_location,/brecon-beacons/things-to-do/mtb-coaching,Brecon Beacons / Mtb Coaching,brecon-beacons,mtb-coaching,not_applicable,4,qa_needed,false,content-ops,,0,,partial,needs_review,,needs_review,needs_review,needs_review,not_applicable,not_applicable,,,,,Combo page has no enrichment data file,Audit gap: Run deep research skill to generate combo content,70,45
activity-location-brecon-beacons-paintball-laser-tag,evergreen,activity_location,/brecon-beacons/things-to-do/paintball-laser-tag,Brecon Beacons / Paintball Laser Tag,brecon-beacons,paintball-laser-tag,not_applicable,4,qa_needed,false,content-ops,,0,,partial,needs_review,,needs_review,needs_review,needs_review,not_applicable,not_applicable,,,,,Combo page has no enrichment data file,Audit gap: Run deep research skill to generate combo content,70,45
activity-location-brecon-beacons-powerboating,evergreen,activity_location,/brecon-beacons/things-to-do/powerboating,Brecon Beacons / Powerboating,brecon-beacons,powerboating,not_applicable,4,qa_needed,false,content-ops,,0,,partial,needs_review,,needs_review,needs_review,needs_review,not_applicable,not_applicable,,,,,Combo page has no enrichment data file,Audit gap: Run deep research skill to generate combo content,70,45
activity-location-brecon-beacons-rafting,evergreen,activity_location,/brecon-beacons/things-to-do/rafting,Brecon Beacons / Rafting,brecon-beacons,rafting,not_applicable,4,qa_needed,false,content-ops,,0,,partial,needs_review,,needs_review,needs_review,needs_review,not_applicable,not_applicable,,,,,Combo page has no enrichment data file,Audit gap: Run deep research skill to generate combo content,70,45
activity-location-brecon-beacons-running,evergreen,activity_location,/brecon-beacons/things-to-do/running,Brecon Beacons / Running,brecon-beacons,running,not_applicable,4,qa_needed,false,content-ops,,0,,partial,needs_review,,needs_review,needs_review,needs_review,not_applicable,not_applicable,,,,,Combo page has no enrichment data file,Audit gap: Run deep research skill to generate combo content,70,45
activity-location-brecon-beacons-sailing,evergreen,activity_location,/brecon-beacons/things-to-do/sailing,Brecon Beacons / Sailing,brecon-beacons,sailing,not_applicable,4,qa_needed,false,content-ops,,0,,partial,needs_review,,needs_review,needs_review,needs_review,not_applicable,not_applicable,,,,,Combo page has no enrichment data file,Audit gap: Run deep research skill to generate combo content,70,45
activity-location-brecon-beacons-scenic-railway,evergreen,activity_location,/brecon-beacons/things-to-do/scenic-railway,Brecon Beacons / Scenic Railway,brecon-beacons,scenic-railway,not_applicable,4,qa_needed,false,content-ops,,0,,partial,needs_review,,needs_review,needs_review,needs_review,not_applicable,not_applicable,,,,,Combo page has no enrichment data file,Audit gap: Run deep research skill to generate combo content,70,45
activity-location-brecon-beacons-sea-kayaking,evergreen,activity_location,/brecon-beacons/things-to-do/sea-kayaking,Brecon Beacons / Sea Kayaking,brecon-beacons,sea-kayaking,not_applicable,4,qa_needed,false,content-ops,,0,,partial,needs_review,,needs_review,needs_review,needs_review,not_applicable,not_applicable,,,,,Combo page has no enrichment data file,Audit gap: Run deep research skill to generate combo content,70,45
activity-location-brecon-beacons-sup,evergreen,activity_location,/brecon-beacons/things-to-do/sup,Brecon Beacons / Sup,brecon-beacons,sup,not_applicable,4,qa_needed,false,content-ops,,0,,partial,needs_review,,needs_review,needs_review,needs_review,not_applicable,not_applicable,,,,,Combo page has no enrichment data file,Audit gap: Run deep research skill to generate combo content,70,45
activity-location-brecon-beacons-surfing,evergreen,activity_location,/brecon-beacons/things-to-do/surfing,Brecon Beacons / Surfing,brecon-beacons,surfing,not_applicable,4,qa_needed,false,content-ops,,0,,partial,needs_review,,needs_review,needs_review,needs_review,not_applicable,not_applicable,,,,,Combo page has no enrichment data file,Audit gap: Run deep research skill to generate combo content,70,45
activity-location-brecon-beacons-toboggan,evergreen,activity_location,/brecon-beacons/things-to-do/toboggan,Brecon Beacons / Toboggan,brecon-beacons,toboggan,not_applicable,4,qa_needed,false,content-ops,,0,,partial,needs_review,,needs_review,needs_review,needs_review,not_applicable,not_applicable,,,,,Combo page has no enrichment data file,Audit gap: Run deep research skill to generate combo content,70,45
activity-location-brecon-beacons-trail-running,evergreen,activity_location,/brecon-beacons/things-to-do/trail-running,Brecon Beacons / Trail Running,brecon-beacons,trail-running,not_applicable,4,qa_needed,false,content-ops,,0,,partial,needs_review,,needs_review,needs_review,needs_review,not_applicable,not_applicable,,,,,Combo page has no enrichment data file,Audit gap: Run deep research skill to generate combo content,70,45
activity-location-brecon-beacons-underground-trampolines,evergreen,activity_location,/brecon-beacons/things-to-do/underground-trampolines,Brecon Beacons / Underground Trampolines,brecon-beacons,underground-trampolines,not_applicable,4,qa_needed,false,content-ops,,0,,partial,needs_review,,needs_review,needs_review,needs_review,not_applicable,not_applicable,,,,,Combo page has no enrichment data file,Audit gap: Run deep research skill to generate combo content,70,45
activity-location-brecon-beacons-wildlife-birdwatching,evergreen,activity_location,/brecon-beacons/things-to-do/wildlife-birdwatching,Brecon Beacons / Wildlife Birdwatching,brecon-beacons,wildlife-birdwatching,not_applicable,4,qa_needed,false,content-ops,,0,,partial,needs_review,,needs_review,needs_review,needs_review,not_applicable,not_applicable,,,,,Combo page has no enrichment data file,Audit gap: Run deep research skill to generate combo content,70,45
activity-location-brecon-beacons-wildlife-boat-tour,evergreen,activity_location,/brecon-beacons/things-to-do/wildlife-boat-tour,Brecon Beacons / Wildlife Boat Tour,brecon-beacons,wildlife-boat-tour,not_applicable,4,qa_needed,false,content-ops,,0,,partial,needs_review,,needs_review,needs_review,needs_review,not_applicable,not_applicable,,,,,Combo page has no enrichment data file,Audit gap: Run deep research skill to generate combo content,70,45
activity-location-brecon-beacons-windsurfing,evergreen,activity_location,/brecon-beacons/things-to-do/windsurfing,Brecon Beacons / Windsurfing,brecon-beacons,windsurfing,not_applicable,4,qa_needed,false,content-ops,,0,,partial,needs_review,,needs_review,needs_review,needs_review,not_applicable,not_applicable,,,,,Combo page has no enrichment data file,Audit gap: Run deep research skill to generate combo content,70,45
activity-location-brecon-beacons-wing-foiling,evergreen,activity_location,/brecon-beacons/things-to-do/wing-foiling,Brecon Beacons / Wing Foiling,brecon-beacons,wing-foiling,not_applicable,4,qa_needed,false,content-ops,,0,,partial,needs_review,,needs_review,needs_review,needs_review,not_applicable,not_applicable,,,,,Combo page has no enrichment data file,Audit gap: Run deep research skill to generate combo content,70,45
activity-location-brecon-beacons-zip-lining,evergreen,activity_location,/brecon-beacons/things-to-do/zip-lining,Brecon Beacons / Zip Lining,brecon-beacons,zip-lining,not_applicable,4,qa_needed,false,content-ops,,0,,partial,needs_review,,needs_review,needs_review,needs_review,not_applicable,not_applicable,,,,,Combo page has no enrichment data file,Audit gap: Run deep research skill to generate combo content,70,45
activity-location-carmarthenshire-archery,evergreen,activity_location,/carmarthenshire/things-to-do/archery,Carmarthenshire / Archery,carmarthenshire,archery,not_applicable,4,qa_needed,false,content-ops,,0,,partial,needs_review,,needs_review,needs_review,needs_review,not_applicable,not_applicable,,,,,Combo page has no enrichment data file,Audit gap: Run deep research skill to generate combo content,70,45
activity-location-carmarthenshire-attractions,evergreen,activity_location,/carmarthenshire/things-to-do/attractions,Carmarthenshire / Attractions,carmarthenshire,attractions,not_applicable,4,qa_needed,false,content-ops,,0,,partial,needs_review,,needs_review,needs_review,needs_review,not_applicable,not_applicable,,,,,Combo page has no enrichment data file,Audit gap: Run deep research skill to generate combo content,70,45
activity-location-carmarthenshire-beaches,evergreen,activity_location,/carmarthenshire/things-to-do/beaches,Carmarthenshire / Beaches,carmarthenshire,beaches,not_applicable,4,qa_needed,false,content-ops,,0,,partial,needs_review,,needs_review,needs_review,needs_review,not_applicable,not_applicable,,,,,Combo page has no enrichment data file,Audit gap: Run deep research skill to generate combo content,70,45
activity-location-carmarthenshire-bike-hire,evergreen,activity_location,/carmarthenshire/things-to-do/bike-hire,Carmarthenshire / Bike Hire,carmarthenshire,bike-hire,not_applicable,4,qa_needed,false,content-ops,,0,,partial,needs_review,,needs_review,needs_review,needs_review,not_applicable,not_applicable,,,,,Combo page has no enrichment data file,Audit gap: Run deep research skill to generate combo content,70,45
activity-location-carmarthenshire-boat-tour,evergreen,activity_location,/carmarthenshire/things-to-do/boat-tour,Carmarthenshire / Boat Tour,carmarthenshire,boat-tour,not_applicable,4,qa_needed,false,content-ops,,0,,partial,needs_review,,needs_review,needs_review,needs_review,not_applicable,not_applicable,,,,,Combo page has no enrichment data file,Audit gap: Run deep research skill to generate combo content,70,45
activity-location-carmarthenshire-canyoning,evergreen,activity_location,/carmarthenshire/things-to-do/canyoning,Carmarthenshire / Canyoning,carmarthenshire,canyoning,not_applicable,4,qa_needed,false,content-ops,,0,,partial,needs_review,,needs_review,needs_review,needs_review,not_applicable,not_applicable,,,,,Combo page has no enrichment data file,Audit gap: Run deep research skill to generate combo content,70,45
activity-location-carmarthenshire-caving,evergreen,activity_location,/carmarthenshire/things-to-do/caving,Carmarthenshire / Caving,carmarthenshire,caving,not_applicable,4,qa_needed,false,content-ops,,0,,partial,needs_review,,needs_review,needs_review,needs_review,not_applicable,not_applicable,,,,,Combo page has no enrichment data file,Audit gap: Run deep research skill to generate combo content,70,45
activity-location-carmarthenshire-caving-potholing,evergreen,activity_location,/carmarthenshire/things-to-do/caving-potholing,Carmarthenshire / Caving Potholing,carmarthenshire,caving-potholing,not_applicable,4,qa_needed,false,content-ops,,0,,partial,needs_review,,needs_review,needs_review,needs_review,not_applicable,not_applicable,,,,,Combo page has no enrichment data file,Audit gap: Run deep research skill to generate combo content,70,45
activity-location-carmarthenshire-climbing,evergreen,activity_location,/carmarthenshire/things-to-do/climbing,Carmarthenshire / Climbing,carmarthenshire,climbing,not_applicable,4,qa_needed,false,content-ops,,0,,partial,needs_review,,needs_review,needs_review,needs_review,not_applicable,not_applicable,,,,,Combo page has no enrichment data file,Audit gap: Run deep research skill to generate combo content,70,45
activity-location-carmarthenshire-coasteering,evergreen,activity_location,/carmarthenshire/things-to-do/coasteering,Carmarthenshire / Coasteering,carmarthenshire,coasteering,not_applicable,4,qa_needed,false,content-ops,,0,,partial,needs_review,,needs_review,needs_review,needs_review,not_applicable,not_applicable,,,,,Combo page has no enrichment data file,Audit gap: Run deep research skill to generate combo content,70,45
activity-location-carmarthenshire-fishing,evergreen,activity_location,/carmarthenshire/things-to-do/fishing,Carmarthenshire / Fishing,carmarthenshire,fishing,not_applicable,4,qa_needed,false,content-ops,,0,,partial,needs_review,,needs_review,needs_review,needs_review,not_applicable,not_applicable,,,,,Combo page has no enrichment data file,Audit gap: Run deep research skill to generate combo content,70,45
activity-location-carmarthenshire-gorge-scrambling,evergreen,activity_location,/carmarthenshire/things-to-do/gorge-scrambling,Carmarthenshire / Gorge Scrambling,carmarthenshire,gorge-scrambling,not_applicable,4,qa_needed,false,content-ops,,0,,partial,needs_review,,needs_review,needs_review,needs_review,not_applicable,not_applicable,,,,,Combo page has no enrichment data file,Audit gap: Run deep research skill to generate combo content,70,45
activity-location-carmarthenshire-gorge-walking,evergreen,activity_location,/carmarthenshire/things-to-do/gorge-walking,Carmarthenshire / Gorge Walking,carmarthenshire,gorge-walking,not_applicable,4,qa_needed,false,content-ops,,0,,partial,needs_review,,needs_review,needs_review,needs_review,not_applicable,not_applicable,,,,,Combo page has no enrichment data file,Audit gap: Run deep research skill to generate combo content,70,45
activity-location-carmarthenshire-high-ropes,evergreen,activity_location,/carmarthenshire/things-to-do/high-ropes,Carmarthenshire / High Ropes,carmarthenshire,high-ropes,not_applicable,4,qa_needed,false,content-ops,,0,,partial,needs_review,,needs_review,needs_review,needs_review,not_applicable,not_applicable,,,,,Combo page has no enrichment data file,Audit gap: Run deep research skill to generate combo content,70,45
activity-location-carmarthenshire-hiking-scrambling,evergreen,activity_location,/carmarthenshire/things-to-do/hiking-scrambling,Carmarthenshire / Hiking Scrambling,carmarthenshire,hiking-scrambling,not_applicable,4,qa_needed,false,content-ops,,0,,partial,needs_review,,needs_review,needs_review,needs_review,not_applicable,not_applicable,,,,,Combo page has no enrichment data file,Audit gap: Run deep research skill to generate combo content,70,45
activity-location-carmarthenshire-horse-riding,evergreen,activity_location,/carmarthenshire/things-to-do/horse-riding,Carmarthenshire / Horse Riding,carmarthenshire,horse-riding,not_applicable,4,qa_needed,false,content-ops,,0,,partial,needs_review,,needs_review,needs_review,needs_review,not_applicable,not_applicable,,,,,Combo page has no enrichment data file,Audit gap: Run deep research skill to generate combo content,70,45
activity-location-carmarthenshire-jet-ski,evergreen,activity_location,/carmarthenshire/things-to-do/jet-ski,Carmarthenshire / Jet Ski,carmarthenshire,jet-ski,not_applicable,4,qa_needed,false,content-ops,,0,,partial,needs_review,,needs_review,needs_review,needs_review,not_applicable,not_applicable,,,,,Combo page has no enrichment data file,Audit gap: Run deep research skill to generate combo content,70,45
activity-location-carmarthenshire-kayaking,evergreen,activity_location,/carmarthenshire/things-to-do/kayaking,Carmarthenshire / Kayaking,carmarthenshire,kayaking,not_applicable,4,qa_needed,false,content-ops,,0,,partial,needs_review,,needs_review,needs_review,needs_review,not_applicable,not_applicable,,,,,Combo page has no enrichment data file,Audit gap: Run deep research skill to generate combo content,70,45
activity-location-carmarthenshire-kitesurfing,evergreen,activity_location,/carmarthenshire/things-to-do/kitesurfing,Carmarthenshire / Kitesurfing,carmarthenshire,kitesurfing,not_applicable,4,qa_needed,false,content-ops,,0,,partial,needs_review,,needs_review,needs_review,needs_review,not_applicable,not_applicable,,,,,Combo page has no enrichment data file,Audit gap: Run deep research skill to generate combo content,70,45
activity-location-carmarthenshire-mine-exploration,evergreen,activity_location,/carmarthenshire/things-to-do/mine-exploration,Carmarthenshire / Mine Exploration,carmarthenshire,mine-exploration,not_applicable,4,qa_needed,false,content-ops,,0,,partial,needs_review,,needs_review,needs_review,needs_review,not_applicable,not_applicable,,,,,Combo page has no enrichment data file,Audit gap: Run deep research skill to generate combo content,70,45
activity-location-carmarthenshire-mountain-biking,evergreen,activity_location,/carmarthenshire/things-to-do/mountain-biking,Carmarthenshire / Mountain Biking,carmarthenshire,mountain-biking,not_applicable,4,qa_needed,false,content-ops,,0,,partial,needs_review,,needs_review,needs_review,needs_review,not_applicable,not_applicable,,,,,Combo page has no enrichment data file,Audit gap: Run deep research skill to generate combo content,70,45
activity-location-carmarthenshire-mtb-coaching,evergreen,activity_location,/carmarthenshire/things-to-do/mtb-coaching,Carmarthenshire / Mtb Coaching,carmarthenshire,mtb-coaching,not_applicable,4,qa_needed,false,content-ops,,0,,partial,needs_review,,needs_review,needs_review,needs_review,not_applicable,not_applicable,,,,,Combo page has no enrichment data file,Audit gap: Run deep research skill to generate combo content,70,45
activity-location-carmarthenshire-paintball-laser-tag,evergreen,activity_location,/carmarthenshire/things-to-do/paintball-laser-tag,Carmarthenshire / Paintball Laser Tag,carmarthenshire,paintball-laser-tag,not_applicable,4,qa_needed,false,content-ops,,0,,partial,needs_review,,needs_review,needs_review,needs_review,not_applicable,not_applicable,,,,,Combo page has no enrichment data file,Audit gap: Run deep research skill to generate combo content,70,45
activity-location-carmarthenshire-powerboating,evergreen,activity_location,/carmarthenshire/things-to-do/powerboating,Carmarthenshire / Powerboating,carmarthenshire,powerboating,not_applicable,4,qa_needed,false,content-ops,,0,,partial,needs_review,,needs_review,needs_review,needs_review,not_applicable,not_applicable,,,,,Combo page has no enrichment data file,Audit gap: Run deep research skill to generate combo content,70,45
activity-location-carmarthenshire-rafting,evergreen,activity_location,/carmarthenshire/things-to-do/rafting,Carmarthenshire / Rafting,carmarthenshire,rafting,not_applicable,4,qa_needed,false,content-ops,,0,,partial,needs_review,,needs_review,needs_review,needs_review,not_applicable,not_applicable,,,,,Combo page has no enrichment data file,Audit gap: Run deep research skill to generate combo content,70,45
activity-location-carmarthenshire-running,evergreen,activity_location,/carmarthenshire/things-to-do/running,Carmarthenshire / Running,carmarthenshire,running,not_applicable,4,qa_needed,false,content-ops,,0,,partial,needs_review,,needs_review,needs_review,needs_review,not_applicable,not_applicable,,,,,Combo page has no enrichment data file,Audit gap: Run deep research skill to generate combo content,70,45
activity-location-carmarthenshire-sailing,evergreen,activity_location,/carmarthenshire/things-to-do/sailing,Carmarthenshire / Sailing,carmarthenshire,sailing,not_applicable,4,qa_needed,false,content-ops,,0,,partial,needs_review,,needs_review,needs_review,needs_review,not_applicable,not_applicable,,,,,Combo page has no enrichment data file,Audit gap: Run deep research skill to generate combo content,70,45
activity-location-carmarthenshire-scenic-railway,evergreen,activity_location,/carmarthenshire/things-to-do/scenic-railway,Carmarthenshire / Scenic Railway,carmarthenshire,scenic-railway,not_applicable,4,qa_needed,false,content-ops,,0,,partial,needs_review,,needs_review,needs_review,needs_review,not_applicable,not_applicable,,,,,Combo page has no enrichment data file,Audit gap: Run deep research skill to generate combo content,70,45
activity-location-carmarthenshire-sea-kayaking,evergreen,activity_location,/carmarthenshire/things-to-do/sea-kayaking,Carmarthenshire / Sea Kayaking,carmarthenshire,sea-kayaking,not_applicable,4,qa_needed,false,content-ops,,0,,partial,needs_review,,needs_review,needs_review,needs_review,not_applicable,not_applicable,,,,,Combo page has no enrichment data file,Audit gap: Run deep research skill to generate combo content,70,45
activity-location-carmarthenshire-sup,evergreen,activity_location,/carmarthenshire/things-to-do/sup,Carmarthenshire / Sup,carmarthenshire,sup,not_applicable,4,qa_needed,false,content-ops,,0,,partial,needs_review,,needs_review,needs_review,needs_review,not_applicable,not_applicable,,,,,Combo page has no enrichment data file,Audit gap: Run deep research skill to generate combo content,70,45
activity-location-carmarthenshire-surfing,evergreen,activity_location,/carmarthenshire/things-to-do/surfing,Carmarthenshire / Surfing,carmarthenshire,surfing,not_applicable,4,qa_needed,false,content-ops,,0,,partial,needs_review,,needs_review,needs_review,needs_review,not_applicable,not_applicable,,,,,Combo page has no enrichment data file,Audit gap: Run deep research skill to generate combo content,70,45
activity-location-carmarthenshire-toboggan,evergreen,activity_location,/carmarthenshire/things-to-do/toboggan,Carmarthenshire / Toboggan,carmarthenshire,toboggan,not_applicable,4,qa_needed,false,content-ops,,0,,partial,needs_review,,needs_review,needs_review,needs_review,not_applicable,not_applicable,,,,,Combo page has no enrichment data file,Audit gap: Run deep research skill to generate combo content,70,45
activity-location-carmarthenshire-trail-running,evergreen,activity_location,/carmarthenshire/things-to-do/trail-running,Carmarthenshire / Trail Running,carmarthenshire,trail-running,not_applicable,4,qa_needed,false,content-ops,,0,,partial,needs_review,,needs_review,needs_review,needs_review,not_applicable,not_applicable,,,,,Combo page has no enrichment data file,Audit gap: Run deep research skill to generate combo content,70,45
activity-location-carmarthenshire-underground-trampolines,evergreen,activity_location,/carmarthenshire/things-to-do/underground-trampolines,Carmarthenshire / Underground Trampolines,carmarthenshire,underground-trampolines,not_applicable,4,qa_needed,false,content-ops,,0,,partial,needs_review,,needs_review,needs_review,needs_review,not_applicable,not_applicable,,,,,Combo page has no enrichment data file,Audit gap: Run deep research skill to generate combo content,70,45
activity-location-carmarthenshire-wild-swimming,evergreen,activity_location,/carmarthenshire/things-to-do/wild-swimming,Carmarthenshire / Wild Swimming,carmarthenshire,wild-swimming,not_applicable,4,qa_needed,false,content-ops,,0,,partial,needs_review,,needs_review,needs_review,needs_review,not_applicable,not_applicable,,,,,Combo page has no enrichment data file,Audit gap: Run deep research skill to generate combo content,70,45
activity-location-carmarthenshire-wildlife-birdwatching,evergreen,activity_location,/carmarthenshire/things-to-do/wildlife-birdwatching,Carmarthenshire / Wildlife Birdwatching,carmarthenshire,wildlife-birdwatching,not_applicable,4,qa_needed,false,content-ops,,0,,partial,needs_review,,needs_review,needs_review,needs_review,not_applicable,not_applicable,,,,,Combo page has no enrichment data file,Audit gap: Run deep research skill to generate combo content,70,45
activity-location-carmarthenshire-wildlife-boat-tour,evergreen,activity_location,/carmarthenshire/things-to-do/wildlife-boat-tour,Carmarthenshire / Wildlife Boat Tour,carmarthenshire,wildlife-boat-tour,not_applicable,4,qa_needed,false,content-ops,,0,,partial,needs_review,,needs_review,needs_review,needs_review,not_applicable,not_applicable,,,,,Combo page has no enrichment data file,Audit gap: Run deep research skill to generate combo content,70,45
activity-location-carmarthenshire-windsurfing,evergreen,activity_location,/carmarthenshire/things-to-do/windsurfing,Carmarthenshire / Windsurfing,carmarthenshire,windsurfing,not_applicable,4,qa_needed,false,content-ops,,0,,partial,needs_review,,needs_review,needs_review,needs_review,not_applicable,not_applicable,,,,,Combo page has no enrichment data file,Audit gap: Run deep research skill to generate combo content,70,45
activity-location-carmarthenshire-wing-foiling,evergreen,activity_location,/carmarthenshire/things-to-do/wing-foiling,Carmarthenshire / Wing Foiling,carmarthenshire,wing-foiling,not_applicable,4,qa_needed,false,content-ops,,0,,partial,needs_review,,needs_review,needs_review,needs_review,not_applicable,not_applicable,,,,,Combo page has no enrichment data file,Audit gap: Run deep research skill to generate combo content,70,45
activity-location-carmarthenshire-zip-lining,evergreen,activity_location,/carmarthenshire/things-to-do/zip-lining,Carmarthenshire / Zip Lining,carmarthenshire,zip-lining,not_applicable,4,qa_needed,false,content-ops,,0,,partial,needs_review,,needs_review,needs_review,needs_review,not_applicable,not_applicable,,,,,Combo page has no enrichment data file,Audit gap: Run deep research skill to generate combo content,70,45
activity-location-gower-archery,evergreen,activity_location,/gower/things-to-do/archery,Gower / Archery,gower,archery,not_applicable,4,qa_needed,false,content-ops,,0,,partial,needs_review,,needs_review,needs_review,needs_review,not_applicable,not_applicable,,,,,Combo page has no enrichment data file,Audit gap: Run deep research skill to generate combo content,70,45
activity-location-gower-attractions,evergreen,activity_location,/gower/things-to-do/attractions,Gower / Attractions,gower,attractions,not_applicable,4,qa_needed,false,content-ops,,0,,partial,needs_review,,needs_review,needs_review,needs_review,not_applicable,not_applicable,,,,,Combo page has no enrichment data file,Audit gap: Run deep research skill to generate combo content,70,45
activity-location-gower-beaches,evergreen,activity_location,/gower/things-to-do/beaches,Gower / Beaches,gower,beaches,not_applicable,4,qa_needed,false,content-ops,,0,,partial,needs_review,,needs_review,needs_review,needs_review,not_applicable,not_applicable,,,,,Combo page has no enrichment data file,Audit gap: Run deep research skill to generate combo content,70,45
activity-location-gower-bike-hire,evergreen,activity_location,/gower/things-to-do/bike-hire,Gower / Bike Hire,gower,bike-hire,not_applicable,4,qa_needed,false,content-ops,,0,,partial,needs_review,,needs_review,needs_review,needs_review,not_applicable,not_applicable,,,,,Combo page has no enrichment data file,Audit gap: Run deep research skill to generate combo content,70,45
activity-location-gower-boat-tour,evergreen,activity_location,/gower/things-to-do/boat-tour,Gower / Boat Tour,gower,boat-tour,not_applicable,4,qa_needed,false,content-ops,,0,,partial,needs_review,,needs_review,needs_review,needs_review,not_applicable,not_applicable,,,,,Combo page has no enrichment data file,Audit gap: Run deep research skill to generate combo content,70,45
activity-location-gower-canyoning,evergreen,activity_location,/gower/things-to-do/canyoning,Gower / Canyoning,gower,canyoning,not_applicable,4,qa_needed,false,content-ops,,0,,partial,needs_review,,needs_review,needs_review,needs_review,not_applicable,not_applicable,,,,,Combo page has no enrichment data file,Audit gap: Run deep research skill to generate combo content,70,45
activity-location-gower-caving,evergreen,activity_location,/gower/things-to-do/caving,Gower / Caving,gower,caving,not_applicable,4,qa_needed,false,content-ops,,0,,partial,needs_review,,needs_review,needs_review,needs_review,not_applicable,not_applicable,,,,,Combo page has no enrichment data file,Audit gap: Run deep research skill to generate combo content,70,45
activity-location-gower-caving-potholing,evergreen,activity_location,/gower/things-to-do/caving-potholing,Gower / Caving Potholing,gower,caving-potholing,not_applicable,4,qa_needed,false,content-ops,,0,,partial,needs_review,,needs_review,needs_review,needs_review,not_applicable,not_applicable,,,,,Combo page has no enrichment data file,Audit gap: Run deep research skill to generate combo content,70,45
activity-location-gower-climbing,evergreen,activity_location,/gower/things-to-do/climbing,Gower / Climbing,gower,climbing,not_applicable,4,qa_needed,false,content-ops,,0,,partial,needs_review,,needs_review,needs_review,needs_review,not_applicable,not_applicable,,,,,Combo page has no enrichment data file,Audit gap: Run deep research skill to generate combo content,70,45
activity-location-gower-fishing,evergreen,activity_location,/gower/things-to-do/fishing,Gower / Fishing,gower,fishing,not_applicable,4,qa_needed,false,content-ops,,0,,partial,needs_review,,needs_review,needs_review,needs_review,not_applicable,not_applicable,,,,,Combo page has no enrichment data file,Audit gap: Run deep research skill to generate combo content,70,45
activity-location-gower-gorge-scrambling,evergreen,activity_location,/gower/things-to-do/gorge-scrambling,Gower / Gorge Scrambling,gower,gorge-scrambling,not_applicable,4,qa_needed,false,content-ops,,0,,partial,needs_review,,needs_review,needs_review,needs_review,not_applicable,not_applicable,,,,,Combo page has no enrichment data file,Audit gap: Run deep research skill to generate combo content,70,45
activity-location-gower-gorge-walking,evergreen,activity_location,/gower/things-to-do/gorge-walking,Gower / Gorge Walking,gower,gorge-walking,not_applicable,4,qa_needed,false,content-ops,,0,,partial,needs_review,,needs_review,needs_review,needs_review,not_applicable,not_applicable,,,,,Combo page has no enrichment data file,Audit gap: Run deep research skill to generate combo content,70,45
activity-location-gower-high-ropes,evergreen,activity_location,/gower/things-to-do/high-ropes,Gower / High Ropes,gower,high-ropes,not_applicable,4,qa_needed,false,content-ops,,0,,partial,needs_review,,needs_review,needs_review,needs_review,not_applicable,not_applicable,,,,,Combo page has no enrichment data file,Audit gap: Run deep research skill to generate combo content,70,45
activity-location-gower-hiking-scrambling,evergreen,activity_location,/gower/things-to-do/hiking-scrambling,Gower / Hiking Scrambling,gower,hiking-scrambling,not_applicable,4,qa_needed,false,content-ops,,0,,partial,needs_review,,needs_review,needs_review,needs_review,not_applicable,not_applicable,,,,,Combo page has no enrichment data file,Audit gap: Run deep research skill to generate combo content,70,45
activity-location-gower-horse-riding,evergreen,activity_location,/gower/things-to-do/horse-riding,Gower / Horse Riding,gower,horse-riding,not_applicable,4,qa_needed,false,content-ops,,0,,partial,needs_review,,needs_review,needs_review,needs_review,not_applicable,not_applicable,,,,,Combo page has no enrichment data file,Audit gap: Run deep research skill to generate combo content,70,45
activity-location-gower-jet-ski,evergreen,activity_location,/gower/things-to-do/jet-ski,Gower / Jet Ski,gower,jet-ski,not_applicable,4,qa_needed,false,content-ops,,0,,partial,needs_review,,needs_review,needs_review,needs_review,not_applicable,not_applicable,,,,,Combo page has no enrichment data file,Audit gap: Run deep research skill to generate combo content,70,45
activity-location-gower-kayaking,evergreen,activity_location,/gower/things-to-do/kayaking,Gower / Kayaking,gower,kayaking,not_applicable,4,qa_needed,false,content-ops,,0,,partial,needs_review,,needs_review,needs_review,needs_review,not_applicable,not_applicable,,,,,Combo page has no enrichment data file,Audit gap: Run deep research skill to generate combo content,70,45
activity-location-gower-kitesurfing,evergreen,activity_location,/gower/things-to-do/kitesurfing,Gower / Kitesurfing,gower,kitesurfing,not_applicable,4,qa_needed,false,content-ops,,0,,partial,needs_review,,needs_review,needs_review,needs_review,not_applicable,not_applicable,,,,,Combo page has no enrichment data file,Audit gap: Run deep research skill to generate combo content,70,45
activity-location-gower-mine-exploration,evergreen,activity_location,/gower/things-to-do/mine-exploration,Gower / Mine Exploration,gower,mine-exploration,not_applicable,4,qa_needed,false,content-ops,,0,,partial,needs_review,,needs_review,needs_review,needs_review,not_applicable,not_applicable,,,,,Combo page has no enrichment data file,Audit gap: Run deep research skill to generate combo content,70,45
activity-location-gower-mountain-biking,evergreen,activity_location,/gower/things-to-do/mountain-biking,Gower / Mountain Biking,gower,mountain-biking,not_applicable,4,qa_needed,false,content-ops,,0,,partial,needs_review,,needs_review,needs_review,needs_review,not_applicable,not_applicable,,,,,Combo page has no enrichment data file,Audit gap: Run deep research skill to generate combo content,70,45
activity-location-gower-mtb-coaching,evergreen,activity_location,/gower/things-to-do/mtb-coaching,Gower / Mtb Coaching,gower,mtb-coaching,not_applicable,4,qa_needed,false,content-ops,,0,,partial,needs_review,,needs_review,needs_review,needs_review,not_applicable,not_applicable,,,,,Combo page has no enrichment data file,Audit gap: Run deep research skill to generate combo content,70,45
activity-location-gower-paintball-laser-tag,evergreen,activity_location,/gower/things-to-do/paintball-laser-tag,Gower / Paintball Laser Tag,gower,paintball-laser-tag,not_applicable,4,qa_needed,false,content-ops,,0,,partial,needs_review,,needs_review,needs_review,needs_review,not_applicable,not_applicable,,,,,Combo page has no enrichment data file,Audit gap: Run deep research skill to generate combo content,70,45
activity-location-gower-powerboating,evergreen,activity_location,/gower/things-to-do/powerboating,Gower / Powerboating,gower,powerboating,not_applicable,4,qa_needed,false,content-ops,,0,,partial,needs_review,,needs_review,needs_review,needs_review,not_applicable,not_applicable,,,,,Combo page has no enrichment data file,Audit gap: Run deep research skill to generate combo content,70,45
activity-location-gower-rafting,evergreen,activity_location,/gower/things-to-do/rafting,Gower / Rafting,gower,rafting,not_applicable,4,qa_needed,false,content-ops,,0,,partial,needs_review,,needs_review,needs_review,needs_review,not_applicable,not_applicable,,,,,Combo page has no enrichment data file,Audit gap: Run deep research skill to generate combo content,70,45
activity-location-gower-running,evergreen,activity_location,/gower/things-to-do/running,Gower / Running,gower,running,not_applicable,4,qa_needed,false,content-ops,,0,,partial,needs_review,,needs_review,needs_review,needs_review,not_applicable,not_applicable,,,,,Combo page has no enrichment data file,Audit gap: Run deep research skill to generate combo content,70,45
activity-location-gower-sailing,evergreen,activity_location,/gower/things-to-do/sailing,Gower / Sailing,gower,sailing,not_applicable,4,qa_needed,false,content-ops,,0,,partial,needs_review,,needs_review,needs_review,needs_review,not_applicable,not_applicable,,,,,Combo page has no enrichment data file,Audit gap: Run deep research skill to generate combo content,70,45
activity-location-gower-scenic-railway,evergreen,activity_location,/gower/things-to-do/scenic-railway,Gower / Scenic Railway,gower,scenic-railway,not_applicable,4,qa_needed,false,content-ops,,0,,partial,needs_review,,needs_review,needs_review,needs_review,not_applicable,not_applicable,,,,,Combo page has no enrichment data file,Audit gap: Run deep research skill to generate combo content,70,45
activity-location-gower-sea-kayaking,evergreen,activity_location,/gower/things-to-do/sea-kayaking,Gower / Sea Kayaking,gower,sea-kayaking,not_applicable,4,qa_needed,false,content-ops,,0,,partial,needs_review,,needs_review,needs_review,needs_review,not_applicable,not_applicable,,,,,Combo page has no enrichment data file,Audit gap: Run deep research skill to generate combo content,70,45
activity-location-gower-sup,evergreen,activity_location,/gower/things-to-do/sup,Gower / Sup,gower,sup,not_applicable,4,qa_needed,false,content-ops,,0,,partial,needs_review,,needs_review,needs_review,needs_review,not_applicable,not_applicable,,,,,Combo page has no enrichment data file,Audit gap: Run deep research skill to generate combo content,70,45
activity-location-gower-toboggan,evergreen,activity_location,/gower/things-to-do/toboggan,Gower / Toboggan,gower,toboggan,not_applicable,4,qa_needed,false,content-ops,,0,,partial,needs_review,,needs_review,needs_review,needs_review,not_applicable,not_applicable,,,,,Combo page has no enrichment data file,Audit gap: Run deep research skill to generate combo content,70,45
activity-location-gower-trail-running,evergreen,activity_location,/gower/things-to-do/trail-running,Gower / Trail Running,gower,trail-running,not_applicable,4,qa_needed,false,content-ops,,0,,partial,needs_review,,needs_review,needs_review,needs_review,not_applicable,not_applicable,,,,,Combo page has no enrichment data file,Audit gap: Run deep research skill to generate combo content,70,45
activity-location-gower-underground-trampolines,evergreen,activity_location,/gower/things-to-do/underground-trampolines,Gower / Underground Trampolines,gower,underground-trampolines,not_applicable,4,qa_needed,false,content-ops,,0,,partial,needs_review,,needs_review,needs_review,needs_review,not_applicable,not_applicable,,,,,Combo page has no enrichment data file,Audit gap: Run deep research skill to generate combo content,70,45
activity-location-gower-wildlife-birdwatching,evergreen,activity_location,/gower/things-to-do/wildlife-birdwatching,Gower / Wildlife Birdwatching,gower,wildlife-birdwatching,not_applicable,4,qa_needed,false,content-ops,,0,,partial,needs_review,,needs_review,needs_review,needs_review,not_applicable,not_applicable,,,,,Combo page has no enrichment data file,Audit gap: Run deep research skill to generate combo content,70,45
activity-location-gower-wildlife-boat-tour,evergreen,activity_location,/gower/things-to-do/wildlife-boat-tour,Gower / Wildlife Boat Tour,gower,wildlife-boat-tour,not_applicable,4,qa_needed,false,content-ops,,0,,partial,needs_review,,needs_review,needs_review,needs_review,not_applicable,not_applicable,,,,,Combo page has no enrichment data file,Audit gap: Run deep research skill to generate combo content,70,45
activity-location-gower-windsurfing,evergreen,activity_location,/gower/things-to-do/windsurfing,Gower / Windsurfing,gower,windsurfing,not_applicable,4,qa_needed,false,content-ops,,0,,partial,needs_review,,needs_review,needs_review,needs_review,not_applicable,not_applicable,,,,,Combo page has no enrichment data file,Audit gap: Run deep research skill to generate combo content,70,45
activity-location-gower-wing-foiling,evergreen,activity_location,/gower/things-to-do/wing-foiling,Gower / Wing Foiling,gower,wing-foiling,not_applicable,4,qa_needed,false,content-ops,,0,,partial,needs_review,,needs_review,needs_review,needs_review,not_applicable,not_applicable,,,,,Combo page has no enrichment data file,Audit gap: Run deep research skill to generate combo content,70,45
activity-location-gower-zip-lining,evergreen,activity_location,/gower/things-to-do/zip-lining,Gower / Zip Lining,gower,zip-lining,not_applicable,4,qa_needed,false,content-ops,,0,,partial,needs_review,,needs_review,needs_review,needs_review,not_applicable,not_applicable,,,,,Combo page has no enrichment data file,Audit gap: Run deep research skill to generate combo content,70,45
activity-location-llyn-peninsula-archery,evergreen,activity_location,/llyn-peninsula/things-to-do/archery,Llyn Peninsula / Archery,llyn-peninsula,archery,not_applicable,4,qa_needed,false,content-ops,,0,,partial,needs_review,,needs_review,needs_review,needs_review,not_applicable,not_applicable,,,,,Combo page has no enrichment data file,Audit gap: Run deep research skill to generate combo content,70,45
activity-location-llyn-peninsula-attractions,evergreen,activity_location,/llyn-peninsula/things-to-do/attractions,Llyn Peninsula / Attractions,llyn-peninsula,attractions,not_applicable,4,qa_needed,false,content-ops,,0,,partial,needs_review,,needs_review,needs_review,needs_review,not_applicable,not_applicable,,,,,Combo page has no enrichment data file,Audit gap: Run deep research skill to generate combo content,70,45
activity-location-llyn-peninsula-beaches,evergreen,activity_location,/llyn-peninsula/things-to-do/beaches,Llyn Peninsula / Beaches,llyn-peninsula,beaches,not_applicable,4,qa_needed,false,content-ops,,0,,partial,needs_review,,needs_review,needs_review,needs_review,not_applicable,not_applicable,,,,,Combo page has no enrichment data file,Audit gap: Run deep research skill to generate combo content,70,45
activity-location-llyn-peninsula-bike-hire,evergreen,activity_location,/llyn-peninsula/things-to-do/bike-hire,Llyn Peninsula / Bike Hire,llyn-peninsula,bike-hire,not_applicable,4,qa_needed,false,content-ops,,0,,partial,needs_review,,needs_review,needs_review,needs_review,not_applicable,not_applicable,,,,,Combo page has no enrichment data file,Audit gap: Run deep research skill to generate combo content,70,45
activity-location-llyn-peninsula-boat-tour,evergreen,activity_location,/llyn-peninsula/things-to-do/boat-tour,Llyn Peninsula / Boat Tour,llyn-peninsula,boat-tour,not_applicable,4,qa_needed,false,content-ops,,0,,partial,needs_review,,needs_review,needs_review,needs_review,not_applicable,not_applicable,,,,,Combo page has no enrichment data file,Audit gap: Run deep research skill to generate combo content,70,45
activity-location-llyn-peninsula-canyoning,evergreen,activity_location,/llyn-peninsula/things-to-do/canyoning,Llyn Peninsula / Canyoning,llyn-peninsula,canyoning,not_applicable,4,qa_needed,false,content-ops,,0,,partial,needs_review,,needs_review,needs_review,needs_review,not_applicable,not_applicable,,,,,Combo page has no enrichment data file,Audit gap: Run deep research skill to generate combo content,70,45
activity-location-llyn-peninsula-caving,evergreen,activity_location,/llyn-peninsula/things-to-do/caving,Llyn Peninsula / Caving,llyn-peninsula,caving,not_applicable,4,qa_needed,false,content-ops,,0,,partial,needs_review,,needs_review,needs_review,needs_review,not_applicable,not_applicable,,,,,Combo page has no enrichment data file,Audit gap: Run deep research skill to generate combo content,70,45
activity-location-llyn-peninsula-caving-potholing,evergreen,activity_location,/llyn-peninsula/things-to-do/caving-potholing,Llyn Peninsula / Caving Potholing,llyn-peninsula,caving-potholing,not_applicable,4,qa_needed,false,content-ops,,0,,partial,needs_review,,needs_review,needs_review,needs_review,not_applicable,not_applicable,,,,,Combo page has no enrichment data file,Audit gap: Run deep research skill to generate combo content,70,45
activity-location-llyn-peninsula-climbing,evergreen,activity_location,/llyn-peninsula/things-to-do/climbing,Llyn Peninsula / Climbing,llyn-peninsula,climbing,not_applicable,4,qa_needed,false,content-ops,,0,,partial,needs_review,,needs_review,needs_review,needs_review,not_applicable,not_applicable,,,,,Combo page has no enrichment data file,Audit gap: Run deep research skill to generate combo content,70,45
activity-location-llyn-peninsula-coasteering,evergreen,activity_location,/llyn-peninsula/things-to-do/coasteering,Llyn Peninsula / Coasteering,llyn-peninsula,coasteering,not_applicable,4,qa_needed,false,content-ops,,0,,partial,needs_review,,needs_review,needs_review,needs_review,not_applicable,not_applicable,,,,,Combo page has no enrichment data file,Audit gap: Run deep research skill to generate combo content,70,45
activity-location-llyn-peninsula-fishing,evergreen,activity_location,/llyn-peninsula/things-to-do/fishing,Llyn Peninsula / Fishing,llyn-peninsula,fishing,not_applicable,4,qa_needed,false,content-ops,,0,,partial,needs_review,,needs_review,needs_review,needs_review,not_applicable,not_applicable,,,,,Combo page has no enrichment data file,Audit gap: Run deep research skill to generate combo content,70,45
activity-location-llyn-peninsula-gorge-scrambling,evergreen,activity_location,/llyn-peninsula/things-to-do/gorge-scrambling,Llyn Peninsula / Gorge Scrambling,llyn-peninsula,gorge-scrambling,not_applicable,4,qa_needed,false,content-ops,,0,,partial,needs_review,,needs_review,needs_review,needs_review,not_applicable,not_applicable,,,,,Combo page has no enrichment data file,Audit gap: Run deep research skill to generate combo content,70,45
activity-location-llyn-peninsula-gorge-walking,evergreen,activity_location,/llyn-peninsula/things-to-do/gorge-walking,Llyn Peninsula / Gorge Walking,llyn-peninsula,gorge-walking,not_applicable,4,qa_needed,false,content-ops,,0,,partial,needs_review,,needs_review,needs_review,needs_review,not_applicable,not_applicable,,,,,Combo page has no enrichment data file,Audit gap: Run deep research skill to generate combo content,70,45
activity-location-llyn-peninsula-high-ropes,evergreen,activity_location,/llyn-peninsula/things-to-do/high-ropes,Llyn Peninsula / High Ropes,llyn-peninsula,high-ropes,not_applicable,4,qa_needed,false,content-ops,,0,,partial,needs_review,,needs_review,needs_review,needs_review,not_applicable,not_applicable,,,,,Combo page has no enrichment data file,Audit gap: Run deep research skill to generate combo content,70,45
activity-location-llyn-peninsula-hiking,evergreen,activity_location,/llyn-peninsula/things-to-do/hiking,Llyn Peninsula / Hiking,llyn-peninsula,hiking,not_applicable,4,qa_needed,false,content-ops,,0,,partial,needs_review,,needs_review,needs_review,needs_review,not_applicable,not_applicable,,,,,Combo page has no enrichment data file,Audit gap: Run deep research skill to generate combo content,70,45
activity-location-llyn-peninsula-hiking-scrambling,evergreen,activity_location,/llyn-peninsula/things-to-do/hiking-scrambling,Llyn Peninsula / Hiking Scrambling,llyn-peninsula,hiking-scrambling,not_applicable,4,qa_needed,false,content-ops,,0,,partial,needs_review,,needs_review,needs_review,needs_review,not_applicable,not_applicable,,,,,Combo page has no enrichment data file,Audit gap: Run deep research skill to generate combo content,70,45
activity-location-llyn-peninsula-horse-riding,evergreen,activity_location,/llyn-peninsula/things-to-do/horse-riding,Llyn Peninsula / Horse Riding,llyn-peninsula,horse-riding,not_applicable,4,qa_needed,false,content-ops,,0,,partial,needs_review,,needs_review,needs_review,needs_review,not_applicable,not_applicable,,,,,Combo page has no enrichment data file,Audit gap: Run deep research skill to generate combo content,70,45
activity-location-llyn-peninsula-jet-ski,evergreen,activity_location,/llyn-peninsula/things-to-do/jet-ski,Llyn Peninsula / Jet Ski,llyn-peninsula,jet-ski,not_applicable,4,qa_needed,false,content-ops,,0,,partial,needs_review,,needs_review,needs_review,needs_review,not_applicable,not_applicable,,,,,Combo page has no enrichment data file,Audit gap: Run deep research skill to generate combo content,70,45
activity-location-llyn-peninsula-kayaking,evergreen,activity_location,/llyn-peninsula/things-to-do/kayaking,Llyn Peninsula / Kayaking,llyn-peninsula,kayaking,not_applicable,4,qa_needed,false,content-ops,,0,,partial,needs_review,,needs_review,needs_review,needs_review,not_applicable,not_applicable,,,,,Combo page has no enrichment data file,Audit gap: Run deep research skill to generate combo content,70,45
activity-location-llyn-peninsula-kitesurfing,evergreen,activity_location,/llyn-peninsula/things-to-do/kitesurfing,Llyn Peninsula / Kitesurfing,llyn-peninsula,kitesurfing,not_applicable,4,qa_needed,false,content-ops,,0,,partial,needs_review,,needs_review,needs_review,needs_review,not_applicable,not_applicable,,,,,Combo page has no enrichment data file,Audit gap: Run deep research skill to generate combo content,70,45
activity-location-llyn-peninsula-mine-exploration,evergreen,activity_location,/llyn-peninsula/things-to-do/mine-exploration,Llyn Peninsula / Mine Exploration,llyn-peninsula,mine-exploration,not_applicable,4,qa_needed,false,content-ops,,0,,partial,needs_review,,needs_review,needs_review,needs_review,not_applicable,not_applicable,,,,,Combo page has no enrichment data file,Audit gap: Run deep research skill to generate combo content,70,45
activity-location-llyn-peninsula-mountain-biking,evergreen,activity_location,/llyn-peninsula/things-to-do/mountain-biking,Llyn Peninsula / Mountain Biking,llyn-peninsula,mountain-biking,not_applicable,4,qa_needed,false,content-ops,,0,,partial,needs_review,,needs_review,needs_review,needs_review,not_applicable,not_applicable,,,,,Combo page has no enrichment data file,Audit gap: Run deep research skill to generate combo content,70,45
activity-location-llyn-peninsula-mtb-coaching,evergreen,activity_location,/llyn-peninsula/things-to-do/mtb-coaching,Llyn Peninsula / Mtb Coaching,llyn-peninsula,mtb-coaching,not_applicable,4,qa_needed,false,content-ops,,0,,partial,needs_review,,needs_review,needs_review,needs_review,not_applicable,not_applicable,,,,,Combo page has no enrichment data file,Audit gap: Run deep research skill to generate combo content,70,45
activity-location-llyn-peninsula-paintball-laser-tag,evergreen,activity_location,/llyn-peninsula/things-to-do/paintball-laser-tag,Llyn Peninsula / Paintball Laser Tag,llyn-peninsula,paintball-laser-tag,not_applicable,4,qa_needed,false,content-ops,,0,,partial,needs_review,,needs_review,needs_review,needs_review,not_applicable,not_applicable,,,,,Combo page has no enrichment data file,Audit gap: Run deep research skill to generate combo content,70,45
activity-location-llyn-peninsula-powerboating,evergreen,activity_location,/llyn-peninsula/things-to-do/powerboating,Llyn Peninsula / Powerboating,llyn-peninsula,powerboating,not_applicable,4,qa_needed,false,content-ops,,0,,partial,needs_review,,needs_review,needs_review,needs_review,not_applicable,not_applicable,,,,,Combo page has no enrichment data file,Audit gap: Run deep research skill to generate combo content,70,45
activity-location-llyn-peninsula-rafting,evergreen,activity_location,/llyn-peninsula/things-to-do/rafting,Llyn Peninsula / Rafting,llyn-peninsula,rafting,not_applicable,4,qa_needed,false,content-ops,,0,,partial,needs_review,,needs_review,needs_review,needs_review,not_applicable,not_applicable,,,,,Combo page has no enrichment data file,Audit gap: Run deep research skill to generate combo content,70,45
activity-location-llyn-peninsula-running,evergreen,activity_location,/llyn-peninsula/things-to-do/running,Llyn Peninsula / Running,llyn-peninsula,running,not_applicable,4,qa_needed,false,content-ops,,0,,partial,needs_review,,needs_review,needs_review,needs_review,not_applicable,not_applicable,,,,,Combo page has no enrichment data file,Audit gap: Run deep research skill to generate combo content,70,45
activity-location-llyn-peninsula-sailing,evergreen,activity_location,/llyn-peninsula/things-to-do/sailing,Llyn Peninsula / Sailing,llyn-peninsula,sailing,not_applicable,4,qa_needed,false,content-ops,,0,,partial,needs_review,,needs_review,needs_review,needs_review,not_applicable,not_applicable,,,,,Combo page has no enrichment data file,Audit gap: Run deep research skill to generate combo content,70,45
activity-location-llyn-peninsula-scenic-railway,evergreen,activity_location,/llyn-peninsula/things-to-do/scenic-railway,Llyn Peninsula / Scenic Railway,llyn-peninsula,scenic-railway,not_applicable,4,qa_needed,false,content-ops,,0,,partial,needs_review,,needs_review,needs_review,needs_review,not_applicable,not_applicable,,,,,Combo page has no enrichment data file,Audit gap: Run deep research skill to generate combo content,70,45
activity-location-llyn-peninsula-sea-kayaking,evergreen,activity_location,/llyn-peninsula/things-to-do/sea-kayaking,Llyn Peninsula / Sea Kayaking,llyn-peninsula,sea-kayaking,not_applicable,4,qa_needed,false,content-ops,,0,,partial,needs_review,,needs_review,needs_review,needs_review,not_applicable,not_applicable,,,,,Combo page has no enrichment data file,Audit gap: Run deep research skill to generate combo content,70,45
activity-location-llyn-peninsula-sup,evergreen,activity_location,/llyn-peninsula/things-to-do/sup,Llyn Peninsula / Sup,llyn-peninsula,sup,not_applicable,4,qa_needed,false,content-ops,,0,,partial,needs_review,,needs_review,needs_review,needs_review,not_applicable,not_applicable,,,,,Combo page has no enrichment data file,Audit gap: Run deep research skill to generate combo content,70,45
activity-location-llyn-peninsula-toboggan,evergreen,activity_location,/llyn-peninsula/things-to-do/toboggan,Llyn Peninsula / Toboggan,llyn-peninsula,toboggan,not_applicable,4,qa_needed,false,content-ops,,0,,partial,needs_review,,needs_review,needs_review,needs_review,not_applicable,not_applicable,,,,,Combo page has no enrichment data file,Audit gap: Run deep research skill to generate combo content,70,45
activity-location-llyn-peninsula-trail-running,evergreen,activity_location,/llyn-peninsula/things-to-do/trail-running,Llyn Peninsula / Trail Running,llyn-peninsula,trail-running,not_applicable,4,qa_needed,false,content-ops,,0,,partial,needs_review,,needs_review,needs_review,needs_review,not_applicable,not_applicable,,,,,Combo page has no enrichment data file,Audit gap: Run deep research skill to generate combo content,70,45
activity-location-llyn-peninsula-underground-trampolines,evergreen,activity_location,/llyn-peninsula/things-to-do/underground-trampolines,Llyn Peninsula / Underground Trampolines,llyn-peninsula,underground-trampolines,not_applicable,4,qa_needed,false,content-ops,,0,,partial,needs_review,,needs_review,needs_review,needs_review,not_applicable,not_applicable,,,,,Combo page has no enrichment data file,Audit gap: Run deep research skill to generate combo content,70,45
activity-location-llyn-peninsula-wild-swimming,evergreen,activity_location,/llyn-peninsula/things-to-do/wild-swimming,Llyn Peninsula / Wild Swimming,llyn-peninsula,wild-swimming,not_applicable,4,qa_needed,false,content-ops,,0,,partial,needs_review,,needs_review,needs_review,needs_review,not_applicable,not_applicable,,,,,Combo page has no enrichment data file,Audit gap: Run deep research skill to generate combo content,70,45
activity-location-llyn-peninsula-wildlife-birdwatching,evergreen,activity_location,/llyn-peninsula/things-to-do/wildlife-birdwatching,Llyn Peninsula / Wildlife Birdwatching,llyn-peninsula,wildlife-birdwatching,not_applicable,4,qa_needed,false,content-ops,,0,,partial,needs_review,,needs_review,needs_review,needs_review,not_applicable,not_applicable,,,,,Combo page has no enrichment data file,Audit gap: Run deep research skill to generate combo content,70,45
activity-location-llyn-peninsula-wildlife-boat-tour,evergreen,activity_location,/llyn-peninsula/things-to-do/wildlife-boat-tour,Llyn Peninsula / Wildlife Boat Tour,llyn-peninsula,wildlife-boat-tour,not_applicable,4,qa_needed,false,content-ops,,0,,partial,needs_review,,needs_review,needs_review,needs_review,not_applicable,not_applicable,,,,,Combo page has no enrichment data file,Audit gap: Run deep research skill to generate combo content,70,45
activity-location-llyn-peninsula-windsurfing,evergreen,activity_location,/llyn-peninsula/things-to-do/windsurfing,Llyn Peninsula / Windsurfing,llyn-peninsula,windsurfing,not_applicable,4,qa_needed,false,content-ops,,0,,partial,needs_review,,needs_review,needs_review,needs_review,not_applicable,not_applicable,,,,,Combo page has no enrichment data file,Audit gap: Run deep research skill to generate combo content,70,45
activity-location-llyn-peninsula-wing-foiling,evergreen,activity_location,/llyn-peninsula/things-to-do/wing-foiling,Llyn Peninsula / Wing Foiling,llyn-peninsula,wing-foiling,not_applicable,4,qa_needed,false,content-ops,,0,,partial,needs_review,,needs_review,needs_review,needs_review,not_applicable,not_applicable,,,,,Combo page has no enrichment data file,Audit gap: Run deep research skill to generate combo content,70,45
activity-location-llyn-peninsula-zip-lining,evergreen,activity_location,/llyn-peninsula/things-to-do/zip-lining,Llyn Peninsula / Zip Lining,llyn-peninsula,zip-lining,not_applicable,4,qa_needed,false,content-ops,,0,,partial,needs_review,,needs_review,needs_review,needs_review,not_applicable,not_applicable,,,,,Combo page has no enrichment data file,Audit gap: Run deep research skill to generate combo content,70,45
activity-location-mid-wales-archery,evergreen,activity_location,/mid-wales/things-to-do/archery,Mid Wales / Archery,mid-wales,archery,not_applicable,4,qa_needed,false,content-ops,,0,,partial,needs_review,,needs_review,needs_review,needs_review,not_applicable,not_applicable,,,,,Combo page has no enrichment data file,Audit gap: Run deep research skill to generate combo content,70,45
activity-location-mid-wales-attractions,evergreen,activity_location,/mid-wales/things-to-do/attractions,Mid Wales / Attractions,mid-wales,attractions,not_applicable,4,qa_needed,false,content-ops,,0,,partial,needs_review,,needs_review,needs_review,needs_review,not_applicable,not_applicable,,,,,Combo page has no enrichment data file,Audit gap: Run deep research skill to generate combo content,70,45
activity-location-mid-wales-beaches,evergreen,activity_location,/mid-wales/things-to-do/beaches,Mid Wales / Beaches,mid-wales,beaches,not_applicable,4,qa_needed,false,content-ops,,0,,partial,needs_review,,needs_review,needs_review,needs_review,not_applicable,not_applicable,,,,,Combo page has no enrichment data file,Audit gap: Run deep research skill to generate combo content,70,45
activity-location-mid-wales-bike-hire,evergreen,activity_location,/mid-wales/things-to-do/bike-hire,Mid Wales / Bike Hire,mid-wales,bike-hire,not_applicable,4,qa_needed,false,content-ops,,0,,partial,needs_review,,needs_review,needs_review,needs_review,not_applicable,not_applicable,,,,,Combo page has no enrichment data file,Audit gap: Run deep research skill to generate combo content,70,45
activity-location-mid-wales-boat-tour,evergreen,activity_location,/mid-wales/things-to-do/boat-tour,Mid Wales / Boat Tour,mid-wales,boat-tour,not_applicable,4,qa_needed,false,content-ops,,0,,partial,needs_review,,needs_review,needs_review,needs_review,not_applicable,not_applicable,,,,,Combo page has no enrichment data file,Audit gap: Run deep research skill to generate combo content,70,45
activity-location-mid-wales-canyoning,evergreen,activity_location,/mid-wales/things-to-do/canyoning,Mid Wales / Canyoning,mid-wales,canyoning,not_applicable,4,qa_needed,false,content-ops,,0,,partial,needs_review,,needs_review,needs_review,needs_review,not_applicable,not_applicable,,,,,Combo page has no enrichment data file,Audit gap: Run deep research skill to generate combo content,70,45
activity-location-mid-wales-caving,evergreen,activity_location,/mid-wales/things-to-do/caving,Mid Wales / Caving,mid-wales,caving,not_applicable,4,qa_needed,false,content-ops,,0,,partial,needs_review,,needs_review,needs_review,needs_review,not_applicable,not_applicable,,,,,Combo page has no enrichment data file,Audit gap: Run deep research skill to generate combo content,70,45
activity-location-mid-wales-caving-potholing,evergreen,activity_location,/mid-wales/things-to-do/caving-potholing,Mid Wales / Caving Potholing,mid-wales,caving-potholing,not_applicable,4,qa_needed,false,content-ops,,0,,partial,needs_review,,needs_review,needs_review,needs_review,not_applicable,not_applicable,,,,,Combo page has no enrichment data file,Audit gap: Run deep research skill to generate combo content,70,45
activity-location-mid-wales-climbing,evergreen,activity_location,/mid-wales/things-to-do/climbing,Mid Wales / Climbing,mid-wales,climbing,not_applicable,4,qa_needed,false,content-ops,,0,,partial,needs_review,,needs_review,needs_review,needs_review,not_applicable,not_applicable,,,,,Combo page has no enrichment data file,Audit gap: Run deep research skill to generate combo content,70,45
activity-location-mid-wales-coasteering,evergreen,activity_location,/mid-wales/things-to-do/coasteering,Mid Wales / Coasteering,mid-wales,coasteering,not_applicable,4,qa_needed,false,content-ops,,0,,partial,needs_review,,needs_review,needs_review,needs_review,not_applicable,not_applicable,,,,,Combo page has no enrichment data file,Audit gap: Run deep research skill to generate combo content,70,45
activity-location-mid-wales-fishing,evergreen,activity_location,/mid-wales/things-to-do/fishing,Mid Wales / Fishing,mid-wales,fishing,not_applicable,4,qa_needed,false,content-ops,,0,,partial,needs_review,,needs_review,needs_review,needs_review,not_applicable,not_applicable,,,,,Combo page has no enrichment data file,Audit gap: Run deep research skill to generate combo content,70,45
activity-location-mid-wales-gorge-scrambling,evergreen,activity_location,/mid-wales/things-to-do/gorge-scrambling,Mid Wales / Gorge Scrambling,mid-wales,gorge-scrambling,not_applicable,4,qa_needed,false,content-ops,,0,,partial,needs_review,,needs_review,needs_review,needs_review,not_applicable,not_applicable,,,,,Combo page has no enrichment data file,Audit gap: Run deep research skill to generate combo content,70,45
activity-location-mid-wales-gorge-walking,evergreen,activity_location,/mid-wales/things-to-do/gorge-walking,Mid Wales / Gorge Walking,mid-wales,gorge-walking,not_applicable,4,qa_needed,false,content-ops,,0,,partial,needs_review,,needs_review,needs_review,needs_review,not_applicable,not_applicable,,,,,Combo page has no enrichment data file,Audit gap: Run deep research skill to generate combo content,70,45
activity-location-mid-wales-high-ropes,evergreen,activity_location,/mid-wales/things-to-do/high-ropes,Mid Wales / High Ropes,mid-wales,high-ropes,not_applicable,4,qa_needed,false,content-ops,,0,,partial,needs_review,,needs_review,needs_review,needs_review,not_applicable,not_applicable,,,,,Combo page has no enrichment data file,Audit gap: Run deep research skill to generate combo content,70,45
activity-location-mid-wales-hiking-scrambling,evergreen,activity_location,/mid-wales/things-to-do/hiking-scrambling,Mid Wales / Hiking Scrambling,mid-wales,hiking-scrambling,not_applicable,4,qa_needed,false,content-ops,,0,,partial,needs_review,,needs_review,needs_review,needs_review,not_applicable,not_applicable,,,,,Combo page has no enrichment data file,Audit gap: Run deep research skill to generate combo content,70,45
activity-location-mid-wales-horse-riding,evergreen,activity_location,/mid-wales/things-to-do/horse-riding,Mid Wales / Horse Riding,mid-wales,horse-riding,not_applicable,4,qa_needed,false,content-ops,,0,,partial,needs_review,,needs_review,needs_review,needs_review,not_applicable,not_applicable,,,,,Combo page has no enrichment data file,Audit gap: Run deep research skill to generate combo content,70,45
activity-location-mid-wales-jet-ski,evergreen,activity_location,/mid-wales/things-to-do/jet-ski,Mid Wales / Jet Ski,mid-wales,jet-ski,not_applicable,4,qa_needed,false,content-ops,,0,,partial,needs_review,,needs_review,needs_review,needs_review,not_applicable,not_applicable,,,,,Combo page has no enrichment data file,Audit gap: Run deep research skill to generate combo content,70,45
activity-location-mid-wales-kayaking,evergreen,activity_location,/mid-wales/things-to-do/kayaking,Mid Wales / Kayaking,mid-wales,kayaking,not_applicable,4,qa_needed,false,content-ops,,0,,partial,needs_review,,needs_review,needs_review,needs_review,not_applicable,not_applicable,,,,,Combo page has no enrichment data file,Audit gap: Run deep research skill to generate combo content,70,45
activity-location-mid-wales-kitesurfing,evergreen,activity_location,/mid-wales/things-to-do/kitesurfing,Mid Wales / Kitesurfing,mid-wales,kitesurfing,not_applicable,4,qa_needed,false,content-ops,,0,,partial,needs_review,,needs_review,needs_review,needs_review,not_applicable,not_applicable,,,,,Combo page has no enrichment data file,Audit gap: Run deep research skill to generate combo content,70,45
activity-location-mid-wales-mine-exploration,evergreen,activity_location,/mid-wales/things-to-do/mine-exploration,Mid Wales / Mine Exploration,mid-wales,mine-exploration,not_applicable,4,qa_needed,false,content-ops,,0,,partial,needs_review,,needs_review,needs_review,needs_review,not_applicable,not_applicable,,,,,Combo page has no enrichment data file,Audit gap: Run deep research skill to generate combo content,70,45
activity-location-mid-wales-mtb-coaching,evergreen,activity_location,/mid-wales/things-to-do/mtb-coaching,Mid Wales / Mtb Coaching,mid-wales,mtb-coaching,not_applicable,4,qa_needed,false,content-ops,,0,,partial,needs_review,,needs_review,needs_review,needs_review,not_applicable,not_applicable,,,,,Combo page has no enrichment data file,Audit gap: Run deep research skill to generate combo content,70,45
activity-location-mid-wales-paintball-laser-tag,evergreen,activity_location,/mid-wales/things-to-do/paintball-laser-tag,Mid Wales / Paintball Laser Tag,mid-wales,paintball-laser-tag,not_applicable,4,qa_needed,false,content-ops,,0,,partial,needs_review,,needs_review,needs_review,needs_review,not_applicable,not_applicable,,,,,Combo page has no enrichment data file,Audit gap: Run deep research skill to generate combo content,70,45
activity-location-mid-wales-powerboating,evergreen,activity_location,/mid-wales/things-to-do/powerboating,Mid Wales / Powerboating,mid-wales,powerboating,not_applicable,4,qa_needed,false,content-ops,,0,,partial,needs_review,,needs_review,needs_review,needs_review,not_applicable,not_applicable,,,,,Combo page has no enrichment data file,Audit gap: Run deep research skill to generate combo content,70,45
activity-location-mid-wales-rafting,evergreen,activity_location,/mid-wales/things-to-do/rafting,Mid Wales / Rafting,mid-wales,rafting,not_applicable,4,qa_needed,false,content-ops,,0,,partial,needs_review,,needs_review,needs_review,needs_review,not_applicable,not_applicable,,,,,Combo page has no enrichment data file,Audit gap: Run deep research skill to generate combo content,70,45
activity-location-mid-wales-running,evergreen,activity_location,/mid-wales/things-to-do/running,Mid Wales / Running,mid-wales,running,not_applicable,4,qa_needed,false,content-ops,,0,,partial,needs_review,,needs_review,needs_review,needs_review,not_applicable,not_applicable,,,,,Combo page has no enrichment data file,Audit gap: Run deep research skill to generate combo content,70,45
activity-location-mid-wales-sailing,evergreen,activity_location,/mid-wales/things-to-do/sailing,Mid Wales / Sailing,mid-wales,sailing,not_applicable,4,qa_needed,false,content-ops,,0,,partial,needs_review,,needs_review,needs_review,needs_review,not_applicable,not_applicable,,,,,Combo page has no enrichment data file,Audit gap: Run deep research skill to generate combo content,70,45
activity-location-mid-wales-scenic-railway,evergreen,activity_location,/mid-wales/things-to-do/scenic-railway,Mid Wales / Scenic Railway,mid-wales,scenic-railway,not_applicable,4,qa_needed,false,content-ops,,0,,partial,needs_review,,needs_review,needs_review,needs_review,not_applicable,not_applicable,,,,,Combo page has no enrichment data file,Audit gap: Run deep research skill to generate combo content,70,45
activity-location-mid-wales-sea-kayaking,evergreen,activity_location,/mid-wales/things-to-do/sea-kayaking,Mid Wales / Sea Kayaking,mid-wales,sea-kayaking,not_applicable,4,qa_needed,false,content-ops,,0,,partial,needs_review,,needs_review,needs_review,needs_review,not_applicable,not_applicable,,,,,Combo page has no enrichment data file,Audit gap: Run deep research skill to generate combo content,70,45
activity-location-mid-wales-sup,evergreen,activity_location,/mid-wales/things-to-do/sup,Mid Wales / Sup,mid-wales,sup,not_applicable,4,qa_needed,false,content-ops,,0,,partial,needs_review,,needs_review,needs_review,needs_review,not_applicable,not_applicable,,,,,Combo page has no enrichment data file,Audit gap: Run deep research skill to generate combo content,70,45
activity-location-mid-wales-surfing,evergreen,activity_location,/mid-wales/things-to-do/surfing,Mid Wales / Surfing,mid-wales,surfing,not_applicable,4,qa_needed,false,content-ops,,0,,partial,needs_review,,needs_review,needs_review,needs_review,not_applicable,not_applicable,,,,,Combo page has no enrichment data file,Audit gap: Run deep research skill to generate combo content,70,45
activity-location-mid-wales-toboggan,evergreen,activity_location,/mid-wales/things-to-do/toboggan,Mid Wales / Toboggan,mid-wales,toboggan,not_applicable,4,qa_needed,false,content-ops,,0,,partial,needs_review,,needs_review,needs_review,needs_review,not_applicable,not_applicable,,,,,Combo page has no enrichment data file,Audit gap: Run deep research skill to generate combo content,70,45
activity-location-mid-wales-trail-running,evergreen,activity_location,/mid-wales/things-to-do/trail-running,Mid Wales / Trail Running,mid-wales,trail-running,not_applicable,4,qa_needed,false,content-ops,,0,,partial,needs_review,,needs_review,needs_review,needs_review,not_applicable,not_applicable,,,,,Combo page has no enrichment data file,Audit gap: Run deep research skill to generate combo content,70,45
activity-location-mid-wales-underground-trampolines,evergreen,activity_location,/mid-wales/things-to-do/underground-trampolines,Mid Wales / Underground Trampolines,mid-wales,underground-trampolines,not_applicable,4,qa_needed,false,content-ops,,0,,partial,needs_review,,needs_review,needs_review,needs_review,not_applicable,not_applicable,,,,,Combo page has no enrichment data file,Audit gap: Run deep research skill to generate combo content,70,45
activity-location-mid-wales-wild-swimming,evergreen,activity_location,/mid-wales/things-to-do/wild-swimming,Mid Wales / Wild Swimming,mid-wales,wild-swimming,not_applicable,4,qa_needed,false,content-ops,,0,,partial,needs_review,,needs_review,needs_review,needs_review,not_applicable,not_applicable,,,,,Combo page has no enrichment data file,Audit gap: Run deep research skill to generate combo content,70,45
activity-location-mid-wales-wildlife-birdwatching,evergreen,activity_location,/mid-wales/things-to-do/wildlife-birdwatching,Mid Wales / Wildlife Birdwatching,mid-wales,wildlife-birdwatching,not_applicable,4,qa_needed,false,content-ops,,0,,partial,needs_review,,needs_review,needs_review,needs_review,not_applicable,not_applicable,,,,,Combo page has no enrichment data file,Audit gap: Run deep research skill to generate combo content,70,45
activity-location-mid-wales-wildlife-boat-tour,evergreen,activity_location,/mid-wales/things-to-do/wildlife-boat-tour,Mid Wales / Wildlife Boat Tour,mid-wales,wildlife-boat-tour,not_applicable,4,qa_needed,false,content-ops,,0,,partial,needs_review,,needs_review,needs_review,needs_review,not_applicable,not_applicable,,,,,Combo page has no enrichment data file,Audit gap: Run deep research skill to generate combo content,70,45
activity-location-mid-wales-windsurfing,evergreen,activity_location,/mid-wales/things-to-do/windsurfing,Mid Wales / Windsurfing,mid-wales,windsurfing,not_applicable,4,qa_needed,false,content-ops,,0,,partial,needs_review,,needs_review,needs_review,needs_review,not_applicable,not_applicable,,,,,Combo page has no enrichment data file,Audit gap: Run deep research skill to generate combo content,70,45
activity-location-mid-wales-wing-foiling,evergreen,activity_location,/mid-wales/things-to-do/wing-foiling,Mid Wales / Wing Foiling,mid-wales,wing-foiling,not_applicable,4,qa_needed,false,content-ops,,0,,partial,needs_review,,needs_review,needs_review,needs_review,not_applicable,not_applicable,,,,,Combo page has no enrichment data file,Audit gap: Run deep research skill to generate combo content,70,45
activity-location-mid-wales-zip-lining,evergreen,activity_location,/mid-wales/things-to-do/zip-lining,Mid Wales / Zip Lining,mid-wales,zip-lining,not_applicable,4,qa_needed,false,content-ops,,0,,partial,needs_review,,needs_review,needs_review,needs_review,not_applicable,not_applicable,,,,,Combo page has no enrichment data file,Audit gap: Run deep research skill to generate combo content,70,45
activity-location-north-wales-archery,evergreen,activity_location,/north-wales/things-to-do/archery,North Wales / Archery,north-wales,archery,not_applicable,4,qa_needed,false,content-ops,,0,,partial,needs_review,,needs_review,needs_review,needs_review,not_applicable,not_applicable,,,,,Combo page has no enrichment data file,Audit gap: Run deep research skill to generate combo content,70,45
activity-location-north-wales-attractions,evergreen,activity_location,/north-wales/things-to-do/attractions,North Wales / Attractions,north-wales,attractions,not_applicable,4,qa_needed,false,content-ops,,0,,partial,needs_review,,needs_review,needs_review,needs_review,not_applicable,not_applicable,,,,,Combo page has no enrichment data file,Audit gap: Run deep research skill to generate combo content,70,45
activity-location-north-wales-beaches,evergreen,activity_location,/north-wales/things-to-do/beaches,North Wales / Beaches,north-wales,beaches,not_applicable,4,qa_needed,false,content-ops,,0,,partial,needs_review,,needs_review,needs_review,needs_review,not_applicable,not_applicable,,,,,Combo page has no enrichment data file,Audit gap: Run deep research skill to generate combo content,70,45
activity-location-north-wales-bike-hire,evergreen,activity_location,/north-wales/things-to-do/bike-hire,North Wales / Bike Hire,north-wales,bike-hire,not_applicable,4,qa_needed,false,content-ops,,0,,partial,needs_review,,needs_review,needs_review,needs_review,not_applicable,not_applicable,,,,,Combo page has no enrichment data file,Audit gap: Run deep research skill to generate combo content,70,45
activity-location-north-wales-boat-tour,evergreen,activity_location,/north-wales/things-to-do/boat-tour,North Wales / Boat Tour,north-wales,boat-tour,not_applicable,4,qa_needed,false,content-ops,,0,,partial,needs_review,,needs_review,needs_review,needs_review,not_applicable,not_applicable,,,,,Combo page has no enrichment data file,Audit gap: Run deep research skill to generate combo content,70,45
activity-location-north-wales-canyoning,evergreen,activity_location,/north-wales/things-to-do/canyoning,North Wales / Canyoning,north-wales,canyoning,not_applicable,4,qa_needed,false,content-ops,,0,,partial,needs_review,,needs_review,needs_review,needs_review,not_applicable,not_applicable,,,,,Combo page has no enrichment data file,Audit gap: Run deep research skill to generate combo content,70,45
activity-location-north-wales-caving,evergreen,activity_location,/north-wales/things-to-do/caving,North Wales / Caving,north-wales,caving,not_applicable,4,qa_needed,false,content-ops,,0,,partial,needs_review,,needs_review,needs_review,needs_review,not_applicable,not_applicable,,,,,Combo page has no enrichment data file,Audit gap: Run deep research skill to generate combo content,70,45
activity-location-north-wales-caving-potholing,evergreen,activity_location,/north-wales/things-to-do/caving-potholing,North Wales / Caving Potholing,north-wales,caving-potholing,not_applicable,4,qa_needed,false,content-ops,,0,,partial,needs_review,,needs_review,needs_review,needs_review,not_applicable,not_applicable,,,,,Combo page has no enrichment data file,Audit gap: Run deep research skill to generate combo content,70,45
activity-location-north-wales-coasteering,evergreen,activity_location,/north-wales/things-to-do/coasteering,North Wales / Coasteering,north-wales,coasteering,not_applicable,4,qa_needed,false,content-ops,,0,,partial,needs_review,,needs_review,needs_review,needs_review,not_applicable,not_applicable,,,,,Combo page has no enrichment data file,Audit gap: Run deep research skill to generate combo content,70,45
activity-location-north-wales-fishing,evergreen,activity_location,/north-wales/things-to-do/fishing,North Wales / Fishing,north-wales,fishing,not_applicable,4,qa_needed,false,content-ops,,0,,partial,needs_review,,needs_review,needs_review,needs_review,not_applicable,not_applicable,,,,,Combo page has no enrichment data file,Audit gap: Run deep research skill to generate combo content,70,45
activity-location-north-wales-gorge-scrambling,evergreen,activity_location,/north-wales/things-to-do/gorge-scrambling,North Wales / Gorge Scrambling,north-wales,gorge-scrambling,not_applicable,4,qa_needed,false,content-ops,,0,,partial,needs_review,,needs_review,needs_review,needs_review,not_applicable,not_applicable,,,,,Combo page has no enrichment data file,Audit gap: Run deep research skill to generate combo content,70,45
activity-location-north-wales-gorge-walking,evergreen,activity_location,/north-wales/things-to-do/gorge-walking,North Wales / Gorge Walking,north-wales,gorge-walking,not_applicable,4,qa_needed,false,content-ops,,0,,partial,needs_review,,needs_review,needs_review,needs_review,not_applicable,not_applicable,,,,,Combo page has no enrichment data file,Audit gap: Run deep research skill to generate combo content,70,45
activity-location-north-wales-high-ropes,evergreen,activity_location,/north-wales/things-to-do/high-ropes,North Wales / High Ropes,north-wales,high-ropes,not_applicable,4,qa_needed,false,content-ops,,0,,partial,needs_review,,needs_review,needs_review,needs_review,not_applicable,not_applicable,,,,,Combo page has no enrichment data file,Audit gap: Run deep research skill to generate combo content,70,45
activity-location-north-wales-hiking,evergreen,activity_location,/north-wales/things-to-do/hiking,North Wales / Hiking,north-wales,hiking,not_applicable,4,qa_needed,false,content-ops,,0,,partial,needs_review,,needs_review,needs_review,needs_review,not_applicable,not_applicable,,,,,Combo page has no enrichment data file,Audit gap: Run deep research skill to generate combo content,70,45
activity-location-north-wales-hiking-scrambling,evergreen,activity_location,/north-wales/things-to-do/hiking-scrambling,North Wales / Hiking Scrambling,north-wales,hiking-scrambling,not_applicable,4,qa_needed,false,content-ops,,0,,partial,needs_review,,needs_review,needs_review,needs_review,not_applicable,not_applicable,,,,,Combo page has no enrichment data file,Audit gap: Run deep research skill to generate combo content,70,45
activity-location-north-wales-horse-riding,evergreen,activity_location,/north-wales/things-to-do/horse-riding,North Wales / Horse Riding,north-wales,horse-riding,not_applicable,4,qa_needed,false,content-ops,,0,,partial,needs_review,,needs_review,needs_review,needs_review,not_applicable,not_applicable,,,,,Combo page has no enrichment data file,Audit gap: Run deep research skill to generate combo content,70,45
activity-location-north-wales-jet-ski,evergreen,activity_location,/north-wales/things-to-do/jet-ski,North Wales / Jet Ski,north-wales,jet-ski,not_applicable,4,qa_needed,false,content-ops,,0,,partial,needs_review,,needs_review,needs_review,needs_review,not_applicable,not_applicable,,,,,Combo page has no enrichment data file,Audit gap: Run deep research skill to generate combo content,70,45
activity-location-north-wales-kayaking,evergreen,activity_location,/north-wales/things-to-do/kayaking,North Wales / Kayaking,north-wales,kayaking,not_applicable,4,qa_needed,false,content-ops,,0,,partial,needs_review,,needs_review,needs_review,needs_review,not_applicable,not_applicable,,,,,Combo page has no enrichment data file,Audit gap: Run deep research skill to generate combo content,70,45
activity-location-north-wales-kitesurfing,evergreen,activity_location,/north-wales/things-to-do/kitesurfing,North Wales / Kitesurfing,north-wales,kitesurfing,not_applicable,4,qa_needed,false,content-ops,,0,,partial,needs_review,,needs_review,needs_review,needs_review,not_applicable,not_applicable,,,,,Combo page has no enrichment data file,Audit gap: Run deep research skill to generate combo content,70,45
activity-location-north-wales-mine-exploration,evergreen,activity_location,/north-wales/things-to-do/mine-exploration,North Wales / Mine Exploration,north-wales,mine-exploration,not_applicable,4,qa_needed,false,content-ops,,0,,partial,needs_review,,needs_review,needs_review,needs_review,not_applicable,not_applicable,,,,,Combo page has no enrichment data file,Audit gap: Run deep research skill to generate combo content,70,45
activity-location-north-wales-mtb-coaching,evergreen,activity_location,/north-wales/things-to-do/mtb-coaching,North Wales / Mtb Coaching,north-wales,mtb-coaching,not_applicable,4,qa_needed,false,content-ops,,0,,partial,needs_review,,needs_review,needs_review,needs_review,not_applicable,not_applicable,,,,,Combo page has no enrichment data file,Audit gap: Run deep research skill to generate combo content,70,45
activity-location-north-wales-paintball-laser-tag,evergreen,activity_location,/north-wales/things-to-do/paintball-laser-tag,North Wales / Paintball Laser Tag,north-wales,paintball-laser-tag,not_applicable,4,qa_needed,false,content-ops,,0,,partial,needs_review,,needs_review,needs_review,needs_review,not_applicable,not_applicable,,,,,Combo page has no enrichment data file,Audit gap: Run deep research skill to generate combo content,70,45
activity-location-north-wales-powerboating,evergreen,activity_location,/north-wales/things-to-do/powerboating,North Wales / Powerboating,north-wales,powerboating,not_applicable,4,qa_needed,false,content-ops,,0,,partial,needs_review,,needs_review,needs_review,needs_review,not_applicable,not_applicable,,,,,Combo page has no enrichment data file,Audit gap: Run deep research skill to generate combo content,70,45
activity-location-north-wales-rafting,evergreen,activity_location,/north-wales/things-to-do/rafting,North Wales / Rafting,north-wales,rafting,not_applicable,4,qa_needed,false,content-ops,,0,,partial,needs_review,,needs_review,needs_review,needs_review,not_applicable,not_applicable,,,,,Combo page has no enrichment data file,Audit gap: Run deep research skill to generate combo content,70,45
activity-location-north-wales-running,evergreen,activity_location,/north-wales/things-to-do/running,North Wales / Running,north-wales,running,not_applicable,4,qa_needed,false,content-ops,,0,,partial,needs_review,,needs_review,needs_review,needs_review,not_applicable,not_applicable,,,,,Combo page has no enrichment data file,Audit gap: Run deep research skill to generate combo content,70,45
activity-location-north-wales-sailing,evergreen,activity_location,/north-wales/things-to-do/sailing,North Wales / Sailing,north-wales,sailing,not_applicable,4,qa_needed,false,content-ops,,0,,partial,needs_review,,needs_review,needs_review,needs_review,not_applicable,not_applicable,,,,,Combo page has no enrichment data file,Audit gap: Run deep research skill to generate combo content,70,45
activity-location-north-wales-scenic-railway,evergreen,activity_location,/north-wales/things-to-do/scenic-railway,North Wales / Scenic Railway,north-wales,scenic-railway,not_applicable,4,qa_needed,false,content-ops,,0,,partial,needs_review,,needs_review,needs_review,needs_review,not_applicable,not_applicable,,,,,Combo page has no enrichment data file,Audit gap: Run deep research skill to generate combo content,70,45
activity-location-north-wales-sea-kayaking,evergreen,activity_location,/north-wales/things-to-do/sea-kayaking,North Wales / Sea Kayaking,north-wales,sea-kayaking,not_applicable,4,qa_needed,false,content-ops,,0,,partial,needs_review,,needs_review,needs_review,needs_review,not_applicable,not_applicable,,,,,Combo page has no enrichment data file,Audit gap: Run deep research skill to generate combo content,70,45
activity-location-north-wales-sup,evergreen,activity_location,/north-wales/things-to-do/sup,North Wales / Sup,north-wales,sup,not_applicable,4,qa_needed,false,content-ops,,0,,partial,needs_review,,needs_review,needs_review,needs_review,not_applicable,not_applicable,,,,,Combo page has no enrichment data file,Audit gap: Run deep research skill to generate combo content,70,45
activity-location-north-wales-surfing,evergreen,activity_location,/north-wales/things-to-do/surfing,North Wales / Surfing,north-wales,surfing,not_applicable,4,qa_needed,false,content-ops,,0,,partial,needs_review,,needs_review,needs_review,needs_review,not_applicable,not_applicable,,,,,Combo page has no enrichment data file,Audit gap: Run deep research skill to generate combo content,70,45
activity-location-north-wales-toboggan,evergreen,activity_location,/north-wales/things-to-do/toboggan,North Wales / Toboggan,north-wales,toboggan,not_applicable,4,qa_needed,false,content-ops,,0,,partial,needs_review,,needs_review,needs_review,needs_review,not_applicable,not_applicable,,,,,Combo page has no enrichment data file,Audit gap: Run deep research skill to generate combo content,70,45
activity-location-north-wales-trail-running,evergreen,activity_location,/north-wales/things-to-do/trail-running,North Wales / Trail Running,north-wales,trail-running,not_applicable,4,qa_needed,false,content-ops,,0,,partial,needs_review,,needs_review,needs_review,needs_review,not_applicable,not_applicable,,,,,Combo page has no enrichment data file,Audit gap: Run deep research skill to generate combo content,70,45
activity-location-north-wales-underground-trampolines,evergreen,activity_location,/north-wales/things-to-do/underground-trampolines,North Wales / Underground Trampolines,north-wales,underground-trampolines,not_applicable,4,qa_needed,false,content-ops,,0,,partial,needs_review,,needs_review,needs_review,needs_review,not_applicable,not_applicable,,,,,Combo page has no enrichment data file,Audit gap: Run deep research skill to generate combo content,70,45
activity-location-north-wales-wild-swimming,evergreen,activity_location,/north-wales/things-to-do/wild-swimming,North Wales / Wild Swimming,north-wales,wild-swimming,not_applicable,4,qa_needed,false,content-ops,,0,,partial,needs_review,,needs_review,needs_review,needs_review,not_applicable,not_applicable,,,,,Combo page has no enrichment data file,Audit gap: Run deep research skill to generate combo content,70,45
activity-location-north-wales-wildlife-birdwatching,evergreen,activity_location,/north-wales/things-to-do/wildlife-birdwatching,North Wales / Wildlife Birdwatching,north-wales,wildlife-birdwatching,not_applicable,4,qa_needed,false,content-ops,,0,,partial,needs_review,,needs_review,needs_review,needs_review,not_applicable,not_applicable,,,,,Combo page has no enrichment data file,Audit gap: Run deep research skill to generate combo content,70,45
activity-location-north-wales-wildlife-boat-tour,evergreen,activity_location,/north-wales/things-to-do/wildlife-boat-tour,North Wales / Wildlife Boat Tour,north-wales,wildlife-boat-tour,not_applicable,4,qa_needed,false,content-ops,,0,,partial,needs_review,,needs_review,needs_review,needs_review,not_applicable,not_applicable,,,,,Combo page has no enrichment data file,Audit gap: Run deep research skill to generate combo content,70,45
activity-location-north-wales-windsurfing,evergreen,activity_location,/north-wales/things-to-do/windsurfing,North Wales / Windsurfing,north-wales,windsurfing,not_applicable,4,qa_needed,false,content-ops,,0,,partial,needs_review,,needs_review,needs_review,needs_review,not_applicable,not_applicable,,,,,Combo page has no enrichment data file,Audit gap: Run deep research skill to generate combo content,70,45
activity-location-north-wales-wing-foiling,evergreen,activity_location,/north-wales/things-to-do/wing-foiling,North Wales / Wing Foiling,north-wales,wing-foiling,not_applicable,4,qa_needed,false,content-ops,,0,,partial,needs_review,,needs_review,needs_review,needs_review,not_applicable,not_applicable,,,,,Combo page has no enrichment data file,Audit gap: Run deep research skill to generate combo content,70,45
activity-location-north-wales-zip-lining,evergreen,activity_location,/north-wales/things-to-do/zip-lining,North Wales / Zip Lining,north-wales,zip-lining,not_applicable,4,qa_needed,false,content-ops,,0,,partial,needs_review,,needs_review,needs_review,needs_review,not_applicable,not_applicable,,,,,Combo page has no enrichment data file,Audit gap: Run deep research skill to generate combo content,70,45
activity-location-pembrokeshire-archery,evergreen,activity_location,/pembrokeshire/things-to-do/archery,Pembrokeshire / Archery,pembrokeshire,archery,not_applicable,4,qa_needed,false,content-ops,,0,,partial,needs_review,,needs_review,needs_review,needs_review,not_applicable,not_applicable,,,,,Combo page has no enrichment data file,Audit gap: Run deep research skill to generate combo content,70,45
activity-location-pembrokeshire-attractions,evergreen,activity_location,/pembrokeshire/things-to-do/attractions,Pembrokeshire / Attractions,pembrokeshire,attractions,not_applicable,4,qa_needed,false,content-ops,,0,,partial,needs_review,,needs_review,needs_review,needs_review,not_applicable,not_applicable,,,,,Combo page has no enrichment data file,Audit gap: Run deep research skill to generate combo content,70,45
activity-location-pembrokeshire-beaches,evergreen,activity_location,/pembrokeshire/things-to-do/beaches,Pembrokeshire / Beaches,pembrokeshire,beaches,not_applicable,4,qa_needed,false,content-ops,,0,,partial,needs_review,,needs_review,needs_review,needs_review,not_applicable,not_applicable,,,,,Combo page has no enrichment data file,Audit gap: Run deep research skill to generate combo content,70,45
activity-location-pembrokeshire-bike-hire,evergreen,activity_location,/pembrokeshire/things-to-do/bike-hire,Pembrokeshire / Bike Hire,pembrokeshire,bike-hire,not_applicable,4,qa_needed,false,content-ops,,0,,partial,needs_review,,needs_review,needs_review,needs_review,not_applicable,not_applicable,,,,,Combo page has no enrichment data file,Audit gap: Run deep research skill to generate combo content,70,45
activity-location-pembrokeshire-boat-tour,evergreen,activity_location,/pembrokeshire/things-to-do/boat-tour,Pembrokeshire / Boat Tour,pembrokeshire,boat-tour,not_applicable,4,qa_needed,false,content-ops,,0,,partial,needs_review,,needs_review,needs_review,needs_review,not_applicable,not_applicable,,,,,Combo page has no enrichment data file,Audit gap: Run deep research skill to generate combo content,70,45
activity-location-pembrokeshire-canyoning,evergreen,activity_location,/pembrokeshire/things-to-do/canyoning,Pembrokeshire / Canyoning,pembrokeshire,canyoning,not_applicable,4,qa_needed,false,content-ops,,0,,partial,needs_review,,needs_review,needs_review,needs_review,not_applicable,not_applicable,,,,,Combo page has no enrichment data file,Audit gap: Run deep research skill to generate combo content,70,45
activity-location-pembrokeshire-caving,evergreen,activity_location,/pembrokeshire/things-to-do/caving,Pembrokeshire / Caving,pembrokeshire,caving,not_applicable,4,qa_needed,false,content-ops,,0,,partial,needs_review,,needs_review,needs_review,needs_review,not_applicable,not_applicable,,,,,Combo page has no enrichment data file,Audit gap: Run deep research skill to generate combo content,70,45
activity-location-pembrokeshire-caving-potholing,evergreen,activity_location,/pembrokeshire/things-to-do/caving-potholing,Pembrokeshire / Caving Potholing,pembrokeshire,caving-potholing,not_applicable,4,qa_needed,false,content-ops,,0,,partial,needs_review,,needs_review,needs_review,needs_review,not_applicable,not_applicable,,,,,Combo page has no enrichment data file,Audit gap: Run deep research skill to generate combo content,70,45
activity-location-pembrokeshire-climbing,evergreen,activity_location,/pembrokeshire/things-to-do/climbing,Pembrokeshire / Climbing,pembrokeshire,climbing,not_applicable,4,qa_needed,false,content-ops,,0,,partial,needs_review,,needs_review,needs_review,needs_review,not_applicable,not_applicable,,,,,Combo page has no enrichment data file,Audit gap: Run deep research skill to generate combo content,70,45
activity-location-pembrokeshire-fishing,evergreen,activity_location,/pembrokeshire/things-to-do/fishing,Pembrokeshire / Fishing,pembrokeshire,fishing,not_applicable,4,qa_needed,false,content-ops,,0,,partial,needs_review,,needs_review,needs_review,needs_review,not_applicable,not_applicable,,,,,Combo page has no enrichment data file,Audit gap: Run deep research skill to generate combo content,70,45
activity-location-pembrokeshire-gorge-scrambling,evergreen,activity_location,/pembrokeshire/things-to-do/gorge-scrambling,Pembrokeshire / Gorge Scrambling,pembrokeshire,gorge-scrambling,not_applicable,4,qa_needed,false,content-ops,,0,,partial,needs_review,,needs_review,needs_review,needs_review,not_applicable,not_applicable,,,,,Combo page has no enrichment data file,Audit gap: Run deep research skill to generate combo content,70,45
activity-location-pembrokeshire-gorge-walking,evergreen,activity_location,/pembrokeshire/things-to-do/gorge-walking,Pembrokeshire / Gorge Walking,pembrokeshire,gorge-walking,not_applicable,4,qa_needed,false,content-ops,,0,,partial,needs_review,,needs_review,needs_review,needs_review,not_applicable,not_applicable,,,,,Combo page has no enrichment data file,Audit gap: Run deep research skill to generate combo content,70,45
activity-location-pembrokeshire-high-ropes,evergreen,activity_location,/pembrokeshire/things-to-do/high-ropes,Pembrokeshire / High Ropes,pembrokeshire,high-ropes,not_applicable,4,qa_needed,false,content-ops,,0,,partial,needs_review,,needs_review,needs_review,needs_review,not_applicable,not_applicable,,,,,Combo page has no enrichment data file,Audit gap: Run deep research skill to generate combo content,70,45
activity-location-pembrokeshire-hiking-scrambling,evergreen,activity_location,/pembrokeshire/things-to-do/hiking-scrambling,Pembrokeshire / Hiking Scrambling,pembrokeshire,hiking-scrambling,not_applicable,4,qa_needed,false,content-ops,,0,,partial,needs_review,,needs_review,needs_review,needs_review,not_applicable,not_applicable,,,,,Combo page has no enrichment data file,Audit gap: Run deep research skill to generate combo content,70,45
activity-location-pembrokeshire-horse-riding,evergreen,activity_location,/pembrokeshire/things-to-do/horse-riding,Pembrokeshire / Horse Riding,pembrokeshire,horse-riding,not_applicable,4,qa_needed,false,content-ops,,0,,partial,needs_review,,needs_review,needs_review,needs_review,not_applicable,not_applicable,,,,,Combo page has no enrichment data file,Audit gap: Run deep research skill to generate combo content,70,45
activity-location-pembrokeshire-jet-ski,evergreen,activity_location,/pembrokeshire/things-to-do/jet-ski,Pembrokeshire / Jet Ski,pembrokeshire,jet-ski,not_applicable,4,qa_needed,false,content-ops,,0,,partial,needs_review,,needs_review,needs_review,needs_review,not_applicable,not_applicable,,,,,Combo page has no enrichment data file,Audit gap: Run deep research skill to generate combo content,70,45
activity-location-pembrokeshire-kitesurfing,evergreen,activity_location,/pembrokeshire/things-to-do/kitesurfing,Pembrokeshire / Kitesurfing,pembrokeshire,kitesurfing,not_applicable,4,qa_needed,false,content-ops,,0,,partial,needs_review,,needs_review,needs_review,needs_review,not_applicable,not_applicable,,,,,Combo page has no enrichment data file,Audit gap: Run deep research skill to generate combo content,70,45
activity-location-pembrokeshire-mine-exploration,evergreen,activity_location,/pembrokeshire/things-to-do/mine-exploration,Pembrokeshire / Mine Exploration,pembrokeshire,mine-exploration,not_applicable,4,qa_needed,false,content-ops,,0,,partial,needs_review,,needs_review,needs_review,needs_review,not_applicable,not_applicable,,,,,Combo page has no enrichment data file,Audit gap: Run deep research skill to generate combo content,70,45
activity-location-pembrokeshire-mountain-biking,evergreen,activity_location,/pembrokeshire/things-to-do/mountain-biking,Pembrokeshire / Mountain Biking,pembrokeshire,mountain-biking,not_applicable,4,qa_needed,false,content-ops,,0,,partial,needs_review,,needs_review,needs_review,needs_review,not_applicable,not_applicable,,,,,Combo page has no enrichment data file,Audit gap: Run deep research skill to generate combo content,70,45
activity-location-pembrokeshire-mtb-coaching,evergreen,activity_location,/pembrokeshire/things-to-do/mtb-coaching,Pembrokeshire / Mtb Coaching,pembrokeshire,mtb-coaching,not_applicable,4,qa_needed,false,content-ops,,0,,partial,needs_review,,needs_review,needs_review,needs_review,not_applicable,not_applicable,,,,,Combo page has no enrichment data file,Audit gap: Run deep research skill to generate combo content,70,45
activity-location-pembrokeshire-paintball-laser-tag,evergreen,activity_location,/pembrokeshire/things-to-do/paintball-laser-tag,Pembrokeshire / Paintball Laser Tag,pembrokeshire,paintball-laser-tag,not_applicable,4,qa_needed,false,content-ops,,0,,partial,needs_review,,needs_review,needs_review,needs_review,not_applicable,not_applicable,,,,,Combo page has no enrichment data file,Audit gap: Run deep research skill to generate combo content,70,45
activity-location-pembrokeshire-powerboating,evergreen,activity_location,/pembrokeshire/things-to-do/powerboating,Pembrokeshire / Powerboating,pembrokeshire,powerboating,not_applicable,4,qa_needed,false,content-ops,,0,,partial,needs_review,,needs_review,needs_review,needs_review,not_applicable,not_applicable,,,,,Combo page has no enrichment data file,Audit gap: Run deep research skill to generate combo content,70,45
activity-location-pembrokeshire-rafting,evergreen,activity_location,/pembrokeshire/things-to-do/rafting,Pembrokeshire / Rafting,pembrokeshire,rafting,not_applicable,4,qa_needed,false,content-ops,,0,,partial,needs_review,,needs_review,needs_review,needs_review,not_applicable,not_applicable,,,,,Combo page has no enrichment data file,Audit gap: Run deep research skill to generate combo content,70,45
activity-location-pembrokeshire-running,evergreen,activity_location,/pembrokeshire/things-to-do/running,Pembrokeshire / Running,pembrokeshire,running,not_applicable,4,qa_needed,false,content-ops,,0,,partial,needs_review,,needs_review,needs_review,needs_review,not_applicable,not_applicable,,,,,Combo page has no enrichment data file,Audit gap: Run deep research skill to generate combo content,70,45
activity-location-pembrokeshire-sailing,evergreen,activity_location,/pembrokeshire/things-to-do/sailing,Pembrokeshire / Sailing,pembrokeshire,sailing,not_applicable,4,qa_needed,false,content-ops,,0,,partial,needs_review,,needs_review,needs_review,needs_review,not_applicable,not_applicable,,,,,Combo page has no enrichment data file,Audit gap: Run deep research skill to generate combo content,70,45
activity-location-pembrokeshire-scenic-railway,evergreen,activity_location,/pembrokeshire/things-to-do/scenic-railway,Pembrokeshire / Scenic Railway,pembrokeshire,scenic-railway,not_applicable,4,qa_needed,false,content-ops,,0,,partial,needs_review,,needs_review,needs_review,needs_review,not_applicable,not_applicable,,,,,Combo page has no enrichment data file,Audit gap: Run deep research skill to generate combo content,70,45
activity-location-pembrokeshire-sea-kayaking,evergreen,activity_location,/pembrokeshire/things-to-do/sea-kayaking,Pembrokeshire / Sea Kayaking,pembrokeshire,sea-kayaking,not_applicable,4,qa_needed,false,content-ops,,0,,partial,needs_review,,needs_review,needs_review,needs_review,not_applicable,not_applicable,,,,,Combo page has no enrichment data file,Audit gap: Run deep research skill to generate combo content,70,45
activity-location-pembrokeshire-sup,evergreen,activity_location,/pembrokeshire/things-to-do/sup,Pembrokeshire / Sup,pembrokeshire,sup,not_applicable,4,qa_needed,false,content-ops,,0,,partial,needs_review,,needs_review,needs_review,needs_review,not_applicable,not_applicable,,,,,Combo page has no enrichment data file,Audit gap: Run deep research skill to generate combo content,70,45
activity-location-pembrokeshire-toboggan,evergreen,activity_location,/pembrokeshire/things-to-do/toboggan,Pembrokeshire / Toboggan,pembrokeshire,toboggan,not_applicable,4,qa_needed,false,content-ops,,0,,partial,needs_review,,needs_review,needs_review,needs_review,not_applicable,not_applicable,,,,,Combo page has no enrichment data file,Audit gap: Run deep research skill to generate combo content,70,45
activity-location-pembrokeshire-trail-running,evergreen,activity_location,/pembrokeshire/things-to-do/trail-running,Pembrokeshire / Trail Running,pembrokeshire,trail-running,not_applicable,4,qa_needed,false,content-ops,,0,,partial,needs_review,,needs_review,needs_review,needs_review,not_applicable,not_applicable,,,,,Combo page has no enrichment data file,Audit gap: Run deep research skill to generate combo content,70,45
activity-location-pembrokeshire-underground-trampolines,evergreen,activity_location,/pembrokeshire/things-to-do/underground-trampolines,Pembrokeshire / Underground Trampolines,pembrokeshire,underground-trampolines,not_applicable,4,qa_needed,false,content-ops,,0,,partial,needs_review,,needs_review,needs_review,needs_review,not_applicable,not_applicable,,,,,Combo page has no enrichment data file,Audit gap: Run deep research skill to generate combo content,70,45
activity-location-pembrokeshire-wildlife-birdwatching,evergreen,activity_location,/pembrokeshire/things-to-do/wildlife-birdwatching,Pembrokeshire / Wildlife Birdwatching,pembrokeshire,wildlife-birdwatching,not_applicable,4,qa_needed,false,content-ops,,0,,partial,needs_review,,needs_review,needs_review,needs_review,not_applicable,not_applicable,,,,,Combo page has no enrichment data file,Audit gap: Run deep research skill to generate combo content,70,45
activity-location-pembrokeshire-wildlife-boat-tour,evergreen,activity_location,/pembrokeshire/things-to-do/wildlife-boat-tour,Pembrokeshire / Wildlife Boat Tour,pembrokeshire,wildlife-boat-tour,not_applicable,4,qa_needed,false,content-ops,,0,,partial,needs_review,,needs_review,needs_review,needs_review,not_applicable,not_applicable,,,,,Combo page has no enrichment data file,Audit gap: Run deep research skill to generate combo content,70,45
activity-location-pembrokeshire-windsurfing,evergreen,activity_location,/pembrokeshire/things-to-do/windsurfing,Pembrokeshire / Windsurfing,pembrokeshire,windsurfing,not_applicable,4,qa_needed,false,content-ops,,0,,partial,needs_review,,needs_review,needs_review,needs_review,not_applicable,not_applicable,,,,,Combo page has no enrichment data file,Audit gap: Run deep research skill to generate combo content,70,45
activity-location-pembrokeshire-wing-foiling,evergreen,activity_location,/pembrokeshire/things-to-do/wing-foiling,Pembrokeshire / Wing Foiling,pembrokeshire,wing-foiling,not_applicable,4,qa_needed,false,content-ops,,0,,partial,needs_review,,needs_review,needs_review,needs_review,not_applicable,not_applicable,,,,,Combo page has no enrichment data file,Audit gap: Run deep research skill to generate combo content,70,45
activity-location-pembrokeshire-zip-lining,evergreen,activity_location,/pembrokeshire/things-to-do/zip-lining,Pembrokeshire / Zip Lining,pembrokeshire,zip-lining,not_applicable,4,qa_needed,false,content-ops,,0,,partial,needs_review,,needs_review,needs_review,needs_review,not_applicable,not_applicable,,,,,Combo page has no enrichment data file,Audit gap: Run deep research skill to generate combo content,70,45
activity-location-south-wales-archery,evergreen,activity_location,/south-wales/things-to-do/archery,South Wales / Archery,south-wales,archery,not_applicable,4,qa_needed,false,content-ops,,0,,partial,needs_review,,needs_review,needs_review,needs_review,not_applicable,not_applicable,,,,,Combo page has no enrichment data file,Audit gap: Run deep research skill to generate combo content,70,45
activity-location-south-wales-attractions,evergreen,activity_location,/south-wales/things-to-do/attractions,South Wales / Attractions,south-wales,attractions,not_applicable,4,qa_needed,false,content-ops,,0,,partial,needs_review,,needs_review,needs_review,needs_review,not_applicable,not_applicable,,,,,Combo page has no enrichment data file,Audit gap: Run deep research skill to generate combo content,70,45
activity-location-south-wales-beaches,evergreen,activity_location,/south-wales/things-to-do/beaches,South Wales / Beaches,south-wales,beaches,not_applicable,4,qa_needed,false,content-ops,,0,,partial,needs_review,,needs_review,needs_review,needs_review,not_applicable,not_applicable,,,,,Combo page has no enrichment data file,Audit gap: Run deep research skill to generate combo content,70,45
activity-location-south-wales-bike-hire,evergreen,activity_location,/south-wales/things-to-do/bike-hire,South Wales / Bike Hire,south-wales,bike-hire,not_applicable,4,qa_needed,false,content-ops,,0,,partial,needs_review,,needs_review,needs_review,needs_review,not_applicable,not_applicable,,,,,Combo page has no enrichment data file,Audit gap: Run deep research skill to generate combo content,70,45
activity-location-south-wales-boat-tour,evergreen,activity_location,/south-wales/things-to-do/boat-tour,South Wales / Boat Tour,south-wales,boat-tour,not_applicable,4,qa_needed,false,content-ops,,0,,partial,needs_review,,needs_review,needs_review,needs_review,not_applicable,not_applicable,,,,,Combo page has no enrichment data file,Audit gap: Run deep research skill to generate combo content,70,45
activity-location-south-wales-canyoning,evergreen,activity_location,/south-wales/things-to-do/canyoning,South Wales / Canyoning,south-wales,canyoning,not_applicable,4,qa_needed,false,content-ops,,0,,partial,needs_review,,needs_review,needs_review,needs_review,not_applicable,not_applicable,,,,,Combo page has no enrichment data file,Audit gap: Run deep research skill to generate combo content,70,45
activity-location-south-wales-caving,evergreen,activity_location,/south-wales/things-to-do/caving,South Wales / Caving,south-wales,caving,not_applicable,4,qa_needed,false,content-ops,,0,,partial,needs_review,,needs_review,needs_review,needs_review,not_applicable,not_applicable,,,,,Combo page has no enrichment data file,Audit gap: Run deep research skill to generate combo content,70,45
activity-location-south-wales-caving-potholing,evergreen,activity_location,/south-wales/things-to-do/caving-potholing,South Wales / Caving Potholing,south-wales,caving-potholing,not_applicable,4,qa_needed,false,content-ops,,0,,partial,needs_review,,needs_review,needs_review,needs_review,not_applicable,not_applicable,,,,,Combo page has no enrichment data file,Audit gap: Run deep research skill to generate combo content,70,45
activity-location-south-wales-climbing,evergreen,activity_location,/south-wales/things-to-do/climbing,South Wales / Climbing,south-wales,climbing,not_applicable,4,qa_needed,false,content-ops,,0,,partial,needs_review,,needs_review,needs_review,needs_review,not_applicable,not_applicable,,,,,Combo page has no enrichment data file,Audit gap: Run deep research skill to generate combo content,70,45
activity-location-south-wales-coasteering,evergreen,activity_location,/south-wales/things-to-do/coasteering,South Wales / Coasteering,south-wales,coasteering,not_applicable,4,qa_needed,false,content-ops,,0,,partial,needs_review,,needs_review,needs_review,needs_review,not_applicable,not_applicable,,,,,Combo page has no enrichment data file,Audit gap: Run deep research skill to generate combo content,70,45
activity-location-south-wales-fishing,evergreen,activity_location,/south-wales/things-to-do/fishing,South Wales / Fishing,south-wales,fishing,not_applicable,4,qa_needed,false,content-ops,,0,,partial,needs_review,,needs_review,needs_review,needs_review,not_applicable,not_applicable,,,,,Combo page has no enrichment data file,Audit gap: Run deep research skill to generate combo content,70,45
activity-location-south-wales-gorge-scrambling,evergreen,activity_location,/south-wales/things-to-do/gorge-scrambling,South Wales / Gorge Scrambling,south-wales,gorge-scrambling,not_applicable,4,qa_needed,false,content-ops,,0,,partial,needs_review,,needs_review,needs_review,needs_review,not_applicable,not_applicable,,,,,Combo page has no enrichment data file,Audit gap: Run deep research skill to generate combo content,70,45
activity-location-south-wales-gorge-walking,evergreen,activity_location,/south-wales/things-to-do/gorge-walking,South Wales / Gorge Walking,south-wales,gorge-walking,not_applicable,4,qa_needed,false,content-ops,,0,,partial,needs_review,,needs_review,needs_review,needs_review,not_applicable,not_applicable,,,,,Combo page has no enrichment data file,Audit gap: Run deep research skill to generate combo content,70,45
activity-location-south-wales-high-ropes,evergreen,activity_location,/south-wales/things-to-do/high-ropes,South Wales / High Ropes,south-wales,high-ropes,not_applicable,4,qa_needed,false,content-ops,,0,,partial,needs_review,,needs_review,needs_review,needs_review,not_applicable,not_applicable,,,,,Combo page has no enrichment data file,Audit gap: Run deep research skill to generate combo content,70,45
activity-location-south-wales-hiking,evergreen,activity_location,/south-wales/things-to-do/hiking,South Wales / Hiking,south-wales,hiking,not_applicable,4,qa_needed,false,content-ops,,0,,partial,needs_review,,needs_review,needs_review,needs_review,not_applicable,not_applicable,,,,,Combo page has no enrichment data file,Audit gap: Run deep research skill to generate combo content,70,45
activity-location-south-wales-hiking-scrambling,evergreen,activity_location,/south-wales/things-to-do/hiking-scrambling,South Wales / Hiking Scrambling,south-wales,hiking-scrambling,not_applicable,4,qa_needed,false,content-ops,,0,,partial,needs_review,,needs_review,needs_review,needs_review,not_applicable,not_applicable,,,,,Combo page has no enrichment data file,Audit gap: Run deep research skill to generate combo content,70,45
activity-location-south-wales-horse-riding,evergreen,activity_location,/south-wales/things-to-do/horse-riding,South Wales / Horse Riding,south-wales,horse-riding,not_applicable,4,qa_needed,false,content-ops,,0,,partial,needs_review,,needs_review,needs_review,needs_review,not_applicable,not_applicable,,,,,Combo page has no enrichment data file,Audit gap: Run deep research skill to generate combo content,70,45
activity-location-south-wales-jet-ski,evergreen,activity_location,/south-wales/things-to-do/jet-ski,South Wales / Jet Ski,south-wales,jet-ski,not_applicable,4,qa_needed,false,content-ops,,0,,partial,needs_review,,needs_review,needs_review,needs_review,not_applicable,not_applicable,,,,,Combo page has no enrichment data file,Audit gap: Run deep research skill to generate combo content,70,45
activity-location-south-wales-kayaking,evergreen,activity_location,/south-wales/things-to-do/kayaking,South Wales / Kayaking,south-wales,kayaking,not_applicable,4,qa_needed,false,content-ops,,0,,partial,needs_review,,needs_review,needs_review,needs_review,not_applicable,not_applicable,,,,,Combo page has no enrichment data file,Audit gap: Run deep research skill to generate combo content,70,45
activity-location-south-wales-kitesurfing,evergreen,activity_location,/south-wales/things-to-do/kitesurfing,South Wales / Kitesurfing,south-wales,kitesurfing,not_applicable,4,qa_needed,false,content-ops,,0,,partial,needs_review,,needs_review,needs_review,needs_review,not_applicable,not_applicable,,,,,Combo page has no enrichment data file,Audit gap: Run deep research skill to generate combo content,70,45
activity-location-south-wales-mine-exploration,evergreen,activity_location,/south-wales/things-to-do/mine-exploration,South Wales / Mine Exploration,south-wales,mine-exploration,not_applicable,4,qa_needed,false,content-ops,,0,,partial,needs_review,,needs_review,needs_review,needs_review,not_applicable,not_applicable,,,,,Combo page has no enrichment data file,Audit gap: Run deep research skill to generate combo content,70,45
activity-location-south-wales-mtb-coaching,evergreen,activity_location,/south-wales/things-to-do/mtb-coaching,South Wales / Mtb Coaching,south-wales,mtb-coaching,not_applicable,4,qa_needed,false,content-ops,,0,,partial,needs_review,,needs_review,needs_review,needs_review,not_applicable,not_applicable,,,,,Combo page has no enrichment data file,Audit gap: Run deep research skill to generate combo content,70,45
activity-location-south-wales-paintball-laser-tag,evergreen,activity_location,/south-wales/things-to-do/paintball-laser-tag,South Wales / Paintball Laser Tag,south-wales,paintball-laser-tag,not_applicable,4,qa_needed,false,content-ops,,0,,partial,needs_review,,needs_review,needs_review,needs_review,not_applicable,not_applicable,,,,,Combo page has no enrichment data file,Audit gap: Run deep research skill to generate combo content,70,45
activity-location-south-wales-powerboating,evergreen,activity_location,/south-wales/things-to-do/powerboating,South Wales / Powerboating,south-wales,powerboating,not_applicable,4,qa_needed,false,content-ops,,0,,partial,needs_review,,needs_review,needs_review,needs_review,not_applicable,not_applicable,,,,,Combo page has no enrichment data file,Audit gap: Run deep research skill to generate combo content,70,45
activity-location-south-wales-rafting,evergreen,activity_location,/south-wales/things-to-do/rafting,South Wales / Rafting,south-wales,rafting,not_applicable,4,qa_needed,false,content-ops,,0,,partial,needs_review,,needs_review,needs_review,needs_review,not_applicable,not_applicable,,,,,Combo page has no enrichment data file,Audit gap: Run deep research skill to generate combo content,70,45
activity-location-south-wales-running,evergreen,activity_location,/south-wales/things-to-do/running,South Wales / Running,south-wales,running,not_applicable,4,qa_needed,false,content-ops,,0,,partial,needs_review,,needs_review,needs_review,needs_review,not_applicable,not_applicable,,,,,Combo page has no enrichment data file,Audit gap: Run deep research skill to generate combo content,70,45
activity-location-south-wales-sailing,evergreen,activity_location,/south-wales/things-to-do/sailing,South Wales / Sailing,south-wales,sailing,not_applicable,4,qa_needed,false,content-ops,,0,,partial,needs_review,,needs_review,needs_review,needs_review,not_applicable,not_applicable,,,,,Combo page has no enrichment data file,Audit gap: Run deep research skill to generate combo content,70,45
activity-location-south-wales-scenic-railway,evergreen,activity_location,/south-wales/things-to-do/scenic-railway,South Wales / Scenic Railway,south-wales,scenic-railway,not_applicable,4,qa_needed,false,content-ops,,0,,partial,needs_review,,needs_review,needs_review,needs_review,not_applicable,not_applicable,,,,,Combo page has no enrichment data file,Audit gap: Run deep research skill to generate combo content,70,45
activity-location-south-wales-sea-kayaking,evergreen,activity_location,/south-wales/things-to-do/sea-kayaking,South Wales / Sea Kayaking,south-wales,sea-kayaking,not_applicable,4,qa_needed,false,content-ops,,0,,partial,needs_review,,needs_review,needs_review,needs_review,not_applicable,not_applicable,,,,,Combo page has no enrichment data file,Audit gap: Run deep research skill to generate combo content,70,45
activity-location-south-wales-sup,evergreen,activity_location,/south-wales/things-to-do/sup,South Wales / Sup,south-wales,sup,not_applicable,4,qa_needed,false,content-ops,,0,,partial,needs_review,,needs_review,needs_review,needs_review,not_applicable,not_applicable,,,,,Combo page has no enrichment data file,Audit gap: Run deep research skill to generate combo content,70,45
activity-location-south-wales-toboggan,evergreen,activity_location,/south-wales/things-to-do/toboggan,South Wales / Toboggan,south-wales,toboggan,not_applicable,4,qa_needed,false,content-ops,,0,,partial,needs_review,,needs_review,needs_review,needs_review,not_applicable,not_applicable,,,,,Combo page has no enrichment data file,Audit gap: Run deep research skill to generate combo content,70,45
activity-location-south-wales-trail-running,evergreen,activity_location,/south-wales/things-to-do/trail-running,South Wales / Trail Running,south-wales,trail-running,not_applicable,4,qa_needed,false,content-ops,,0,,partial,needs_review,,needs_review,needs_review,needs_review,not_applicable,not_applicable,,,,,Combo page has no enrichment data file,Audit gap: Run deep research skill to generate combo content,70,45
activity-location-south-wales-underground-trampolines,evergreen,activity_location,/south-wales/things-to-do/underground-trampolines,South Wales / Underground Trampolines,south-wales,underground-trampolines,not_applicable,4,qa_needed,false,content-ops,,0,,partial,needs_review,,needs_review,needs_review,needs_review,not_applicable,not_applicable,,,,,Combo page has no enrichment data file,Audit gap: Run deep research skill to generate combo content,70,45
activity-location-south-wales-wild-swimming,evergreen,activity_location,/south-wales/things-to-do/wild-swimming,South Wales / Wild Swimming,south-wales,wild-swimming,not_applicable,4,qa_needed,false,content-ops,,0,,partial,needs_review,,needs_review,needs_review,needs_review,not_applicable,not_applicable,,,,,Combo page has no enrichment data file,Audit gap: Run deep research skill to generate combo content,70,45
activity-location-south-wales-wildlife-birdwatching,evergreen,activity_location,/south-wales/things-to-do/wildlife-birdwatching,South Wales / Wildlife Birdwatching,south-wales,wildlife-birdwatching,not_applicable,4,qa_needed,false,content-ops,,0,,partial,needs_review,,needs_review,needs_review,needs_review,not_applicable,not_applicable,,,,,Combo page has no enrichment data file,Audit gap: Run deep research skill to generate combo content,70,45
activity-location-south-wales-wildlife-boat-tour,evergreen,activity_location,/south-wales/things-to-do/wildlife-boat-tour,South Wales / Wildlife Boat Tour,south-wales,wildlife-boat-tour,not_applicable,4,qa_needed,false,content-ops,,0,,partial,needs_review,,needs_review,needs_review,needs_review,not_applicable,not_applicable,,,,,Combo page has no enrichment data file,Audit gap: Run deep research skill to generate combo content,70,45
activity-location-south-wales-windsurfing,evergreen,activity_location,/south-wales/things-to-do/windsurfing,South Wales / Windsurfing,south-wales,windsurfing,not_applicable,4,qa_needed,false,content-ops,,0,,partial,needs_review,,needs_review,needs_review,needs_review,not_applicable,not_applicable,,,,,Combo page has no enrichment data file,Audit gap: Run deep research skill to generate combo content,70,45
activity-location-south-wales-wing-foiling,evergreen,activity_location,/south-wales/things-to-do/wing-foiling,South Wales / Wing Foiling,south-wales,wing-foiling,not_applicable,4,qa_needed,false,content-ops,,0,,partial,needs_review,,needs_review,needs_review,needs_review,not_applicable,not_applicable,,,,,Combo page has no enrichment data file,Audit gap: Run deep research skill to generate combo content,70,45
activity-location-south-wales-zip-lining,evergreen,activity_location,/south-wales/things-to-do/zip-lining,South Wales / Zip Lining,south-wales,zip-lining,not_applicable,4,qa_needed,false,content-ops,,0,,partial,needs_review,,needs_review,needs_review,needs_review,not_applicable,not_applicable,,,,,Combo page has no enrichment data file,Audit gap: Run deep research skill to generate combo content,70,45
activity-location-wye-valley-archery,evergreen,activity_location,/wye-valley/things-to-do/archery,Wye Valley / Archery,wye-valley,archery,not_applicable,4,qa_needed,false,content-ops,,0,,partial,needs_review,,needs_review,needs_review,needs_review,not_applicable,not_applicable,,,,,Combo page has no enrichment data file,Audit gap: Run deep research skill to generate combo content,70,45
activity-location-wye-valley-attractions,evergreen,activity_location,/wye-valley/things-to-do/attractions,Wye Valley / Attractions,wye-valley,attractions,not_applicable,4,qa_needed,false,content-ops,,0,,partial,needs_review,,needs_review,needs_review,needs_review,not_applicable,not_applicable,,,,,Combo page has no enrichment data file,Audit gap: Run deep research skill to generate combo content,70,45
activity-location-wye-valley-beaches,evergreen,activity_location,/wye-valley/things-to-do/beaches,Wye Valley / Beaches,wye-valley,beaches,not_applicable,4,qa_needed,false,content-ops,,0,,partial,needs_review,,needs_review,needs_review,needs_review,not_applicable,not_applicable,,,,,Combo page has no enrichment data file,Audit gap: Run deep research skill to generate combo content,70,45
activity-location-wye-valley-bike-hire,evergreen,activity_location,/wye-valley/things-to-do/bike-hire,Wye Valley / Bike Hire,wye-valley,bike-hire,not_applicable,4,qa_needed,false,content-ops,,0,,partial,needs_review,,needs_review,needs_review,needs_review,not_applicable,not_applicable,,,,,Combo page has no enrichment data file,Audit gap: Run deep research skill to generate combo content,70,45
activity-location-wye-valley-boat-tour,evergreen,activity_location,/wye-valley/things-to-do/boat-tour,Wye Valley / Boat Tour,wye-valley,boat-tour,not_applicable,4,qa_needed,false,content-ops,,0,,partial,needs_review,,needs_review,needs_review,needs_review,not_applicable,not_applicable,,,,,Combo page has no enrichment data file,Audit gap: Run deep research skill to generate combo content,70,45
activity-location-wye-valley-canyoning,evergreen,activity_location,/wye-valley/things-to-do/canyoning,Wye Valley / Canyoning,wye-valley,canyoning,not_applicable,4,qa_needed,false,content-ops,,0,,partial,needs_review,,needs_review,needs_review,needs_review,not_applicable,not_applicable,,,,,Combo page has no enrichment data file,Audit gap: Run deep research skill to generate combo content,70,45
activity-location-wye-valley-caving,evergreen,activity_location,/wye-valley/things-to-do/caving,Wye Valley / Caving,wye-valley,caving,not_applicable,4,qa_needed,false,content-ops,,0,,partial,needs_review,,needs_review,needs_review,needs_review,not_applicable,not_applicable,,,,,Combo page has no enrichment data file,Audit gap: Run deep research skill to generate combo content,70,45
activity-location-wye-valley-caving-potholing,evergreen,activity_location,/wye-valley/things-to-do/caving-potholing,Wye Valley / Caving Potholing,wye-valley,caving-potholing,not_applicable,4,qa_needed,false,content-ops,,0,,partial,needs_review,,needs_review,needs_review,needs_review,not_applicable,not_applicable,,,,,Combo page has no enrichment data file,Audit gap: Run deep research skill to generate combo content,70,45
activity-location-wye-valley-climbing,evergreen,activity_location,/wye-valley/things-to-do/climbing,Wye Valley / Climbing,wye-valley,climbing,not_applicable,4,qa_needed,false,content-ops,,0,,partial,needs_review,,needs_review,needs_review,needs_review,not_applicable,not_applicable,,,,,Combo page has no enrichment data file,Audit gap: Run deep research skill to generate combo content,70,45
activity-location-wye-valley-coasteering,evergreen,activity_location,/wye-valley/things-to-do/coasteering,Wye Valley / Coasteering,wye-valley,coasteering,not_applicable,4,qa_needed,false,content-ops,,0,,partial,needs_review,,needs_review,needs_review,needs_review,not_applicable,not_applicable,,,,,Combo page has no enrichment data file,Audit gap: Run deep research skill to generate combo content,70,45
activity-location-wye-valley-fishing,evergreen,activity_location,/wye-valley/things-to-do/fishing,Wye Valley / Fishing,wye-valley,fishing,not_applicable,4,qa_needed,false,content-ops,,0,,partial,needs_review,,needs_review,needs_review,needs_review,not_applicable,not_applicable,,,,,Combo page has no enrichment data file,Audit gap: Run deep research skill to generate combo content,70,45
activity-location-wye-valley-gorge-scrambling,evergreen,activity_location,/wye-valley/things-to-do/gorge-scrambling,Wye Valley / Gorge Scrambling,wye-valley,gorge-scrambling,not_applicable,4,qa_needed,false,content-ops,,0,,partial,needs_review,,needs_review,needs_review,needs_review,not_applicable,not_applicable,,,,,Combo page has no enrichment data file,Audit gap: Run deep research skill to generate combo content,70,45
activity-location-wye-valley-gorge-walking,evergreen,activity_location,/wye-valley/things-to-do/gorge-walking,Wye Valley / Gorge Walking,wye-valley,gorge-walking,not_applicable,4,qa_needed,false,content-ops,,0,,partial,needs_review,,needs_review,needs_review,needs_review,not_applicable,not_applicable,,,,,Combo page has no enrichment data file,Audit gap: Run deep research skill to generate combo content,70,45
activity-location-wye-valley-high-ropes,evergreen,activity_location,/wye-valley/things-to-do/high-ropes,Wye Valley / High Ropes,wye-valley,high-ropes,not_applicable,4,qa_needed,false,content-ops,,0,,partial,needs_review,,needs_review,needs_review,needs_review,not_applicable,not_applicable,,,,,Combo page has no enrichment data file,Audit gap: Run deep research skill to generate combo content,70,45
activity-location-wye-valley-hiking-scrambling,evergreen,activity_location,/wye-valley/things-to-do/hiking-scrambling,Wye Valley / Hiking Scrambling,wye-valley,hiking-scrambling,not_applicable,4,qa_needed,false,content-ops,,0,,partial,needs_review,,needs_review,needs_review,needs_review,not_applicable,not_applicable,,,,,Combo page has no enrichment data file,Audit gap: Run deep research skill to generate combo content,70,45
activity-location-wye-valley-horse-riding,evergreen,activity_location,/wye-valley/things-to-do/horse-riding,Wye Valley / Horse Riding,wye-valley,horse-riding,not_applicable,4,qa_needed,false,content-ops,,0,,partial,needs_review,,needs_review,needs_review,needs_review,not_applicable,not_applicable,,,,,Combo page has no enrichment data file,Audit gap: Run deep research skill to generate combo content,70,45
activity-location-wye-valley-jet-ski,evergreen,activity_location,/wye-valley/things-to-do/jet-ski,Wye Valley / Jet Ski,wye-valley,jet-ski,not_applicable,4,qa_needed,false,content-ops,,0,,partial,needs_review,,needs_review,needs_review,needs_review,not_applicable,not_applicable,,,,,Combo page has no enrichment data file,Audit gap: Run deep research skill to generate combo content,70,45
activity-location-wye-valley-kitesurfing,evergreen,activity_location,/wye-valley/things-to-do/kitesurfing,Wye Valley / Kitesurfing,wye-valley,kitesurfing,not_applicable,4,qa_needed,false,content-ops,,0,,partial,needs_review,,needs_review,needs_review,needs_review,not_applicable,not_applicable,,,,,Combo page has no enrichment data file,Audit gap: Run deep research skill to generate combo content,70,45
activity-location-wye-valley-mine-exploration,evergreen,activity_location,/wye-valley/things-to-do/mine-exploration,Wye Valley / Mine Exploration,wye-valley,mine-exploration,not_applicable,4,qa_needed,false,content-ops,,0,,partial,needs_review,,needs_review,needs_review,needs_review,not_applicable,not_applicable,,,,,Combo page has no enrichment data file,Audit gap: Run deep research skill to generate combo content,70,45
activity-location-wye-valley-mountain-biking,evergreen,activity_location,/wye-valley/things-to-do/mountain-biking,Wye Valley / Mountain Biking,wye-valley,mountain-biking,not_applicable,4,qa_needed,false,content-ops,,0,,partial,needs_review,,needs_review,needs_review,needs_review,not_applicable,not_applicable,,,,,Combo page has no enrichment data file,Audit gap: Run deep research skill to generate combo content,70,45
activity-location-wye-valley-mtb-coaching,evergreen,activity_location,/wye-valley/things-to-do/mtb-coaching,Wye Valley / Mtb Coaching,wye-valley,mtb-coaching,not_applicable,4,qa_needed,false,content-ops,,0,,partial,needs_review,,needs_review,needs_review,needs_review,not_applicable,not_applicable,,,,,Combo page has no enrichment data file,Audit gap: Run deep research skill to generate combo content,70,45
activity-location-wye-valley-paintball-laser-tag,evergreen,activity_location,/wye-valley/things-to-do/paintball-laser-tag,Wye Valley / Paintball Laser Tag,wye-valley,paintball-laser-tag,not_applicable,4,qa_needed,false,content-ops,,0,,partial,needs_review,,needs_review,needs_review,needs_review,not_applicable,not_applicable,,,,,Combo page has no enrichment data file,Audit gap: Run deep research skill to generate combo content,70,45
activity-location-wye-valley-powerboating,evergreen,activity_location,/wye-valley/things-to-do/powerboating,Wye Valley / Powerboating,wye-valley,powerboating,not_applicable,4,qa_needed,false,content-ops,,0,,partial,needs_review,,needs_review,needs_review,needs_review,not_applicable,not_applicable,,,,,Combo page has no enrichment data file,Audit gap: Run deep research skill to generate combo content,70,45
activity-location-wye-valley-rafting,evergreen,activity_location,/wye-valley/things-to-do/rafting,Wye Valley / Rafting,wye-valley,rafting,not_applicable,4,qa_needed,false,content-ops,,0,,partial,needs_review,,needs_review,needs_review,needs_review,not_applicable,not_applicable,,,,,Combo page has no enrichment data file,Audit gap: Run deep research skill to generate combo content,70,45
activity-location-wye-valley-running,evergreen,activity_location,/wye-valley/things-to-do/running,Wye Valley / Running,wye-valley,running,not_applicable,4,qa_needed,false,content-ops,,0,,partial,needs_review,,needs_review,needs_review,needs_review,not_applicable,not_applicable,,,,,Combo page has no enrichment data file,Audit gap: Run deep research skill to generate combo content,70,45
activity-location-wye-valley-sailing,evergreen,activity_location,/wye-valley/things-to-do/sailing,Wye Valley / Sailing,wye-valley,sailing,not_applicable,4,qa_needed,false,content-ops,,0,,partial,needs_review,,needs_review,needs_review,needs_review,not_applicable,not_applicable,,,,,Combo page has no enrichment data file,Audit gap: Run deep research skill to generate combo content,70,45
activity-location-wye-valley-scenic-railway,evergreen,activity_location,/wye-valley/things-to-do/scenic-railway,Wye Valley / Scenic Railway,wye-valley,scenic-railway,not_applicable,4,qa_needed,false,content-ops,,0,,partial,needs_review,,needs_review,needs_review,needs_review,not_applicable,not_applicable,,,,,Combo page has no enrichment data file,Audit gap: Run deep research skill to generate combo content,70,45
activity-location-wye-valley-sea-kayaking,evergreen,activity_location,/wye-valley/things-to-do/sea-kayaking,Wye Valley / Sea Kayaking,wye-valley,sea-kayaking,not_applicable,4,qa_needed,false,content-ops,,0,,partial,needs_review,,needs_review,needs_review,needs_review,not_applicable,not_applicable,,,,,Combo page has no enrichment data file,Audit gap: Run deep research skill to generate combo content,70,45
activity-location-wye-valley-sup,evergreen,activity_location,/wye-valley/things-to-do/sup,Wye Valley / Sup,wye-valley,sup,not_applicable,4,qa_needed,false,content-ops,,0,,partial,needs_review,,needs_review,needs_review,needs_review,not_applicable,not_applicable,,,,,Combo page has no enrichment data file,Audit gap: Run deep research skill to generate combo content,70,45
activity-location-wye-valley-surfing,evergreen,activity_location,/wye-valley/things-to-do/surfing,Wye Valley / Surfing,wye-valley,surfing,not_applicable,4,qa_needed,false,content-ops,,0,,partial,needs_review,,needs_review,needs_review,needs_review,not_applicable,not_applicable,,,,,Combo page has no enrichment data file,Audit gap: Run deep research skill to generate combo content,70,45
activity-location-wye-valley-toboggan,evergreen,activity_location,/wye-valley/things-to-do/toboggan,Wye Valley / Toboggan,wye-valley,toboggan,not_applicable,4,qa_needed,false,content-ops,,0,,partial,needs_review,,needs_review,needs_review,needs_review,not_applicable,not_applicable,,,,,Combo page has no enrichment data file,Audit gap: Run deep research skill to generate combo content,70,45
activity-location-wye-valley-trail-running,evergreen,activity_location,/wye-valley/things-to-do/trail-running,Wye Valley / Trail Running,wye-valley,trail-running,not_applicable,4,qa_needed,false,content-ops,,0,,partial,needs_review,,needs_review,needs_review,needs_review,not_applicable,not_applicable,,,,,Combo page has no enrichment data file,Audit gap: Run deep research skill to generate combo content,70,45
activity-location-wye-valley-underground-trampolines,evergreen,activity_location,/wye-valley/things-to-do/underground-trampolines,Wye Valley / Underground Trampolines,wye-valley,underground-trampolines,not_applicable,4,qa_needed,false,content-ops,,0,,partial,needs_review,,needs_review,needs_review,needs_review,not_applicable,not_applicable,,,,,Combo page has no enrichment data file,Audit gap: Run deep research skill to generate combo content,70,45
activity-location-wye-valley-wild-swimming,evergreen,activity_location,/wye-valley/things-to-do/wild-swimming,Wye Valley / Wild Swimming,wye-valley,wild-swimming,not_applicable,4,qa_needed,false,content-ops,,0,,partial,needs_review,,needs_review,needs_review,needs_review,not_applicable,not_applicable,,,,,Combo page has no enrichment data file,Audit gap: Run deep research skill to generate combo content,70,45
activity-location-wye-valley-wildlife-birdwatching,evergreen,activity_location,/wye-valley/things-to-do/wildlife-birdwatching,Wye Valley / Wildlife Birdwatching,wye-valley,wildlife-birdwatching,not_applicable,4,qa_needed,false,content-ops,,0,,partial,needs_review,,needs_review,needs_review,needs_review,not_applicable,not_applicable,,,,,Combo page has no enrichment data file,Audit gap: Run deep research skill to generate combo content,70,45
activity-location-wye-valley-wildlife-boat-tour,evergreen,activity_location,/wye-valley/things-to-do/wildlife-boat-tour,Wye Valley / Wildlife Boat Tour,wye-valley,wildlife-boat-tour,not_applicable,4,qa_needed,false,content-ops,,0,,partial,needs_review,,needs_review,needs_review,needs_review,not_applicable,not_applicable,,,,,Combo page has no enrichment data file,Audit gap: Run deep research skill to generate combo content,70,45
activity-location-wye-valley-windsurfing,evergreen,activity_location,/wye-valley/things-to-do/windsurfing,Wye Valley / Windsurfing,wye-valley,windsurfing,not_applicable,4,qa_needed,false,content-ops,,0,,partial,needs_review,,needs_review,needs_review,needs_review,not_applicable,not_applicable,,,,,Combo page has no enrichment data file,Audit gap: Run deep research skill to generate combo content,70,45
activity-location-wye-valley-wing-foiling,evergreen,activity_location,/wye-valley/things-to-do/wing-foiling,Wye Valley / Wing Foiling,wye-valley,wing-foiling,not_applicable,4,qa_needed,false,content-ops,,0,,partial,needs_review,,needs_review,needs_review,needs_review,not_applicable,not_applicable,,,,,Combo page has no enrichment data file,Audit gap: Run deep research skill to generate combo content,70,45
activity-location-wye-valley-zip-lining,evergreen,activity_location,/wye-valley/things-to-do/zip-lining,Wye Valley / Zip Lining,wye-valley,zip-lining,not_applicable,4,qa_needed,false,content-ops,,0,,partial,needs_review,,needs_review,needs_review,needs_review,not_applicable,not_applicable,,,,,Combo page has no enrichment data file,Audit gap: Run deep research skill to generate combo content,70,45
event-abergele-5k-amp-10k,dynamic,event,/events/abergele-5k-amp-10k,Abergele 5k Amp 10k,,,not_applicable,4,qa_needed,false,content-ops,,0,,partial,needs_review,,missing,needs_review,needs_review,not_applicable,needs_review,,,,,"Event ""Abergele 5K &amp; 10K"" has thin description",Audit gap: Write proper event description,70,45
event-berghaus-dragon-s-back-race,dynamic,event,/events/berghaus-dragon-s-back-race,Berghaus Dragon S Back Race,,,not_applicable,4,qa_needed,false,content-ops,,0,,partial,needs_review,,missing,needs_review,needs_review,not_applicable,needs_review,,,,,"Event ""Berghaus Dragon's Back Race"" has thin description",Audit gap: Write proper event description,70,45
event-caldicot-triathlon,dynamic,event,/events/caldicot-triathlon,Caldicot Triathlon,,,not_applicable,4,qa_needed,false,content-ops,,0,,partial,needs_review,,missing,needs_review,needs_review,not_applicable,needs_review,,,,,"Event ""Caldicot Triathlon"" has thin description",Audit gap: Write proper event description,70,45
event-dragons-back-race,dynamic,event,/events/dragons-back-race,Dragons Back Race,,,not_applicable,4,qa_needed,false,content-ops,,0,,partial,needs_review,,missing,needs_review,needs_review,not_applicable,needs_review,,,,,"Event ""Dragons Back Race"" has thin description",Audit gap: Write proper event description,70,45
event-llangollen-trail-10k-amp-kids-1-mile-race,dynamic,event,/events/llangollen-trail-10k-amp-kids-1-mile-race,Llangollen Trail 10k Amp Kids 1 Mile Race,,,not_applicable,4,qa_needed,false,content-ops,,0,,partial,needs_review,,missing,needs_review,needs_review,not_applicable,needs_review,,,,,"Event ""Llangollen Trail 10K &amp; Kids 1 Mile Race"" has thin description",Audit gap: Write proper event description,70,45
event-swansea-10-miler,dynamic,event,/events/swansea-10-miler,Swansea 10 Miler,,,not_applicable,4,qa_needed,false,content-ops,,0,,partial,needs_review,,missing,needs_review,needs_review,not_applicable,needs_review,,,,,"Event ""Swansea 10 Miler"" has thin description",Audit gap: Write proper event description,70,45
event-tour-of-britain-wales-stages,dynamic,event,/events/tour-of-britain-wales-stages,Tour Of Britain Wales Stages,,,not_applicable,4,qa_needed,false,content-ops,,0,,partial,needs_review,,missing,needs_review,needs_review,not_applicable,needs_review,,,,,"Event ""Tour of Britain (Wales Stages)"" has thin description",Audit gap: Write proper event description,70,45
event-trails-amp-tarmac-backyard-ultra-winter,dynamic,event,/events/trails-amp-tarmac-backyard-ultra-winter,Trails Amp Tarmac Backyard Ultra Winter,,,not_applicable,4,qa_needed,false,content-ops,,0,,partial,needs_review,,missing,needs_review,needs_review,not_applicable,needs_review,,,,,"Event ""Trails &amp; Tarmac Backyard Ultra - Winter"" has thin description",Audit gap: Write proper event description,70,45
event-wales-coast-path-festival,dynamic,event,/events/wales-coast-path-festival,Wales Coast Path Festival,,,not_applicable,4,qa_needed,false,content-ops,,0,,partial,needs_review,,missing,needs_review,needs_review,not_applicable,needs_review,,,,,"Event ""Wales Coast Path Festival"" has thin description",Audit gap: Write proper event description,70,45
event-welsh-gravity-enduro-series,dynamic,event,/events/welsh-gravity-enduro-series,Welsh Gravity Enduro Series,,,not_applicable,4,qa_needed,false,content-ops,,0,,partial,needs_review,,missing,needs_review,needs_review,not_applicable,needs_review,,,,,"Event ""Welsh Gravity Enduro Series"" has thin description",Audit gap: Write proper event description,70,45
event-welsh-one-day-hill-climb,dynamic,event,/events/welsh-one-day-hill-climb,Welsh One Day Hill Climb,,,not_applicable,4,qa_needed,false,content-ops,,0,,partial,needs_review,,missing,needs_review,needs_review,not_applicable,needs_review,,,,,"Event ""Welsh One Day Hill Climb"" has thin description",Audit gap: Write proper event description,70,45
