id,type,name,slug,region,source_file,data_completeness,status,notes
e7c75be31e,accommodation,Aberafon Camping,aberafon-camping,llyn-peninsula,content/accommodation.csv,0.57,csv-only,
6b719f5051,accommodation,Aberbran Fawr,aberbran-fawr,brecon-beacons,content/accommodation.csv,0.57,csv-only,
654b4abb83,accommodation,Aberdaron YHA,aberdaron-yha,Aberdaron,content/accommodation.csv,0.71,csv-only,
9d8b185d74,accommodation,Abersoch YHA,abersoch-yha,Abersoch,content/accommodation.csv,0.71,csv-only,
6024bfe6e2,accommodation,Aberystwyth YHA,aberystwyth-yha,Aberystwyth,content/accommodation.csv,0.71,csv-only,
69039ddc42,accommodation,Anglesey Outdoor Centre,anglesey-outdoor-centre,Holyhead,content/accommodation.csv,0.71,csv-only,
1ca3c57017,accommodation,Apple Camping,apple-camping,Redberth,content/accommodation.csv,0.71,csv-only,
f7bee45e3f,accommodation,Arete Outdoor Centre,arete-outdoor-centre,Llanrug,content/accommodation.csv,0.71,csv-only,
114071a9e7,accommodation,Away From It All,away-from-it-all,Pwllheli,content/accommodation.csv,0.71,csv-only,
f9e5384a24,accommodation,Bala Backpackers,bala-backpackers,Bala,content/accommodation.csv,0.71,csv-only,
7fe6e38160,accommodation,Bank Farm,bank-farm,gower,content/accommodation.csv,0.57,csv-only,
9f08d87d1e,accommodation,Base Camp Snowdonia,base-camp-snowdonia,Betws-y-Coed,content/accommodation.csv,0.71,csv-only,
10c47db4e6,accommodation,Beddgelert Campsite,beddgelert-campsite,snowdonia,content/accommodation.csv,0.57,csv-only,
51b3b8dfaf,accommodation,Ben's Bunkhouse,ben-s-bunkhouse,Nant Peris,content/accommodation.csv,0.71,csv-only,
bfd387ad9c,accommodation,Bolmynydd Camping Park,bolmynydd-camping-park,llyn-peninsula,content/accommodation.csv,0.57,csv-only,
bd5987619d,accommodation,Borth YHA,borth-yha,Borth,content/accommodation.csv,0.71,csv-only,
5fc10d1748,accommodation,Brecon Bunkhouse,brecon-bunkhouse,Talgarth,content/accommodation.csv,0.71,csv-only,
18911f6f79,accommodation,Broadhaven Camping,broadhaven-camping,Broadhaven,content/accommodation.csv,1.00,csv-only,
8078355b62,accommodation,Buckspool Farm,buckspool-farm,pembrokeshire,content/accommodation.csv,0.57,csv-only,
5fce1cb48d,accommodation,Caerfai Bay Caravan & Tent Park,caerfai-bay-caravan-and-tent-park,pembrokeshire,content/accommodation.csv,0.57,csv-only,
df4cd5001f,accommodation,Caerhafod Lodge,caerhafod-lodge,St Davids,content/accommodation.csv,0.71,csv-only,
dd66c16035,accommodation,Cantref Camping,cantref-camping,brecon-beacons,content/accommodation.csv,0.57,csv-only,
216ea41f4d,accommodation,Celtic Camping,celtic-camping,pembrokeshire,content/accommodation.csv,0.57,csv-only,
d202213680,accommodation,Celtic Woodland Holidays,celtic-woodland-holidays,Builth Wells,content/accommodation.csv,0.71,csv-only,
a25762dd9c,accommodation,Cemaes Bay Caravan Park,cemaes-bay-caravan-park,Cemaes Bay,content/accommodation.csv,1.00,csv-only,
9097e83f4c,accommodation,Church Bay Cottages,church-bay-cottages,Church Bay,content/accommodation.csv,0.71,csv-only,
e02fbdcb0e,accommodation,Clarach Bay Holiday Village,clarach-bay-holiday-village,mid-wales,content/accommodation.csv,0.57,csv-only,
c988ee762c,accommodation,Clyngwyn Bunkhouse,clyngwyn-bunkhouse,Pontneddfechan,content/accommodation.csv,0.71,csv-only,
19fd2a4699,accommodation,Conwy Valley Backpackers Barn,conwy-valley-backpackers-barn,"Tal-y-Bont, Conwy",content/accommodation.csv,0.71,csv-only,
f07a1b4fd7,accommodation,Corris Hostel,corris-hostel,Corris,content/accommodation.csv,0.71,csv-only,
b5e204cd70,accommodation,Cosy Under Canvas,cosy-under-canvas,Newchurch,content/accommodation.csv,0.71,csv-only,
4a46e6d90f,accommodation,Craig y Nos Castle,craig-y-nos-castle,Ystradgynlais,content/accommodation.csv,0.71,csv-only,
6fa36d17da,accommodation,Crashpad Lodges at Yr Helfa,crashpad-lodges-at-yr-helfa,Llanberis,content/accommodation.csv,0.71,csv-only,
0c0d6b2ecf,accommodation,Criccieth YHA,criccieth-yha,Criccieth,content/accommodation.csv,0.71,csv-only,
857899f527,accommodation,Cwellyn Arms Campsite,cwellyn-arms-campsite,snowdonia,content/accommodation.csv,0.57,csv-only,
18fb23a8c1,accommodation,Cwmdu Campsite,cwmdu-campsite,brecon-beacons,content/accommodation.csv,0.57,csv-only,
14a9fc7fc4,accommodation,Cwtsh Hostel,cwtsh-hostel,Swansea,content/accommodation.csv,0.71,csv-only,
eed26e29ca,accommodation,Dolgam Campsite,dolgam-campsite,snowdonia,content/accommodation.csv,0.57,csv-only,
864df804d2,accommodation,Dolgellau YHA,dolgellau-yha,Dolgellau,content/accommodation.csv,0.71,csv-only,
99bd7a2836,accommodation,Driftwood Guest House,driftwood-guest-house,Rhosneigr,content/accommodation.csv,0.71,csv-only,
2f6a2a47bc,accommodation,Dwyros Campsite,dwyros-campsite,llyn-peninsula,content/accommodation.csv,0.57,csv-only,
450acb495d,accommodation,Elan Oaks,elan-oaks,mid-wales,content/accommodation.csv,0.57,csv-only,
0a2209d1b8,accommodation,Elan Valley Hotel,elan-valley-hotel,Elan Valley,content/accommodation.csv,0.71,csv-only,
f3ce87d46f,accommodation,Fairyhill,fairyhill,Reynoldston,content/accommodation.csv,0.71,csv-only,
8f83915681,accommodation,Fforest Farm,fforest-farm,Cardigan,content/accommodation.csv,0.71,csv-only,
5d3919a8f4,accommodation,Fforest Fields,fforest-fields,mid-wales,content/accommodation.csv,0.57,csv-only,
a915c224c2,accommodation,Florence Springs,florence-springs,Tenby,content/accommodation.csv,0.71,csv-only,
7b3b8f8968,accommodation,Forest Holidays Beddgelert,forest-holidays-beddgelert,Beddgelert,content/accommodation.csv,0.71,csv-only,
cc8217a383,accommodation,Freshwater East Caravan Club,freshwater-east-caravan-club,pembrokeshire,content/accommodation.csv,0.57,csv-only,
1109afa797,accommodation,Gower Cottage,gower-cottage,Various,content/accommodation.csv,0.71,csv-only,
3bf3b93930,accommodation,Graig Wen,graig-wen,Dolgellau,content/accommodation.csv,1.00,csv-only,
53f47c9482,accommodation,Grawen Camping,grawen-camping,Merthyr Tydfil,content/accommodation.csv,1.00,csv-only,
e66924ee86,accommodation,Gwern Gof Isaf,gwern-gof-isaf,snowdonia,content/accommodation.csv,0.57,csv-only,
1b7e3011ef,accommodation,Gwern Gof Uchaf,gwern-gof-uchaf,snowdonia,content/accommodation.csv,0.57,csv-only,
adcb1e900d,accommodation,Hafren Forest Hideaway,hafren-forest-hideaway,Staylittle,content/accommodation.csv,0.71,csv-only,
bdd1fef71f,accommodation,Hardingsdown Bunkhouse,hardingsdown-bunkhouse,"Llangennith, Gower",content/accommodation.csv,0.71,csv-only,
d5d364feeb,accommodation,Hillend Camping,hillend-camping,gower,content/accommodation.csv,0.57,csv-only,
c1c4e57208,accommodation,Home Farm Caravan Park,home-farm-caravan-park,anglesey,content/accommodation.csv,0.57,csv-only,
e4afa9bab7,accommodation,Hungerford Farm,hungerford-farm,pembrokeshire,content/accommodation.csv,0.57,csv-only,
3f0051da33,accommodation,Kingsbridge Caravan Park,kingsbridge-caravan-park,anglesey,content/accommodation.csv,0.57,csv-only,
e4fcf9617f,accommodation,Lake Vyrnwy Hotel,lake-vyrnwy-hotel,Lake Vyrnwy,content/accommodation.csv,0.71,csv-only,
63126715a0,accommodation,Living Room Treehouses,living-room-treehouses,Machynlleth,content/accommodation.csv,0.71,csv-only,
f3f4314194,accommodation,Llanbedrog Beach Huts,llanbedrog-beach-huts,Llanbedrog,content/accommodation.csv,1.00,csv-only,
eefaef80d2,accommodation,Llandudno Hostel,llandudno-hostel,Llandudno,content/accommodation.csv,0.71,csv-only,
ed8bb121b1,accommodation,Llangennith Campsite,llangennith-campsite,Llangennith,content/accommodation.csv,0.71,csv-only,
64b25a0dfa,accommodation,Llangollen Hostel,llangollen-hostel,Llangollen,content/accommodation.csv,0.71,csv-only,
1ae20febeb,accommodation,Llangorse Multi Activity Centre,llangorse-multi-activity-centre,Llangorse,content/accommodation.csv,0.71,csv-only,
98b8b93678,accommodation,Llanthony Priory Hotel,llanthony-priory-hotel,Llanthony,content/accommodation.csv,0.71,csv-only,
5a0997d934,accommodation,Llechwedd Glamping,llechwedd-glamping,snowdonia,content/accommodation.csv,0.57,csv-only,
88e27ea3dc,accommodation,Llwyngwern Farm,llwyngwern-farm,mid-wales,content/accommodation.csv,0.57,csv-only,
8afcf0f9aa,accommodation,Llyn Gwynant Campsite,llyn-gwynant-campsite,snowdonia,content/accommodation.csv,0.57,csv-only,
6946c3bcad,accommodation,Lodge Dinorwig Hostel,lodge-dinorwig-hostel,"Dinorwig, Caernarfon",content/accommodation.csv,0.71,csv-only,
b030484fc5,accommodation,Machynlleth YHA,machynlleth-yha,Machynlleth,content/accommodation.csv,0.71,csv-only,
157fb277ba,accommodation,Morawelon House,morawelon-house,Rhosneigr,content/accommodation.csv,0.71,csv-only,
eece4c78d6,accommodation,Nefyn Golf Club Accommodation,nefyn-golf-club-accommodation,Nefyn,content/accommodation.csv,0.71,csv-only,
e4b239a83d,accommodation,Newborough Forest Campsite,newborough-forest-campsite,Newborough,content/accommodation.csv,1.00,csv-only,
6cebb103f9,accommodation,Newgale Campsite,newgale-campsite,Newgale,content/accommodation.csv,1.00,csv-only,
6da545913a,accommodation,Nicholaston Farm,nicholaston-farm,gower,content/accommodation.csv,0.57,csv-only,
e3d1029286,accommodation,Oxwich Bay Hotel,oxwich-bay-hotel,Oxwich,content/accommodation.csv,0.71,csv-only,
f601be3d0b,accommodation,Pen-y-Bont,pen-y-bont,anglesey,content/accommodation.csv,0.57,csv-only,
1b8dfc715d,accommodation,Pencelli Castle Caravan & Camping Park,pencelli-castle-caravan-and-camping-park,brecon-beacons,content/accommodation.csv,0.57,csv-only,
6149b8c2b0,accommodation,Penstar Bunkhouse,penstar-bunkhouse,Libanus,content/accommodation.csv,0.71,csv-only,
5cdfc03f2f,accommodation,Pitton Cross Campsite,pitton-cross-campsite,Rhosili,content/accommodation.csv,1.00,csv-only,
c5389ab819,accommodation,Plas Menai,plas-menai,Caernarfon,content/accommodation.csv,0.71,csv-only,
afd6c2d977,accommodation,Plas Menai Accommodation,plas-menai-accommodation,Caernarfon,content/accommodation.csv,0.71,csv-only,
7887f6927b,accommodation,Plas y Brenin,plas-y-brenin,Capel Curig,content/accommodation.csv,0.71,csv-only,
bd0183e990,accommodation,Platts Farm,platts-farm,Llanfairfechan,content/accommodation.csv,1.00,csv-only,
67f9a8a803,accommodation,Port Eynon Beach Campsite,port-eynon-beach-campsite,Port Eynon,content/accommodation.csv,1.00,csv-only,
1b6a748229,accommodation,Porthclais Campsite,porthclais-campsite,pembrokeshire,content/accommodation.csv,0.57,csv-only,
07bb24f647,accommodation,Portmeirion Village,portmeirion-village,Minffordd,content/accommodation.csv,0.71,csv-only,
4bb9fbe786,accommodation,Premier Inn Merthyr Tydfil,premier-inn-merthyr-tydfil,Merthyr Tydfil,content/accommodation.csv,0.71,csv-only,
199d32a97f,accommodation,Preseli Venture Eco Lodge,preseli-venture-eco-lodge,Mathry,content/accommodation.csv,0.71,csv-only,
b34ecc4e21,accommodation,Priory Mill Farm,priory-mill-farm,brecon-beacons,content/accommodation.csv,0.57,csv-only,
1ef5adb196,accommodation,Pwllheli Marina Apartments,pwllheli-marina-apartments,Pwllheli,content/accommodation.csv,0.71,csv-only,
248935484a,accommodation,Red Kite Tree Tent,red-kite-tree-tent,Newbridge-on-Wye,content/accommodation.csv,0.71,csv-only,
e681733e15,accommodation,Relais & Châteaux Palé Hall,relais-and-ch-teaux-pal-hall,Bala,content/accommodation.csv,0.71,csv-only,
a4707f8c98,accommodation,Rhosili Bunkhouse,rhosili-bunkhouse,Rhosili,content/accommodation.csv,0.71,csv-only,
0603046f23,accommodation,Rhosneigr Bunkhouse,rhosneigr-bunkhouse,Rhosneigr,content/accommodation.csv,0.71,csv-only,
1dddd57171,accommodation,Riverside Caravan Park,riverside-caravan-park,brecon-beacons,content/accommodation.csv,0.57,csv-only,
41d5c11a03,accommodation,Riverside Pods,riverside-pods,Betws-y-Coed,content/accommodation.csv,0.71,csv-only,
dcb10ee114,accommodation,Roch Castle,roch-castle,Roch,content/accommodation.csv,0.71,csv-only,
5c78d90570,accommodation,Sea Breeze Apartment,sea-breeze-apartment,Rhosneigr,content/accommodation.csv,0.71,csv-only,
6e980f3595,accommodation,Sealyham Activity Centre,sealyham-activity-centre,Sealyham,content/accommodation.csv,0.71,csv-only,
79146b8782,accommodation,Shell Island,shell-island,snowdonia,content/accommodation.csv,0.57,csv-only,
5627123753,accommodation,Shoreside Caravan & Camping Park,shoreside-caravan-and-camping-park,anglesey,content/accommodation.csv,0.57,csv-only,
19dfff08c7,accommodation,Skysea Caravan & Camping,skysea-caravan-and-camping,gower,content/accommodation.csv,0.57,csv-only,
761eced7d7,accommodation,Slate Mountain Glamping,slate-mountain-glamping,Blaenau Ffestiniog,content/accommodation.csv,0.71,csv-only,
c7f8755c38,accommodation,Snowdonia Mountain Hostel,snowdonia-mountain-hostel,"Nant Ffrancon, Bangor",content/accommodation.csv,0.71,csv-only,
584d9d6d71,accommodation,St Briavels Castle (YHA),st-briavels-castle-yha,Lydney,content/accommodation.csv,0.71,csv-only,
85b14ccee6,accommodation,St Davids YHA,st-davids-yha,St Davids,content/accommodation.csv,0.71,csv-only,
4d4cbb694b,accommodation,St Madoc Centre,st-madoc-centre,"Llanmadoc, Gower",content/accommodation.csv,0.71,csv-only,
dd98e5b03c,accommodation,Stackpole Centre (National Trust),stackpole-centre-national-trust,Stackpole,content/accommodation.csv,1.00,csv-only,
b6d192231d,accommodation,Surf's Edge Apartment,surf-s-edge-apartment,Rhosneigr,content/accommodation.csv,0.71,csv-only,
0fe27fb028,accommodation,The Grove Hotel,the-grove-hotel,Narberth,content/accommodation.csv,0.71,csv-only,
4dd917e0db,accommodation,The King Arthur Hotel,the-king-arthur-hotel,Reynoldston,content/accommodation.csv,0.71,csv-only,
dbad04a861,accommodation,The laundry @ Brecon,the-laundry-brecon,Brecon,content/accommodation.csv,0.71,csv-only,
7bf73701f6,accommodation,The Lodge (Llandegla),the-lodge-llandegla,Llandegla,content/accommodation.csv,0.71,csv-only,
9938642658,accommodation,The Lodge (Staylittle),the-lodge-staylittle,Staylittle,content/accommodation.csv,0.71,csv-only,
1d0be5fe12,accommodation,The Rocks at Plas Curig,the-rocks-at-plas-curig,Capel Curig,content/accommodation.csv,0.71,csv-only,
c246a38b44,accommodation,The Snowdon Inn (Y Fricsan),the-snowdon-inn-y-fricsan,Llanberis,content/accommodation.csv,1.00,csv-only,
7766107fe5,accommodation,The Vaynol,the-vaynol,Abersoch,content/accommodation.csv,0.71,csv-only,
5244b40ee3,accommodation,Three Cliffs Bay Campsite,three-cliffs-bay-campsite,Three Cliffs,content/accommodation.csv,1.00,csv-only,
1d14a144e3,accommodation,Top of the Woods,top-of-the-woods,Boncath,content/accommodation.csv,0.71,csv-only,
c3bca73c2e,accommodation,Trearddur Bay Hotel,trearddur-bay-hotel,Trearddur Bay,content/accommodation.csv,0.71,csv-only,
48acdf663c,accommodation,Tregwynt Hotel,tregwynt-hotel,Fishguard,content/accommodation.csv,0.71,csv-only,
df396c461e,accommodation,Treks Bunkhouse,treks-bunkhouse,Ffestiniog,content/accommodation.csv,0.71,csv-only,
1a1c107e7c,accommodation,Trellyn Woodland Camping,trellyn-woodland-camping,pembrokeshire,content/accommodation.csv,0.57,csv-only,
5362a9163e,accommodation,Twin Trails B&B,twin-trails-bandb,Merthyr Tydfil,content/accommodation.csv,0.71,csv-only,
e523837d68,accommodation,Ty Coch Inn,ty-coch-inn,Morfa Nefyn,content/accommodation.csv,0.71,csv-only,
26e9bced6a,accommodation,Ty Coch Inn (Morfa Nefyn),ty-coch-inn-morfa-nefyn,Morfa Nefyn,content/accommodation.csv,0.71,csv-only,
db52443aca,accommodation,Ty Cwch Boathouse,ty-cwch-boathouse,"Cwmtydu, Llandysul",content/accommodation.csv,0.71,csv-only,
23cf4cb747,accommodation,Tyddyn Isaf,tyddyn-isaf,anglesey,content/accommodation.csv,0.57,csv-only,
1a8e89d89e,accommodation,Tyddyn Mawr (Porth Iago),tyddyn-mawr-porth-iago,llyn-peninsula,content/accommodation.csv,0.57,csv-only,
ec69433a54,accommodation,TYF Cliff-top Campsite,tyf-cliff-top-campsite,Porthclais,content/accommodation.csv,1.00,csv-only,
a6d252afbd,accommodation,Tyn-y-Mur,tyn-y-mur,llyn-peninsula,content/accommodation.csv,0.57,csv-only,
3923bfa12b,accommodation,Tynycornel Hotel,tynycornel-hotel,Tal-y-llyn,content/accommodation.csv,0.71,csv-only,
08df0f8d53,accommodation,Under the Thatch,under-the-thatch,Various,content/accommodation.csv,0.71,csv-only,
96a51ba505,accommodation,Waterfall Country Campsite,waterfall-country-campsite,Ystradfellte,content/accommodation.csv,1.00,csv-only,
6e019fa3cc,accommodation,West Wales Windsurf,west-wales-windsurf,Abersoch,content/accommodation.csv,1.00,csv-only,
118798425b,accommodation,Whistling Sands Campsite,whistling-sands-campsite,Porthor,content/accommodation.csv,1.00,csv-only,
fc25dae684,accommodation,Whitesands Bay Caravan Park,whitesands-bay-caravan-park,Whitesands,content/accommodation.csv,1.00,csv-only,
37f6b1727a,accommodation,Wigwam Holidays Hafren,wigwam-holidays-hafren,Staylittle,content/accommodation.csv,0.71,csv-only,
cd847bc3df,accommodation,Woodlands Centre,woodlands-centre,Betws-y-Coed,content/accommodation.csv,0.71,csv-only,
7d007a5c94,accommodation,Wyeside Camping,wyeside-camping,mid-wales,content/accommodation.csv,0.57,csv-only,
a546faeb47,accommodation,YHA Brecon Beacons,yha-brecon-beacons,Libanus,content/accommodation.csv,0.71,csv-only,
afe243c4f2,accommodation,YHA Llanbedr,yha-llanbedr,Llanbedr,content/accommodation.csv,0.71,csv-only,
3fe15030cf,accommodation,YHA Snowdon Llanberis,yha-snowdon-llanberis,Llanberis,content/accommodation.csv,0.71,csv-only,
65e75f874e,accommodation,YHA Snowdon Pen-y-Pass,yha-snowdon-pen-y-pass,Pen-y-Pass,content/accommodation.csv,0.71,csv-only,
8c6d1123ef,accommodation,Zip World Fforest,zip-world-fforest,Betws-y-Coed,content/accommodation.csv,0.71,csv-only,
7f05fd9818,activities,Archery,archery,Brecon Beacons,content/activities.csv,1.00,csv-only,
c64923d18b,activities,Bike Hire,bike-hire,Mid Wales,content/activities.csv,1.00,csv-only,
7233f7d861,activities,Bike Hire - Enduro,bike-hire-enduro,Brecon Beacons,content/activities.csv,1.00,csv-only,
2c8f64bb26,activities,Boat Trip - Ramsey Island,boat-trip-ramsey-island,Pembrokeshire,content/activities.csv,1.00,csv-only,
1a3e0cb5ca,activities,Bounce Below,bounce-below,Snowdonia,content/activities.csv,1.00,csv-only,
8ea14f62cb,activities,Canyoning,canyoning,Brecon Beacons,content/activities.csv,1.00,csv-only,
304e97cd89,activities,Caving,caving,Brecon Beacons,content/activities.csv,1.00,csv-only,
304e97cd89,activities,Caving,caving,Brecon Beacons,content/activities.csv,1.00,csv-only,
c890f42210,activities,Coaching Session,coaching-session,Brecon Beacons,content/activities.csv,1.00,csv-only,
46b36ca722,activities,Coasteering,coasteering,Pembrokeshire,content/activities.csv,1.00,csv-only,
46b36ca722,activities,Coasteering,coasteering,Pembrokeshire,content/activities.csv,1.00,csv-only,
46b36ca722,activities,Coasteering,coasteering,Pembrokeshire,content/activities.csv,1.00,csv-only,
46b36ca722,activities,Coasteering,coasteering,Pembrokeshire,content/activities.csv,1.00,csv-only,
46b36ca722,activities,Coasteering,coasteering,Pembrokeshire,content/activities.csv,1.00,csv-only,
46b36ca722,activities,Coasteering,coasteering,Anglesey,content/activities.csv,1.00,csv-only,
46b36ca722,activities,Coasteering,coasteering,Anglesey,content/activities.csv,1.00,csv-only,
46b36ca722,activities,Coasteering,coasteering,Gower,content/activities.csv,1.00,csv-only,
46b36ca722,activities,Coasteering,coasteering,Gower,content/activities.csv,1.00,csv-only,
46b36ca722,activities,Coasteering,coasteering,Gower,content/activities.csv,1.00,csv-only,
46b36ca722,activities,Coasteering,coasteering,Llŷn Peninsula,content/activities.csv,1.00,csv-only,
c2dd1897ea,activities,Coasteering Classic,coasteering-classic,Pembrokeshire,content/activities.csv,1.00,csv-only,
e3b3f448a7,activities,Crib Goch Guided Walk,crib-goch-guided-walk,Snowdonia,content/activities.csv,1.00,csv-only,
21fc1728d3,activities,Downhill MTB - Antur Stiniog,downhill-mtb-antur-stiniog,Snowdonia,content/activities.csv,1.00,csv-only,
406b14d19b,activities,Gorge Walking,gorge-walking,Snowdonia,content/activities.csv,1.00,csv-only,
406b14d19b,activities,Gorge Walking,gorge-walking,Brecon Beacons,content/activities.csv,1.00,csv-only,
406b14d19b,activities,Gorge Walking,gorge-walking,Brecon Beacons,content/activities.csv,1.00,csv-only,
15f2f00e6d,activities,High Ropes,high-ropes,Brecon Beacons,content/activities.csv,1.00,csv-only,
1cdf43d5c2,activities,Jet Skiing,jet-skiing,Llŷn Peninsula,content/activities.csv,1.00,csv-only,
287a7f4260,activities,Kayaking,kayaking,Mid Wales,content/activities.csv,1.00,csv-only,
df6265c5e1,activities,Kitesurfing,kitesurfing,Anglesey,content/activities.csv,1.00,csv-only,
df6265c5e1,activities,Kitesurfing,kitesurfing,Anglesey,content/activities.csv,1.00,csv-only,
bc323cd3c7,activities,Llanberis Path Guided Walk,llanberis-path-guided-walk,Snowdonia,content/activities.csv,1.00,csv-only,
fe5a3c3356,activities,Mountain Biking,mountain-biking,Brecon Beacons,content/activities.csv,1.00,csv-only,
fe5a3c3356,activities,Mountain Biking,mountain-biking,Brecon Beacons,content/activities.csv,1.00,csv-only,
fe5a3c3356,activities,Mountain Biking,mountain-biking,Mid Wales,content/activities.csv,1.00,csv-only,
fe5a3c3356,activities,Mountain Biking,mountain-biking,Mid Wales,content/activities.csv,1.00,csv-only,
6bfb7b1672,activities,Mountain Biking - MinorTaur,mountain-biking-minortaur,Snowdonia,content/activities.csv,1.00,csv-only,
d3a5435d17,activities,Mountain Biking - Temtiwr,mountain-biking-temtiwr,Snowdonia,content/activities.csv,1.00,csv-only,
6bd7006688,activities,Paddle Boarding,paddle-boarding,Pembrokeshire,content/activities.csv,1.00,csv-only,
6bd7006688,activities,Paddle Boarding,paddle-boarding,Brecon Beacons,content/activities.csv,1.00,csv-only,
6bd7006688,activities,Paddle Boarding,paddle-boarding,Mid Wales,content/activities.csv,1.00,csv-only,
7b19a24242,activities,Powerboat Tours,powerboat-tours,Llŷn Peninsula,content/activities.csv,1.00,csv-only,
aa77e1b955,activities,Powerboating,powerboating,Anglesey,content/activities.csv,1.00,csv-only,
1d22d31246,activities,RIB Boat Ride,rib-boat-ride,Anglesey,content/activities.csv,1.00,csv-only,
ee2a5f1f70,activities,Rock Climbing,rock-climbing,Pembrokeshire,content/activities.csv,1.00,csv-only,
ee2a5f1f70,activities,Rock Climbing,rock-climbing,Brecon Beacons,content/activities.csv,1.00,csv-only,
ee2a5f1f70,activities,Rock Climbing,rock-climbing,Gower,content/activities.csv,1.00,csv-only,
2c23d5ccab,activities,Rock Climbing Taster,rock-climbing-taster,Snowdonia,content/activities.csv,1.00,csv-only,
9e0677fa9f,activities,Sailing,sailing,Anglesey,content/activities.csv,1.00,csv-only,
9e0677fa9f,activities,Sailing,sailing,Llŷn Peninsula,content/activities.csv,1.00,csv-only,
a522160881,activities,Sea Kayak Safari,sea-kayak-safari,Pembrokeshire,content/activities.csv,1.00,csv-only,
2b915109fb,activities,Sea Kayaking,sea-kayaking,Snowdonia,content/activities.csv,1.00,csv-only,
2b915109fb,activities,Sea Kayaking,sea-kayaking,Pembrokeshire,content/activities.csv,1.00,csv-only,
2b915109fb,activities,Sea Kayaking,sea-kayaking,Pembrokeshire,content/activities.csv,1.00,csv-only,
2b915109fb,activities,Sea Kayaking,sea-kayaking,Anglesey,content/activities.csv,1.00,csv-only,
2b915109fb,activities,Sea Kayaking,sea-kayaking,Llŷn Peninsula,content/activities.csv,1.00,csv-only,
3615971718,activities,Sea Kayaking Safari,sea-kayaking-safari,Pembrokeshire,content/activities.csv,1.00,csv-only,
04f0984a42,activities,Snowdon Summit Hike,snowdon-summit-hike,Snowdonia,content/activities.csv,1.00,csv-only,
cc8263b151,activities,Stand Up Paddleboarding,stand-up-paddleboarding,Llŷn Peninsula,content/activities.csv,1.00,csv-only,
6616e78cb7,activities,SUP,sup,Mid Wales,content/activities.csv,1.00,csv-only,
ac61a3041b,activities,SUP Boarding,sup-boarding,Gower,content/activities.csv,1.00,csv-only,
e027261332,activities,Surfing,surfing,Pembrokeshire,content/activities.csv,1.00,csv-only,
e027261332,activities,Surfing,surfing,Pembrokeshire,content/activities.csv,1.00,csv-only,
e027261332,activities,Surfing,surfing,Gower,content/activities.csv,1.00,csv-only,
e027261332,activities,Surfing,surfing,Gower,content/activities.csv,1.00,csv-only,
e027261332,activities,Surfing,surfing,Gower,content/activities.csv,1.00,csv-only,
e027261332,activities,Surfing,surfing,Mid Wales,content/activities.csv,1.00,csv-only,
e027261332,activities,Surfing,surfing,Llŷn Peninsula,content/activities.csv,1.00,csv-only,
e027261332,activities,Surfing,surfing,Llŷn Peninsula,content/activities.csv,1.00,csv-only,
85c538daed,activities,Surfing Lesson,surfing-lesson,Pembrokeshire,content/activities.csv,1.00,csv-only,
7938b531a6,activities,Trail Running,trail-running,Mid Wales,content/activities.csv,1.00,csv-only,
ae04f3e417,activities,Underground Adventure,underground-adventure,Snowdonia,content/activities.csv,1.00,csv-only,
66f9539eb8,activities,Velocity 2 Zip Line,velocity-2-zip-line,Snowdonia,content/activities.csv,1.00,csv-only,
518f58e321,activities,White Water Rafting,white-water-rafting,Snowdonia,content/activities.csv,1.00,csv-only,
099d685cb6,activities,Wild Swimming,wild-swimming,Pembrokeshire,content/activities.csv,1.00,csv-only,
64025f9ab8,activities,Windsurfing,windsurfing,Anglesey,content/activities.csv,1.00,csv-only,
977c57411b,activities,Wing Foiling,wing-foiling,Anglesey,content/activities.csv,1.00,csv-only,
bf95946732,activities,Zip World Fforest Coaster,zip-world-fforest-coaster,Snowdonia,content/activities.csv,1.00,csv-only,
83c2c01717,commercial-partners,Airbnb,airbnb,,content/commercial-partners.csv,1.00,csv-only,
8f94bb78cd,commercial-partners,AllTrails,alltrails,,content/commercial-partners.csv,1.00,csv-only,
67653ff38a,commercial-partners,Booking.com,booking-com,,content/commercial-partners.csv,1.00,csv-only,
f7fe9295ae,commercial-partners,Discover Cars,discover-cars,,content/commercial-partners.csv,1.00,csv-only,
be5af8a2c4,commercial-partners,English Heritage (Cadw),english-heritage-cadw,,content/commercial-partners.csv,1.00,csv-only,
45595b0fd7,commercial-partners,Expedia,expedia,,content/commercial-partners.csv,1.00,csv-only,
46f785f14f,commercial-partners,GetYourGuide,getyourguide,,content/commercial-partners.csv,1.00,csv-only,
6029575b93,commercial-partners,Google Maps,google-maps,,content/commercial-partners.csv,1.00,csv-only,
979e940665,commercial-partners,Klook,klook,,content/commercial-partners.csv,1.00,csv-only,
dd01dd1c18,commercial-partners,Komoot,komoot,,content/commercial-partners.csv,1.00,csv-only,
7d13666980,commercial-partners,Mapbox,mapbox,,content/commercial-partners.csv,1.00,csv-only,
cf27fd3130,commercial-partners,Met Office,met-office,,content/commercial-partners.csv,1.00,csv-only,
59a86397f4,commercial-partners,Mountain Weather Information Service,mountain-weather-information-service,,content/commercial-partners.csv,1.00,csv-only,
d59cd4708d,commercial-partners,Musement,musement,,content/commercial-partners.csv,1.00,csv-only,
78b25f55dc,commercial-partners,National Trust,national-trust,,content/commercial-partners.csv,1.00,csv-only,
377c8a1dc8,commercial-partners,Omio,omio,,content/commercial-partners.csv,1.00,csv-only,
c3c9a0215f,commercial-partners,Ordnance Survey,ordnance-survey,,content/commercial-partners.csv,1.00,csv-only,
c14965de60,commercial-partners,Outdooractive,outdooractive,,content/commercial-partners.csv,1.00,csv-only,
cc07770cbd,commercial-partners,PayPal,paypal,,content/commercial-partners.csv,1.00,csv-only,
4847fc6cb7,commercial-partners,Rentalcars.com (Booking),rentalcars-com-booking,,content/commercial-partners.csv,1.00,csv-only,
017d7ec334,commercial-partners,Stripe,stripe,,content/commercial-partners.csv,1.00,csv-only,
218626d5bd,commercial-partners,Tiqets,tiqets,,content/commercial-partners.csv,1.00,csv-only,
53dc2bcb43,commercial-partners,Trainline,trainline,,content/commercial-partners.csv,1.00,csv-only,
4782a2efae,commercial-partners,TripAdvisor,tripadvisor,,content/commercial-partners.csv,1.00,csv-only,
caf0603df9,commercial-partners,Viator,viator,,content/commercial-partners.csv,1.00,csv-only,
fc7705646b,commercial-partners,Visit Wales (Official),visit-wales-official,,content/commercial-partners.csv,1.00,csv-only,
2938545652,commercial-partners,Vrbo,vrbo,,content/commercial-partners.csv,1.00,csv-only,
2deac0cb6f,events,Abersoch 10K,abersoch-10k,Abersoch,content/events.csv,1.00,csv-only,
27721b12ce,events,Abersoch Dinghy Week,abersoch-dinghy-week,Abersoch,content/events.csv,1.00,csv-only,
1aed99f25c,events,ABP Newport Marathon Festival,abp-newport-marathon-festival,Newport,content/events.csv,1.00,csv-only,
78474dbee3,events,Adventure Travel World Summit,adventure-travel-world-summit,Llandudno (2025),content/events.csv,1.00,csv-only,
8c4c686091,events,Anglesey Trail Half Marathon,anglesey-trail-half-marathon,Newborough Forest,content/events.csv,1.00,csv-only,
783867bc52,events,Barry Island 10K,barry-island-10k,Barry Island,content/events.csv,1.00,csv-only,
e27857cd2d,events,Beast of Llangattock,beast-of-llangattock,Llangattock,content/events.csv,1.00,csv-only,
0072edb8f2,events,Beast of the Beacons,beast-of-the-beacons,Talybont-on-Usk,content/events.csv,1.00,csv-only,
179f67224a,events,Beast of the Blacks,beast-of-the-blacks,Black Mountains,content/events.csv,1.00,csv-only,
57c8ee80cc,events,Black Mountains Ultras,black-mountains-ultras,Black Mountains,content/events.csv,1.00,csv-only,
d2fd12f3e6,events,Caerphilly Trail Races,caerphilly-trail-races,Caerphilly,content/events.csv,1.00,csv-only,
8134f3b57d,events,Cardiff Bay Water Festival,cardiff-bay-water-festival,Cardiff Bay,content/events.csv,1.00,csv-only,
10bfc4cde4,events,Cardiff Half Marathon,cardiff-half-marathon,Cardiff,content/events.csv,1.00,csv-only,
35345f7390,events,CDF 10K,cdf-10k,Cardiff,content/events.csv,1.00,csv-only,
88a39c14cb,events,Chepstow Running Festival,chepstow-running-festival,Chepstow Racecourse,content/events.csv,1.00,csv-only,
f5988f95f2,events,Coed y Brenin Enduro,coed-y-brenin-enduro,Coed y Brenin,content/events.csv,1.00,csv-only,
ae5efd33bb,events,Conwy Half Marathon,conwy-half-marathon,Conwy,content/events.csv,1.00,csv-only,
ab0ed9fa1e,events,Dragon Ride,dragon-ride,Port Talbot,content/events.csv,1.00,csv-only,
be3d4e8c95,events,Dragons Back Race,dragons-back-race,Conwy to Cardiff,content/events.csv,1.00,csv-only,
006f5f0d4c,events,Etape Eryri,etape-eryri,Snowdonia,content/events.csv,1.00,csv-only,
51f363fe85,events,Great Welsh Marathon & Half,great-welsh-marathon-and-half,Pembrey Country Park,content/events.csv,1.00,csv-only,
9b0c0848ab,events,Green Man Festival,green-man-festival,Brecon Beacons,content/events.csv,1.00,csv-only,
716168c517,events,IRONKIDS Wales,ironkids-wales,Tenby,content/events.csv,1.00,csv-only,
bf31770ddb,events,IRONMAN Wales,ironman-wales,Tenby,content/events.csv,1.00,csv-only,
a329c7d241,events,Jones O Gymru Anglesey Half Marathon,jones-o-gymru-anglesey-half-marathon,Anglesey Showground,content/events.csv,1.00,csv-only,
78e9aed088,events,Llandudno Triathlon,llandudno-triathlon,Llandudno,content/events.csv,1.00,csv-only,
d7b5d91d3e,events,Llanelli Half Marathon & 10K,llanelli-half-marathon-and-10k,"Festival Fields, Llanelli",content/events.csv,1.00,csv-only,
2b44dd525a,events,Man vs Horse Marathon,man-vs-horse-marathon,Llanwrtyd Wells,content/events.csv,1.00,csv-only,
39d0ca12ac,events,Medieval Backyard Ultra,medieval-backyard-ultra,Cosmeston Lakes,content/events.csv,1.00,csv-only,
07574c54bf,events,Nick Beer Llandudno 10K,nick-beer-llandudno-10k,Llandudno Promenade,content/events.csv,1.00,csv-only,
b463abd20d,events,Ogwen Yr Helgi Du,ogwen-yr-helgi-du,Ogwen Valley,content/events.csv,1.00,csv-only,
58a9dac60f,events,Pembrokeshire Coast Path Festival,pembrokeshire-coast-path-festival,Various,content/events.csv,1.00,csv-only,
9fa6f10154,events,Pendine Sands Races,pendine-sands-races,Pendine Sands,content/events.csv,1.00,csv-only,
ee4e24a7af,events,Porthcawl 10K,porthcawl-10k,Porthcawl,content/events.csv,1.00,csv-only,
f32b91f444,events,Rabbit Run Wales,rabbit-run-wales,Merthyr Mawr,content/events.csv,1.00,csv-only,
c13cca8fed,events,Radyr Trail Races,radyr-trail-races,"Radyr, Cardiff",content/events.csv,1.00,csv-only,
111275b6ea,events,Red Bull Hardline,red-bull-hardline,Dyfi Forest,content/events.csv,1.00,csv-only,
d81dd3e858,events,Red Warrior Challenge,red-warrior-challenge,Margam Country Park,content/events.csv,1.00,csv-only,
18d1bf5bf4,events,Rhosneigr Wave Classic,rhosneigr-wave-classic,Rhosneigr,content/events.csv,1.00,csv-only,
91388ca772,events,Sandman Triathlon,sandman-triathlon,Newborough,content/events.csv,1.00,csv-only,
e464d48383,events,Saundersfoot Triathlon,saundersfoot-triathlon,Saundersfoot,content/events.csv,1.00,csv-only,
130e7471bf,events,Secret Santa Series,secret-santa-series,Brecon Beacons,content/events.csv,1.00,csv-only,
6ee13b62bb,events,SheUltra,sheultra,Abersoch to Pwllheli,content/events.csv,1.00,csv-only,
feb6f81faa,events,Slateman Triathlon,slateman-triathlon,Llanberis,content/events.csv,1.00,csv-only,
d1043bdbf7,events,Snowdonia Trail Marathon Eryri,snowdonia-trail-marathon-eryri,Llanberis,content/events.csv,1.00,csv-only,
82b49e75b7,events,Snowdonia Walking Festival,snowdonia-walking-festival,Betws-y-Coed,content/events.csv,1.00,csv-only,
4e78153513,events,Snowman Triathlon,snowman-triathlon,Plas y Brenin,content/events.csv,1.00,csv-only,
6ff6ac5d87,events,Swansea 5K,swansea-5k,Swansea,content/events.csv,1.00,csv-only,
2b353f38ab,events,Swansea Half Marathon,swansea-half-marathon,Swansea,content/events.csv,1.00,csv-only,
f151f5478b,events,Swansea Triathlon,swansea-triathlon,Swansea,content/events.csv,1.00,csv-only,
0414895103,events,Tenacious Ten,tenacious-ten,Brecon Beacons,content/events.csv,1.00,csv-only,
8ef1d80fce,events,The Loop Ultra,the-loop-ultra,Brecon Beacons,content/events.csv,1.00,csv-only,
0dce1e0c72,events,Tour of Britain (Wales Stages),tour-of-britain-wales-stages,Various,content/events.csv,1.00,csv-only,
43b738405e,events,Trail Marathon Wales,trail-marathon-wales,Coed y Brenin,content/events.csv,1.00,csv-only,
c67bcbd062,events,Trails & Tarmac Winter Backyard Ultra,trails-and-tarmac-winter-backyard-ultra,Black Mountains,content/events.csv,1.00,csv-only,
53e0872c19,events,Wakestock,wakestock,Abersoch/Pwllheli,content/events.csv,1.00,csv-only,
6ac641d9e3,events,Wales Coast Path Festival,wales-coast-path-festival,Various,content/events.csv,1.00,csv-only,
cb67206f06,events,Welsh Gravity Enduro Series,welsh-gravity-enduro-series,Various,content/events.csv,1.00,csv-only,
15a239905b,events,Welsh One Day Hill Climb,welsh-one-day-hill-climb,Various,content/events.csv,1.00,csv-only,
bf05359b76,events,World Bog Snorkelling Championships,world-bog-snorkelling-championships,Llanwrtyd Wells,content/events.csv,1.00,csv-only,
3fbb071d80,food,Abersoch Beach Cafe,abersoch-beach-cafe,llyn-peninsula,content/food/cafes.csv,1.00,csv-only,subgroup=cafes
042331cd4a,food,Alpine Coffee Shop,alpine-coffee-shop,snowdonia,content/food/cafes.csv,1.00,csv-only,subgroup=cafes
10208b2aba,food,Antur Stiniog Cafe,antur-stiniog-cafe,snowdonia,content/food/cafes.csv,1.00,csv-only,subgroup=cafes
2f9260ea4f,food,Barry Island Cafe,barry-island-cafe,south-wales,content/food/cafes.csv,1.00,csv-only,subgroup=cafes
feebd2fb3a,food,Bay Bistro,bay-bistro,gower,content/food/cafes.csv,1.00,csv-only,subgroup=cafes
4919af86cb,food,Becws Islyn,becws-islyn,llyn-peninsula,content/food/cafes.csv,1.00,csv-only,subgroup=cafes
a99d1c4365,food,BikePark Wales Cafe,bikepark-wales-cafe,brecon-beacons,content/food/cafes.csv,1.00,csv-only,subgroup=cafes
7a1a5ed93b,food,Black Mountain Activity Centre Cafe,black-mountain-activity-centre-cafe,brecon-beacons,content/food/cafes.csv,1.00,csv-only,subgroup=cafes
82d43d7f6b,food,Blue China,blue-china,llyn-peninsula,content/food/cafes.csv,1.00,csv-only,subgroup=cafes
818fc74523,food,Borth Beach Cafe,borth-beach-cafe,mid-wales,content/food/cafes.csv,1.00,csv-only,subgroup=cafes
65243dcd93,food,Cafe Môr,cafe-mor,pembrokeshire,content/food/cafes.csv,1.00,csv-only,subgroup=cafes
fe491de958,food,Caffi Cemaes,caffi-cemaes,anglesey,content/food/cafes.csv,1.00,csv-only,subgroup=cafes
27f23940d7,food,Caffi Clywedog,caffi-clywedog,mid-wales,content/food/cafes.csv,1.00,csv-only,subgroup=cafes
72add2b8ef,food,Caffi Gwynant,caffi-gwynant,snowdonia,content/food/cafes.csv,1.00,csv-only,subgroup=cafes
1a811122fa,food,Caffi Meinir,caffi-meinir,llyn-peninsula,content/food/cafes.csv,1.00,csv-only,subgroup=cafes
ecc35c6854,food,Caffi Porthor,caffi-porthor,llyn-peninsula,content/food/cafes.csv,1.00,csv-only,subgroup=cafes
727b2971df,food,Canolfan Tryweryn Cafe,canolfan-tryweryn-cafe,snowdonia,content/food/cafes.csv,1.00,csv-only,subgroup=cafes
a6c69694fc,food,Captain's Table,captains-table,gower,content/food/cafes.csv,1.00,csv-only,subgroup=cafes
6d5514dcf1,food,Coed y Brenin Visitor Centre Cafe,coed-y-brenin-visitor-centre-cafe,snowdonia,content/food/cafes.csv,1.00,csv-only,subgroup=cafes
841dc8525a,food,Conwy Falls Cafe,conwy-falls-cafe,snowdonia,content/food/cafes.csv,1.00,csv-only,subgroup=cafes
5c5a26c296,food,Devil's Bridge Cafe,devils-bridge-cafe,mid-wales,content/food/cafes.csv,1.00,csv-only,subgroup=cafes
511b621e70,food,Dylan's Criccieth,dylans-criccieth,llyn-peninsula,content/food/cafes.csv,1.00,csv-only,subgroup=cafes
b77e2ed31d,food,Dylan's Menai Bridge,dylans-menai-bridge,anglesey,content/food/cafes.csv,1.00,csv-only,subgroup=cafes
7542edb554,food,Eddy's,eddys,gower,content/food/cafes.csv,1.00,csv-only,subgroup=cafes
c1901a3015,food,Elan Valley Visitor Centre Cafe,elan-valley-visitor-centre-cafe,mid-wales,content/food/cafes.csv,1.00,csv-only,subgroup=cafes
ee25bc72cc,food,Gwesty Ty Newydd,gwesty-ty-newydd,llyn-peninsula,content/food/cafes.csv,1.00,csv-only,subgroup=cafes
fd391c512a,food,Hangin' Pizzeria,hangin-pizzeria,snowdonia,content/food/cafes.csv,1.00,csv-only,subgroup=cafes
91f07cafe8,food,Llangorse Lake Cafe,llangorse-lake-cafe,brecon-beacons,content/food/cafes.csv,1.00,csv-only,subgroup=cafes
b54abb63d8,food,Machynlleth Cafe,machynlleth-cafe,mid-wales,content/food/cafes.csv,1.00,csv-only,subgroup=cafes
6aa31bf3a6,food,Mamgu Welshcakes,mamgu-welshcakes,pembrokeshire,content/food/cafes.csv,1.00,csv-only,subgroup=cafes
db08dad2bf,food,Marco's Cafe,marcos-cafe,south-wales,content/food/cafes.csv,1.00,csv-only,subgroup=cafes
e7708fe293,food,Moel Siabod Cafe,moel-siabod-cafe,snowdonia,content/food/cafes.csv,1.00,csv-only,subgroup=cafes
7a85012e42,food,Mojo's,mojos,anglesey,content/food/cafes.csv,1.00,csv-only,subgroup=cafes
018a811353,food,Oneplanet Adventure Cafe,oneplanet-adventure-cafe,north-wales,content/food/cafes.csv,1.00,csv-only,subgroup=cafes
86b58fb9d2,food,Oriel y Parc Cafe,oriel-y-parc-cafe,pembrokeshire,content/food/cafes.csv,1.00,csv-only,subgroup=cafes
e26931b698,food,Oxwich Bay Cafe,oxwich-bay-cafe,gower,content/food/cafes.csv,1.00,csv-only,subgroup=cafes
330d2af4d2,food,Pen y Fan Food Truck,pen-y-fan-food-truck,brecon-beacons,content/food/cafes.csv,1.00,csv-only,subgroup=cafes
6297f3e832,food,Penceunant Isaf Tea Rooms,penceunant-isaf-tea-rooms,snowdonia,content/food/cafes.csv,1.00,csv-only,subgroup=cafes
93df9e3998,food,Pete's Eats,petes-eats,snowdonia,content/food/cafes.csv,1.00,csv-only,subgroup=cafes
de4e8d75f8,food,PJ's Surf Shop Cafe,pjs-surf-shop-cafe,gower,content/food/cafes.csv,1.00,csv-only,subgroup=cafes
0962230e60,food,Plas Menai Cafe,plas-menai-cafe,north-wales,content/food/cafes.csv,1.00,csv-only,subgroup=cafes
f97037e29c,food,Plas y Brenin Cafe,plas-y-brenin-cafe,snowdonia,content/food/cafes.csv,1.00,csv-only,subgroup=cafes
9007645ae2,food,Rest Bay Cafe,rest-bay-cafe,south-wales,content/food/cafes.csv,1.00,csv-only,subgroup=cafes
9b8fcd4a65,food,RSPB South Stack Cafe,rspb-south-stack-cafe,anglesey,content/food/cafes.csv,1.00,csv-only,subgroup=cafes
4a6f532a70,food,Sands Cafe,sands-cafe-newgale,pembrokeshire,content/food/cafes.csv,1.00,csv-only,subgroup=cafes
b61bbb2f3a,food,Sea Shanty Cafe,sea-shanty-cafe,anglesey,content/food/cafes.csv,1.00,csv-only,subgroup=cafes
23506738dd,food,Surf Cafe Rhosneigr,surf-cafe-rhosneigr,anglesey,content/food/cafes.csv,1.00,csv-only,subgroup=cafes
dd2657b55f,food,Surfside Cafe,surfside-cafe-caswell,gower,content/food/cafes.csv,1.00,csv-only,subgroup=cafes
2c86ece75f,food,Surfside Cafe,surfside-cafe-langland,gower,content/food/cafes.csv,1.00,csv-only,subgroup=cafes
95c0fe61ea,food,The Bear Hotel,the-bear-hotel,Brecon Beacons,content/food/pubs.csv,1.00,csv-only,subgroup=pubs
5293d575a1,food,The Bishops,the-bishops,Pembrokeshire,content/food/pubs.csv,1.00,csv-only,subgroup=pubs
dbda1ca883,food,The Black Boy Inn,the-black-boy-inn,Snowdonia,content/food/pubs.csv,1.00,csv-only,subgroup=pubs
abd724c63e,food,The Blue Anchor,the-blue-anchor,South Wales,content/food/pubs.csv,1.00,csv-only,subgroup=pubs
4c2661080c,food,The Boathouse,the-boathouse,pembrokeshire,content/food/cafes.csv,1.00,csv-only,subgroup=cafes
213799be28,food,The Britannia Inn,the-britannia-inn,Gower,content/food/pubs.csv,1.00,csv-only,subgroup=pubs
95bd14b470,food,The Bryn Tyrch,the-bryn-tyrch,Snowdonia,content/food/pubs.csv,1.00,csv-only,subgroup=pubs
c205cce0da,food,The Bull,the-bull,Anglesey,content/food/pubs.csv,1.00,csv-only,subgroup=pubs
ead2f5c211,food,The Cambrian Inn,the-cambrian-inn,Pembrokeshire,content/food/pubs.csv,1.00,csv-only,subgroup=pubs
f0776aca92,food,The Corn Mill,the-corn-mill,North Wales,content/food/pubs.csv,1.00,csv-only,subgroup=pubs
8ed105f667,food,The Cresselly Arms,the-cresselly-arms,Pembrokeshire,content/food/pubs.csv,1.00,csv-only,subgroup=pubs
f13f7859f8,food,The Cross Foxes,the-cross-foxes,Snowdonia,content/food/pubs.csv,1.00,csv-only,subgroup=pubs
9e18a97016,food,The Dragon's Back,the-dragon-s-back,Brecon Beacons,content/food/pubs.csv,1.00,csv-only,subgroup=pubs
c41d8d97f4,food,The Druidstone Hotel,the-druidstone-hotel,Pembrokeshire,content/food/pubs.csv,1.00,csv-only,subgroup=pubs
b36a5d05c7,food,The Eagles Hotel,the-eagles-hotel,Snowdonia,content/food/pubs.csv,1.00,csv-only,subgroup=pubs
5304177999,food,The Farmers Arms,the-farmers-arms,Pembrokeshire,content/food/pubs.csv,1.00,csv-only,subgroup=pubs
4df4e54f0a,food,The Felin Fach Griffin,the-felin-fach-griffin,Brecon Beacons,content/food/pubs.csv,1.00,csv-only,subgroup=pubs
3b4c551905,food,The Golden Lion,the-golden-lion,Pembrokeshire,content/food/pubs.csv,1.00,csv-only,subgroup=pubs
80ece90ae7,food,The Griffin Inn,the-griffin-inn,Pembrokeshire,content/food/pubs.csv,1.00,csv-only,subgroup=pubs
914b001c87,food,The Gwydyr Hotel,the-gwydyr-hotel,Snowdonia,content/food/pubs.csv,1.00,csv-only,subgroup=pubs
af0c699203,food,The Hafod Hotel,the-hafod-hotel,Mid Wales,content/food/pubs.csv,1.00,csv-only,subgroup=pubs
e30f39ef38,food,The Harbour Inn,the-harbour-inn,Pembrokeshire,content/food/pubs.csv,1.00,csv-only,subgroup=pubs
78a1ab89fa,food,The Heights,the-heights,Snowdonia,content/food/pubs.csv,1.00,csv-only,subgroup=pubs
23c094592f,food,The King Arthur Hotel,the-king-arthur-hotel,Gower,content/food/pubs.csv,1.00,csv-only,subgroup=pubs
f76ab4a7fc,food,The King's Head,the-king-s-head,Gower,content/food/pubs.csv,1.00,csv-only,subgroup=pubs
8b369d23f4,food,The Liverpool Arms,the-liverpool-arms,Anglesey,content/food/pubs.csv,1.00,csv-only,subgroup=pubs
9d0b128f0d,food,The Lookout,the-lookout,gower,content/food/cafes.csv,1.00,csv-only,subgroup=cafes
31815b7a21,food,The Old Barn Tea Room,the-old-barn-tea-room,brecon-beacons,content/food/cafes.csv,1.00,csv-only,subgroup=cafes
9fcce4df22,food,The Old Ford Inn,the-old-ford-inn,Brecon Beacons,content/food/pubs.csv,1.00,csv-only,subgroup=pubs
da34e73145,food,The Old Point House,the-old-point-house,Pembrokeshire,content/food/pubs.csv,1.00,csv-only,subgroup=pubs
a3ca78cf25,food,The Oyster Catcher,the-oyster-catcher,Anglesey,content/food/pubs.csv,1.00,csv-only,subgroup=pubs
e74ce8a18e,food,The Pebbles,the-pebbles,pembrokeshire,content/food/cafes.csv,1.00,csv-only,subgroup=cafes
b949fc4712,food,The Plough and Harrow,the-plough-and-harrow,South Wales,content/food/pubs.csv,1.00,csv-only,subgroup=pubs
22827a8bdf,food,The Red Lion,the-red-lion,Brecon Beacons,content/food/pubs.csv,1.00,csv-only,subgroup=pubs
e46e05bcf0,food,The Royal Oak,the-royal-oak,Snowdonia,content/food/pubs.csv,1.00,csv-only,subgroup=pubs
e46e05bcf0,food,The Royal Oak,the-royal-oak,Pembrokeshire,content/food/pubs.csv,1.00,csv-only,subgroup=pubs
1daefdb1bd,food,The Saracens Head,the-saracens-head,Snowdonia,content/food/pubs.csv,1.00,csv-only,subgroup=pubs
ef5ce5e5b5,food,The Seacroft,the-seacroft,Anglesey,content/food/pubs.csv,1.00,csv-only,subgroup=pubs
34fea4ba8e,food,The Ship Inn,the-ship-inn,Snowdonia,content/food/pubs.csv,1.00,csv-only,subgroup=pubs
34fea4ba8e,food,The Ship Inn,the-ship-inn,Anglesey,content/food/pubs.csv,1.00,csv-only,subgroup=pubs
34fea4ba8e,food,The Ship Inn,the-ship-inn,Gower,content/food/pubs.csv,1.00,csv-only,subgroup=pubs
26c987ad28,food,The Skirrid Mountain Inn,the-skirrid-mountain-inn,Brecon Beacons,content/food/pubs.csv,1.00,csv-only,subgroup=pubs
5d625a5c2c,food,The Sloop Inn,the-sloop-inn,Pembrokeshire,content/food/pubs.csv,1.00,csv-only,subgroup=pubs
dfad2c8e00,food,The Snowdonia Parc,the-snowdonia-parc,Snowdonia,content/food/pubs.csv,1.00,csv-only,subgroup=pubs
c61cd474c7,food,The Stackpole Inn,the-stackpole-inn,Pembrokeshire,content/food/pubs.csv,1.00,csv-only,subgroup=pubs
a9b4233fe6,food,The Star Inn,the-star-inn,Brecon Beacons,content/food/pubs.csv,1.00,csv-only,subgroup=pubs
411816b6af,food,The Sun Inn,the-sun-inn,Llŷn Peninsula,content/food/pubs.csv,1.00,csv-only,subgroup=pubs
a28b48053c,food,The Tai'r Bull,the-tai-r-bull,Brecon Beacons,content/food/pubs.csv,1.00,csv-only,subgroup=pubs
239ecbc3b0,food,The Unicorn,the-unicorn,Snowdonia,content/food/pubs.csv,1.00,csv-only,subgroup=pubs
bf0e58f49e,food,The Usk Inn,the-usk-inn,Brecon Beacons,content/food/pubs.csv,1.00,csv-only,subgroup=pubs
bb698a9de3,food,The Vaynol Arms,the-vaynol-arms,Snowdonia,content/food/pubs.csv,1.00,csv-only,subgroup=pubs
4786cd7c16,food,The West Arms,the-west-arms,North Wales,content/food/pubs.csv,1.00,csv-only,subgroup=pubs
c278fd8b53,food,The White Eagle,the-white-eagle,Anglesey,content/food/pubs.csv,1.00,csv-only,subgroup=pubs
d15e56ef13,food,The White Swan,the-white-swan,Brecon Beacons,content/food/pubs.csv,1.00,csv-only,subgroup=pubs
4ddf933b35,food,The Worm's Head Hotel,the-worm-s-head-hotel,Gower,content/food/pubs.csv,1.00,csv-only,subgroup=pubs
77ed222d0a,food,Three Cliffs Coffee Shop,three-cliffs-coffee-shop,gower,content/food/cafes.csv,1.00,csv-only,subgroup=cafes
4389c2d022,food,Ty Coch Inn,ty-coch-inn,Llŷn Peninsula,content/food/pubs.csv,1.00,csv-only,subgroup=pubs
7dd5801e6b,food,Tyn-y-Coed Inn,tyn-y-coed-inn,Snowdonia,content/food/pubs.csv,1.00,csv-only,subgroup=pubs
ede3808051,food,Wavecrest Cafe,wavecrest-cafe,anglesey,content/food/cafes.csv,1.00,csv-only,subgroup=cafes
6851ebd4cc,food,Whitesands Beach House,whitesands-beach-house,pembrokeshire,content/food/cafes.csv,1.00,csv-only,subgroup=cafes
720e48fa18,food,Y Talbot,y-talbot,Mid Wales,content/food/pubs.csv,1.00,csv-only,subgroup=pubs
d3a8c532db,food,Ynyslas Visitor Centre Cafe,ynyslas-visitor-centre-cafe,mid-wales,content/food/cafes.csv,1.00,csv-only,subgroup=cafes
09f55e0e23,food,Zinc Cafe,zinc-cafe,llyn-peninsula,content/food/cafes.csv,1.00,csv-only,subgroup=cafes
d46d735e2d,images,A quiet afternoon on Aberdaron beach - geograph.org.uk - 7701304.jpg,aberdaron,,content/images/beaches-north.csv,1.00,csv-only,subgroup=beaches-north
d46d735e2d,images,Aberdaron Beach - geograph.org.uk - 2111983.jpg,aberdaron,,content/images/beaches-north.csv,1.00,csv-only,subgroup=beaches-north
d46d735e2d,images,Aberdaron Beach - geograph.org.uk - 6231204.jpg,aberdaron,,content/images/beaches-north.csv,1.00,csv-only,subgroup=beaches-north
d46d735e2d,images,Aberdaron beach - geograph.org.uk - 2117335.jpg,aberdaron,,content/images/beaches-north.csv,1.00,csv-only,subgroup=beaches-north
d46d735e2d,images,Aberdaron beach - geograph.org.uk - 6231198.jpg,aberdaron,,content/images/beaches-north.csv,1.00,csv-only,subgroup=beaches-north
d46d735e2d,images,Aberdaron beach - geograph.org.uk - 7182440.jpg,aberdaron,,content/images/beaches-north.csv,1.00,csv-only,subgroup=beaches-north
d46d735e2d,images,Aberdaron beach - geograph.org.uk - 7182837.jpg,aberdaron,,content/images/beaches-north.csv,1.00,csv-only,subgroup=beaches-north
d46d735e2d,images,Aberdaron beach and hotel - geograph.org.uk - 2117324.jpg,aberdaron,,content/images/beaches-north.csv,1.00,csv-only,subgroup=beaches-north
d46d735e2d,images,Aberdaron beach at low tide - geograph.org.uk - 6234294.jpg,aberdaron,,content/images/beaches-north.csv,1.00,csv-only,subgroup=beaches-north
d46d735e2d,images,Aberdaron rear beach - geograph.org.uk - 3948596.jpg,aberdaron,,content/images/beaches-north.csv,1.00,csv-only,subgroup=beaches-north
cc511768e3,images,Aberdovey - panoramio (15).jpg,aberdovey,,content/images/beaches-north.csv,1.00,csv-only,subgroup=beaches-north
cc511768e3,images,Aberdovey Footpath - geograph.org.uk - 6271289.jpg,aberdovey,,content/images/beaches-north.csv,1.00,csv-only,subgroup=beaches-north
cc511768e3,images,Aberdovey beach - geograph.org.uk - 5265662.jpg,aberdovey,,content/images/beaches-north.csv,1.00,csv-only,subgroup=beaches-north
cc511768e3,images,Aberdovey beach - geograph.org.uk - 6274611.jpg,aberdovey,,content/images/beaches-north.csv,1.00,csv-only,subgroup=beaches-north
cc511768e3,images,Aberdovey beach - geograph.org.uk - 7338062.jpg,aberdovey,,content/images/beaches-north.csv,1.00,csv-only,subgroup=beaches-north
cc511768e3,images,"Aberdovey dune front, Dec 2012 - geograph.org.uk - 3258625.jpg",aberdovey,,content/images/beaches-north.csv,1.00,csv-only,subgroup=beaches-north
cc511768e3,images,Aberdovey dunes - geograph.org.uk - 2936941.jpg,aberdovey,,content/images/beaches-north.csv,1.00,csv-only,subgroup=beaches-north
cc511768e3,images,Aberdyfi (Aberdovey) beach on a windy day - geograph.org.uk - 5916261.jpg,aberdovey,,content/images/beaches-north.csv,1.00,csv-only,subgroup=beaches-north
cc511768e3,images,Across the Dyfi to Aberdovey town - geograph.org.uk - 5647442.jpg,aberdovey,,content/images/beaches-north.csv,1.00,csv-only,subgroup=beaches-north
cc511768e3,images,Across the Estuary to Aberdovey - geograph.org.uk - 4258729.jpg,aberdovey,,content/images/beaches-north.csv,1.00,csv-only,subgroup=beaches-north
cfd56f5beb,images,,abereiddy,,content/images/beaches-south.csv,1.00,csv-only,subgroup=beaches-south
cfd56f5beb,images,,abereiddy,,content/images/beaches-south.csv,1.00,csv-only,subgroup=beaches-south
cfd56f5beb,images,,abereiddy,,content/images/beaches-south.csv,1.00,csv-only,subgroup=beaches-south
cfd56f5beb,images,,abereiddy,,content/images/beaches-south.csv,1.00,csv-only,subgroup=beaches-south
cfd56f5beb,images,,abereiddy,,content/images/beaches-south.csv,1.00,csv-only,subgroup=beaches-south
cfd56f5beb,images,,abereiddy,,content/images/beaches-south.csv,1.00,csv-only,subgroup=beaches-south
cfd56f5beb,images,,abereiddy,,content/images/beaches-south.csv,1.00,csv-only,subgroup=beaches-south
cfd56f5beb,images,,abereiddy,,content/images/beaches-south.csv,1.00,csv-only,subgroup=beaches-south
cfd56f5beb,images,,abereiddy,,content/images/beaches-south.csv,1.00,csv-only,subgroup=beaches-south
cfd56f5beb,images,,abereiddy,,content/images/beaches-south.csv,1.00,csv-only,subgroup=beaches-south
71d1830eb2,images,Aberffraw Bay.jpg,aberffraw,,content/images/beaches-north.csv,1.00,csv-only,subgroup=beaches-north
71d1830eb2,images,Aberffraw Sands (Traeth Mawr) - geograph.org.uk - 4088963.jpg,aberffraw,,content/images/beaches-north.csv,1.00,csv-only,subgroup=beaches-north
71d1830eb2,images,Aberffraw Sands (Traeth Mawr) - geograph.org.uk - 4088976.jpg,aberffraw,,content/images/beaches-north.csv,1.00,csv-only,subgroup=beaches-north
71d1830eb2,images,Aberffraw Sands (Traeth Mawr) - geograph.org.uk - 5457312.jpg,aberffraw,,content/images/beaches-north.csv,1.00,csv-only,subgroup=beaches-north
71d1830eb2,images,Aberffraw sands - geograph.org.uk - 6582994.jpg,aberffraw,,content/images/beaches-north.csv,1.00,csv-only,subgroup=beaches-north
71d1830eb2,images,Common Whelk on Traeth Mawr - geograph.org.uk - 5458979.jpg,aberffraw,,content/images/beaches-north.csv,1.00,csv-only,subgroup=beaches-north
71d1830eb2,images,Low tide at Traeth Mawr - geograph.org.uk - 6583029.jpg,aberffraw,,content/images/beaches-north.csv,1.00,csv-only,subgroup=beaches-north
71d1830eb2,images,Rocks at the southern end of Traeth Mawr - geograph.org.uk - 6621372.jpg,aberffraw,,content/images/beaches-north.csv,1.00,csv-only,subgroup=beaches-north
71d1830eb2,images,Small Hermit Crab on Traeth Mawr - geograph.org.uk - 5458958.jpg,aberffraw,,content/images/beaches-north.csv,1.00,csv-only,subgroup=beaches-north
71d1830eb2,images,"Sunlight on the water, Traeth Mawr - geograph.org.uk - 6621364.jpg",aberffraw,,content/images/beaches-north.csv,1.00,csv-only,subgroup=beaches-north
dfe0eb346d,images,,abermawr,,content/images/beaches-south.csv,1.00,csv-only,subgroup=beaches-south
dfe0eb346d,images,,abermawr,,content/images/beaches-south.csv,1.00,csv-only,subgroup=beaches-south
dfe0eb346d,images,,abermawr,,content/images/beaches-south.csv,1.00,csv-only,subgroup=beaches-south
dfe0eb346d,images,,abermawr,,content/images/beaches-south.csv,1.00,csv-only,subgroup=beaches-south
dfe0eb346d,images,,abermawr,,content/images/beaches-south.csv,1.00,csv-only,subgroup=beaches-south
dfe0eb346d,images,,abermawr,,content/images/beaches-south.csv,1.00,csv-only,subgroup=beaches-south
dfe0eb346d,images,,abermawr,,content/images/beaches-south.csv,1.00,csv-only,subgroup=beaches-south
dfe0eb346d,images,,abermawr,,content/images/beaches-south.csv,1.00,csv-only,subgroup=beaches-south
dfe0eb346d,images,,abermawr,,content/images/beaches-south.csv,1.00,csv-only,subgroup=beaches-south
dfe0eb346d,images,,abermawr,,content/images/beaches-south.csv,1.00,csv-only,subgroup=beaches-south
9a70ba282d,images,Aberporth - East beach - geograph.org.uk - 2454946.jpg,aberporth,,content/images/beaches-north.csv,1.00,csv-only,subgroup=beaches-north
9a70ba282d,images,Aberporth - West beach - geograph.org.uk - 2456457.jpg,aberporth,,content/images/beaches-north.csv,1.00,csv-only,subgroup=beaches-north
9a70ba282d,images,Aberporth - panoramio.jpg,aberporth,,content/images/beaches-north.csv,1.00,csv-only,subgroup=beaches-north
9a70ba282d,images,Aberporth - panoramio (1).jpg,aberporth,,content/images/beaches-north.csv,1.00,csv-only,subgroup=beaches-north
9a70ba282d,images,Aberporth - panoramio (14).jpg,aberporth,,content/images/beaches-north.csv,1.00,csv-only,subgroup=beaches-north
9a70ba282d,images,Aberporth - panoramio (2).jpg,aberporth,,content/images/beaches-north.csv,1.00,csv-only,subgroup=beaches-north
9a70ba282d,images,Aberporth - panoramio (4).jpg,aberporth,,content/images/beaches-north.csv,1.00,csv-only,subgroup=beaches-north
9a70ba282d,images,Aberporth - panoramio (6).jpg,aberporth,,content/images/beaches-north.csv,1.00,csv-only,subgroup=beaches-north
9a70ba282d,images,Aberporth Bay - geograph.org.uk - 7381870.jpg,aberporth,,content/images/beaches-north.csv,1.00,csv-only,subgroup=beaches-north
9a70ba282d,images,Aberporth Beach - geograph.org.uk - 5776002.jpg,aberporth,,content/images/beaches-north.csv,1.00,csv-only,subgroup=beaches-north
04ea95e05f,images,Main beach at Abersoch in 1960 - geograph.org.uk - 3301904.jpg,abersoch-main,,content/images/beaches-north.csv,1.00,csv-only,subgroup=beaches-north
04ea95e05f,images,A view of Abersoch beach - geograph.org.uk - 7182485.jpg,abersoch-main,,content/images/beaches-north.csv,1.00,csv-only,subgroup=beaches-north
04ea95e05f,images,Abersoch - Explore - 25-3-24 - Flickr - ohefin.jpg,abersoch-main,,content/images/beaches-north.csv,1.00,csv-only,subgroup=beaches-north
04ea95e05f,images,Abersoch Beach Huts - geograph.org.uk - 7834500.jpg,abersoch-main,,content/images/beaches-north.csv,1.00,csv-only,subgroup=beaches-north
04ea95e05f,images,Abersoch Wikivoyage Banner.jpg,abersoch-main,,content/images/beaches-north.csv,1.00,csv-only,subgroup=beaches-north
04ea95e05f,images,Abersoch beach - geograph.org.uk - 6231299.jpg,abersoch-main,,content/images/beaches-north.csv,1.00,csv-only,subgroup=beaches-north
04ea95e05f,images,Abersoch beach - geograph.org.uk - 6232976.jpg,abersoch-main,,content/images/beaches-north.csv,1.00,csv-only,subgroup=beaches-north
04ea95e05f,images,Access over private land to the south beach at Abersoch - geograph.org.uk - 2019479.jpg,abersoch-main,,content/images/beaches-north.csv,1.00,csv-only,subgroup=beaches-north
04ea95e05f,images,Afon Soch at Abersoch beach - geograph.org.uk - 7023089.jpg,abersoch-main,,content/images/beaches-north.csv,1.00,csv-only,subgroup=beaches-north
04ea95e05f,images,Beach Huts South of Abersoch - geograph.org.uk - 6628722.jpg,abersoch-main,,content/images/beaches-north.csv,1.00,csv-only,subgroup=beaches-north
f7235982b1,images,"Aberystwyth, North Beach, shingle piled up by autumn gales - geograph.org.uk - 3234097.jpg",aberystwyth-north,,content/images/beaches-north.csv,1.00,csv-only,subgroup=beaches-north
f7235982b1,images,"Aberystwyth, North Beach - geograph.org.uk - 3236319.jpg",aberystwyth-north,,content/images/beaches-north.csv,1.00,csv-only,subgroup=beaches-north
f7235982b1,images,"Aberystwyth, North Beach and Constitution Hill beyond - geograph.org.uk - 2994305.jpg",aberystwyth-north,,content/images/beaches-north.csv,1.00,csv-only,subgroup=beaches-north
f7235982b1,images,"Aberystwyth, looking along North Beach to Constitution Hill - geograph.org.uk - 3233984.jpg",aberystwyth-north,,content/images/beaches-north.csv,1.00,csv-only,subgroup=beaches-north
f7235982b1,images,"Aberystwyth North Beach, early morning - geograph.org.uk - 2996611.jpg",aberystwyth-north,,content/images/beaches-north.csv,1.00,csv-only,subgroup=beaches-north
f7235982b1,images,"Aberystwyth North Beach, early morning - geograph.org.uk - 2996614.jpg",aberystwyth-north,,content/images/beaches-north.csv,1.00,csv-only,subgroup=beaches-north
f7235982b1,images,"Aberystwyth North Beach, early morning - geograph.org.uk - 2996616.jpg",aberystwyth-north,,content/images/beaches-north.csv,1.00,csv-only,subgroup=beaches-north
f7235982b1,images,"Aberystwyth North Beach, from the north end of the promenade - geograph.org.uk - 3333109.jpg",aberystwyth-north,,content/images/beaches-north.csv,1.00,csv-only,subgroup=beaches-north
f7235982b1,images,Aberystwyth North Beach - geograph.org.uk - 4530326.jpg,aberystwyth-north,,content/images/beaches-north.csv,1.00,csv-only,subgroup=beaches-north
f7235982b1,images,Aberystwyth North Beach - geograph.org.uk - 4530334.jpg,aberystwyth-north,,content/images/beaches-north.csv,1.00,csv-only,subgroup=beaches-north
707991bb5d,images,,amroth,,content/images/beaches-south.csv,1.00,csv-only,subgroup=beaches-south
707991bb5d,images,,amroth,,content/images/beaches-south.csv,1.00,csv-only,subgroup=beaches-south
707991bb5d,images,,amroth,,content/images/beaches-south.csv,1.00,csv-only,subgroup=beaches-south
707991bb5d,images,,amroth,,content/images/beaches-south.csv,1.00,csv-only,subgroup=beaches-south
707991bb5d,images,,amroth,,content/images/beaches-south.csv,1.00,csv-only,subgroup=beaches-south
707991bb5d,images,,amroth,,content/images/beaches-south.csv,1.00,csv-only,subgroup=beaches-south
707991bb5d,images,,amroth,,content/images/beaches-south.csv,1.00,csv-only,subgroup=beaches-south
707991bb5d,images,,amroth,,content/images/beaches-south.csv,1.00,csv-only,subgroup=beaches-south
707991bb5d,images,,amroth,,content/images/beaches-south.csv,1.00,csv-only,subgroup=beaches-south
707991bb5d,images,,amroth,,content/images/beaches-south.csv,1.00,csv-only,subgroup=beaches-south
87c4153a19,images,,aran-fawddwy,,content/images/mountains.csv,1.00,csv-only,subgroup=mountains
87c4153a19,images,,aran-fawddwy,,content/images/mountains.csv,1.00,csv-only,subgroup=mountains
87c4153a19,images,,aran-fawddwy,,content/images/mountains.csv,1.00,csv-only,subgroup=mountains
87c4153a19,images,,aran-fawddwy,,content/images/mountains.csv,1.00,csv-only,subgroup=mountains
87c4153a19,images,,aran-fawddwy,,content/images/mountains.csv,1.00,csv-only,subgroup=mountains
87c4153a19,images,,aran-fawddwy,,content/images/mountains.csv,1.00,csv-only,subgroup=mountains
87c4153a19,images,,aran-fawddwy,,content/images/mountains.csv,1.00,csv-only,subgroup=mountains
87c4153a19,images,,aran-fawddwy,,content/images/mountains.csv,1.00,csv-only,subgroup=mountains
87c4153a19,images,,aran-fawddwy,,content/images/mountains.csv,1.00,csv-only,subgroup=mountains
517d752140,images,,arenig-fawr,,content/images/mountains.csv,1.00,csv-only,subgroup=mountains
517d752140,images,,arenig-fawr,,content/images/mountains.csv,1.00,csv-only,subgroup=mountains
517d752140,images,,arenig-fawr,,content/images/mountains.csv,1.00,csv-only,subgroup=mountains
517d752140,images,,arenig-fawr,,content/images/mountains.csv,1.00,csv-only,subgroup=mountains
517d752140,images,,arenig-fawr,,content/images/mountains.csv,1.00,csv-only,subgroup=mountains
517d752140,images,,arenig-fawr,,content/images/mountains.csv,1.00,csv-only,subgroup=mountains
517d752140,images,,arenig-fawr,,content/images/mountains.csv,1.00,csv-only,subgroup=mountains
517d752140,images,,arenig-fawr,,content/images/mountains.csv,1.00,csv-only,subgroup=mountains
517d752140,images,,arenig-fawr,,content/images/mountains.csv,1.00,csv-only,subgroup=mountains
517d752140,images,,arenig-fawr,,content/images/mountains.csv,1.00,csv-only,subgroup=mountains
ee21ef3d0f,images,,barafundle,,content/images/swimming.csv,1.00,csv-only,subgroup=swimming
3a90011f8a,images,,barafundle-bay,,content/images/beaches-south.csv,1.00,csv-only,subgroup=beaches-south
3a90011f8a,images,,barafundle-bay,,content/images/beaches-south.csv,1.00,csv-only,subgroup=beaches-south
3a90011f8a,images,,barafundle-bay,,content/images/beaches-south.csv,1.00,csv-only,subgroup=beaches-south
3a90011f8a,images,,barafundle-bay,,content/images/beaches-south.csv,1.00,csv-only,subgroup=beaches-south
55f880fbbe,images,"Abermaw Beach, Barmouth - geograph.org.uk - 7607016.jpg",barmouth,,content/images/beaches-north.csv,1.00,csv-only,subgroup=beaches-north
55f880fbbe,images,Barmouth Beach (48743781341).jpg,barmouth,,content/images/beaches-north.csv,1.00,csv-only,subgroup=beaches-north
55f880fbbe,images,Barmouth Beach - geograph.org.uk - 1988787.jpg,barmouth,,content/images/beaches-north.csv,1.00,csv-only,subgroup=beaches-north
55f880fbbe,images,Barmouth Beach - geograph.org.uk - 2415324.jpg,barmouth,,content/images/beaches-north.csv,1.00,csv-only,subgroup=beaches-north
55f880fbbe,images,Barmouth Beach - geograph.org.uk - 6025811.jpg,barmouth,,content/images/beaches-north.csv,1.00,csv-only,subgroup=beaches-north
55f880fbbe,images,Barmouth Beach - geograph.org.uk - 7403704.jpg,barmouth,,content/images/beaches-north.csv,1.00,csv-only,subgroup=beaches-north
55f880fbbe,images,Barmouth Beach - geograph.org.uk - 8031443.jpg,barmouth,,content/images/beaches-north.csv,1.00,csv-only,subgroup=beaches-north
55f880fbbe,images,Barmouth Beach and Harbour - geograph.org.uk - 7403707.jpg,barmouth,,content/images/beaches-north.csv,1.00,csv-only,subgroup=beaches-north
55f880fbbe,images,Barmouth beach (51698382372).jpg,barmouth,,content/images/beaches-north.csv,1.00,csv-only,subgroup=beaches-north
55f880fbbe,images,Barmouth beach - panoramio.jpg,barmouth,,content/images/beaches-north.csv,1.00,csv-only,subgroup=beaches-north
4e063e3a64,images,Anglesey NFU branch annual dinner at Benllech (1587580).jpg,benllech,,content/images/beaches-north.csv,1.00,csv-only,subgroup=beaches-north
4e063e3a64,images,Anglesey NFU branch annual dinner at Benllech (1587582).jpg,benllech,,content/images/beaches-north.csv,1.00,csv-only,subgroup=beaches-north
4e063e3a64,images,Anglesey NFU branch annual dinner at Benllech (1587583).jpg,benllech,,content/images/beaches-north.csv,1.00,csv-only,subgroup=beaches-north
4e063e3a64,images,Anglesey NFU branch annual dinner at Benllech (1587584).jpg,benllech,,content/images/beaches-north.csv,1.00,csv-only,subgroup=beaches-north
4e063e3a64,images,Anglesey NFU branch annual dinner at Benllech (1587585).jpg,benllech,,content/images/beaches-north.csv,1.00,csv-only,subgroup=beaches-north
4e063e3a64,images,Beach at Benllech - geograph.org.uk - 3757578.jpg,benllech,,content/images/beaches-north.csv,1.00,csv-only,subgroup=beaches-north
4e063e3a64,images,Benllech views (1505484).jpg,benllech,,content/images/beaches-north.csv,1.00,csv-only,subgroup=beaches-north
4e063e3a64,images,Benllech views (1505485).jpg,benllech,,content/images/beaches-north.csv,1.00,csv-only,subgroup=beaches-north
4e063e3a64,images,Benllech views (1505486).jpg,benllech,,content/images/beaches-north.csv,1.00,csv-only,subgroup=beaches-north
4e063e3a64,images,Benllech views (1505487).jpg,benllech,,content/images/beaches-north.csv,1.00,csv-only,subgroup=beaches-north
72e3cca766,images,At the edge of the sea at Bennar Beach - geograph.org.uk - 7653493.jpg,bennar,,content/images/beaches-north.csv,1.00,csv-only,subgroup=beaches-north
72e3cca766,images,Bennar Beach... the boardwalk through the sand dunes - geograph.org.uk - 4664757.jpg,bennar,,content/images/beaches-north.csv,1.00,csv-only,subgroup=beaches-north
72e3cca766,images,Bennar Beach - geograph.org.uk - 6270262.jpg,bennar,,content/images/beaches-north.csv,1.00,csv-only,subgroup=beaches-north
72e3cca766,images,Bennar Beach - geograph.org.uk - 7653060.jpg,bennar,,content/images/beaches-north.csv,1.00,csv-only,subgroup=beaches-north
72e3cca766,images,"Bennar beach, Gwynedd - geograph.org.uk - 4754396.jpg",bennar,,content/images/beaches-north.csv,1.00,csv-only,subgroup=beaches-north
72e3cca766,images,"Dunes, Bennar Beach - geograph.org.uk - 7653058.jpg",bennar,,content/images/beaches-north.csv,1.00,csv-only,subgroup=beaches-north
72e3cca766,images,Large shingle bank at the back of Bennar Beach - geograph.org.uk - 7653063.jpg,bennar,,content/images/beaches-north.csv,1.00,csv-only,subgroup=beaches-north
72e3cca766,images,Nearly deserted Bennar Beach - geograph.org.uk - 7653487.jpg,bennar,,content/images/beaches-north.csv,1.00,csv-only,subgroup=beaches-north
72e3cca766,images,The Welsh Coast Path on Bennar Beach - geograph.org.uk - 7653489.jpg,bennar,,content/images/beaches-north.csv,1.00,csv-only,subgroup=beaches-north
72e3cca766,images,Tide out at Bennar Beach - geograph.org.uk - 7653492.jpg,bennar,,content/images/beaches-north.csv,1.00,csv-only,subgroup=beaches-north
b86b48b68a,images,Black Rock Sands (11927509374).jpg,black-rock-sands,,content/images/beaches-north.csv,1.00,csv-only,subgroup=beaches-north
b86b48b68a,images,Morfa Bychan (Black Rock Sands) - geograph.org.uk - 7332368.jpg,black-rock-sands,,content/images/beaches-north.csv,1.00,csv-only,subgroup=beaches-north
b86b48b68a,images,"Morfa Bychan (Black Rocks), Cricieth - Pen Llŷn a`r Sarnau - Lleyn Peninsula and the Sarnau Natura 2000 adopted site 01.png",black-rock-sands,,content/images/beaches-north.csv,1.00,csv-only,subgroup=beaches-north
b86b48b68a,images,"Morfa Bychan (Black Rocks), Cricieth - Pen Llŷn a`r Sarnau - Lleyn Peninsula and the Sarnau Natura 2000 adopted site 02.png",black-rock-sands,,content/images/beaches-north.csv,1.00,csv-only,subgroup=beaches-north
b86b48b68a,images,"Morfa Bychan (Black Rocks), Cricieth - Pen Llŷn a`r Sarnau - Lleyn Peninsula and the Sarnau Natura 2000 adopted site 03.png",black-rock-sands,,content/images/beaches-north.csv,1.00,csv-only,subgroup=beaches-north
b86b48b68a,images,"Morfa Bychan (Black Rocks), Cricieth - Pen Llŷn a`r Sarnau - Lleyn Peninsula and the Sarnau Natura 2000 adopted site 04.png",black-rock-sands,,content/images/beaches-north.csv,1.00,csv-only,subgroup=beaches-north
b86b48b68a,images,"Morfa Bychan (Black Rocks), Cricieth - Pen Llŷn a`r Sarnau - Lleyn Peninsula and the Sarnau Natura 2000 adopted site 05.png",black-rock-sands,,content/images/beaches-north.csv,1.00,csv-only,subgroup=beaches-north
b86b48b68a,images,"Morfa Bychan (Black Rocks), Cricieth - Pen Llŷn a`r Sarnau - Lleyn Peninsula and the Sarnau Natura 2000 adopted site 06.png",black-rock-sands,,content/images/beaches-north.csv,1.00,csv-only,subgroup=beaches-north
b86b48b68a,images,"Morfa Bychan (Black Rocks), Cricieth - Pen Llŷn a`r Sarnau - Lleyn Peninsula and the Sarnau Natura 2000 adopted site 07.png",black-rock-sands,,content/images/beaches-north.csv,1.00,csv-only,subgroup=beaches-north
b86b48b68a,images,"Morfa Bychan (Black Rocks), Cricieth - Pen Llŷn a`r Sarnau - Lleyn Peninsula and the Sarnau Natura 2000 adopted site 08.png",black-rock-sands,,content/images/beaches-north.csv,1.00,csv-only,subgroup=beaches-north
da7822c1e3,images,,blorenge,,content/images/mountains.csv,1.00,csv-only,subgroup=mountains
da7822c1e3,images,,blorenge,,content/images/mountains.csv,1.00,csv-only,subgroup=mountains
da7822c1e3,images,,blorenge,,content/images/mountains.csv,1.00,csv-only,subgroup=mountains
da7822c1e3,images,,blorenge,,content/images/mountains.csv,1.00,csv-only,subgroup=mountains
da7822c1e3,images,,blorenge,,content/images/mountains.csv,1.00,csv-only,subgroup=mountains
da7822c1e3,images,,blorenge,,content/images/mountains.csv,1.00,csv-only,subgroup=mountains
da7822c1e3,images,,blorenge,,content/images/mountains.csv,1.00,csv-only,subgroup=mountains
da7822c1e3,images,,blorenge,,content/images/mountains.csv,1.00,csv-only,subgroup=mountains
da7822c1e3,images,,blorenge,,content/images/mountains.csv,1.00,csv-only,subgroup=mountains
da7822c1e3,images,,blorenge,,content/images/mountains.csv,1.00,csv-only,subgroup=mountains
25671b700c,images,,blue-lagoon-abereiddy,,content/images/swimming.csv,1.00,csv-only,subgroup=swimming
28f4a2d6f1,images,Blue Pool - or White Pool^ - geograph.org.uk - 4767235.jpg,blue-pool-ceibwr,,content/images/beaches-north.csv,1.00,csv-only,subgroup=beaches-north
28f4a2d6f1,images,Blue pool in Golwen Quarry - geograph.org.uk - 2878516.jpg,blue-pool-ceibwr,,content/images/beaches-north.csv,1.00,csv-only,subgroup=beaches-north
28f4a2d6f1,images,Cefn Bridge and Fourteen Locks Pool.jpg,blue-pool-ceibwr,,content/images/beaches-north.csv,1.00,csv-only,subgroup=beaches-north
28f4a2d6f1,images,Downstream from the Blue Pool resurgence in flood conditions - geograph.org.uk - 4771565.jpg,blue-pool-ceibwr,,content/images/beaches-north.csv,1.00,csv-only,subgroup=beaches-north
28f4a2d6f1,images,Front of the Blue Lagoon swimming centre at Bluestone - geograph.org.uk - 7508770.jpg,blue-pool-ceibwr,,content/images/beaches-north.csv,1.00,csv-only,subgroup=beaches-north
28f4a2d6f1,images,Swimming in Pool at Blue Pool Corner - geograph.org.uk - 7320078.jpg,blue-pool-ceibwr,,content/images/beaches-north.csv,1.00,csv-only,subgroup=beaches-north
28f4a2d6f1,images,CeibwrCliffs.jpg,blue-pool-ceibwr,,content/images/beaches-north.csv,1.00,csv-only,subgroup=beaches-north
28f4a2d6f1,images,"Ceibwr Bay, entrance to Ceibwr Cove, Pembrokeshire (Tony Holkham 27 Oct 2012).jpg",blue-pool-ceibwr,,content/images/beaches-north.csv,1.00,csv-only,subgroup=beaches-north
28f4a2d6f1,images,Ceibwr Bay - geograph.org.uk - 6257337.jpg,blue-pool-ceibwr,,content/images/beaches-north.csv,1.00,csv-only,subgroup=beaches-north
28f4a2d6f1,images,Ceibwr Bay - geograph.org.uk - 6257345.jpg,blue-pool-ceibwr,,content/images/beaches-north.csv,1.00,csv-only,subgroup=beaches-north
e1bf93408b,images,,blue-pool-ceredigion,,content/images/swimming.csv,1.00,csv-only,subgroup=swimming
8fbcf8cf38,images,"Beach cricket, Borth - geograph.org.uk - 2575601.jpg",borth,,content/images/beaches-north.csv,1.00,csv-only,subgroup=beaches-north
8fbcf8cf38,images,Borth Beach - geograph.org.uk - 2536104.jpg,borth,,content/images/beaches-north.csv,1.00,csv-only,subgroup=beaches-north
8fbcf8cf38,images,Borth Beach - geograph.org.uk - 4258703.jpg,borth,,content/images/beaches-north.csv,1.00,csv-only,subgroup=beaches-north
8fbcf8cf38,images,Borth Beach - geograph.org.uk - 4579295.jpg,borth,,content/images/beaches-north.csv,1.00,csv-only,subgroup=beaches-north
8fbcf8cf38,images,Borth Beach - geograph.org.uk - 5603369.jpg,borth,,content/images/beaches-north.csv,1.00,csv-only,subgroup=beaches-north
8fbcf8cf38,images,Borth Beach - geograph.org.uk - 5603376.jpg,borth,,content/images/beaches-north.csv,1.00,csv-only,subgroup=beaches-north
8fbcf8cf38,images,Borth Beach - geograph.org.uk - 5612408.jpg,borth,,content/images/beaches-north.csv,1.00,csv-only,subgroup=beaches-north
8fbcf8cf38,images,Borth Beach in January - geograph.org.uk - 5244833.jpg,borth,,content/images/beaches-north.csv,1.00,csv-only,subgroup=beaches-north
8fbcf8cf38,images,Borth Beach looking north - geograph.org.uk - 6024944.jpg,borth,,content/images/beaches-north.csv,1.00,csv-only,subgroup=beaches-north
8fbcf8cf38,images,Borth beach - geograph.org.uk - 3032446.jpg,borth,,content/images/beaches-north.csv,1.00,csv-only,subgroup=beaches-north
f521a5a26f,images,,bracelet-bay,,content/images/beaches-south.csv,1.00,csv-only,subgroup=beaches-south
f521a5a26f,images,,bracelet-bay,,content/images/beaches-south.csv,1.00,csv-only,subgroup=beaches-south
f521a5a26f,images,,bracelet-bay,,content/images/beaches-south.csv,1.00,csv-only,subgroup=beaches-south
f521a5a26f,images,,bracelet-bay,,content/images/beaches-south.csv,1.00,csv-only,subgroup=beaches-south
f521a5a26f,images,,bracelet-bay,,content/images/beaches-south.csv,1.00,csv-only,subgroup=beaches-south
f521a5a26f,images,,bracelet-bay,,content/images/beaches-south.csv,1.00,csv-only,subgroup=beaches-south
f521a5a26f,images,,bracelet-bay,,content/images/beaches-south.csv,1.00,csv-only,subgroup=beaches-south
f521a5a26f,images,,bracelet-bay,,content/images/beaches-south.csv,1.00,csv-only,subgroup=beaches-south
c68e6c2470,images,,broad-haven-north,,content/images/beaches-south.csv,1.00,csv-only,subgroup=beaches-south
c68e6c2470,images,,broad-haven-north,,content/images/beaches-south.csv,1.00,csv-only,subgroup=beaches-south
c68e6c2470,images,,broad-haven-north,,content/images/beaches-south.csv,1.00,csv-only,subgroup=beaches-south
c68e6c2470,images,,broad-haven-north,,content/images/beaches-south.csv,1.00,csv-only,subgroup=beaches-south
c68e6c2470,images,,broad-haven-north,,content/images/beaches-south.csv,1.00,csv-only,subgroup=beaches-south
c68e6c2470,images,,broad-haven-north,,content/images/beaches-south.csv,1.00,csv-only,subgroup=beaches-south
c68e6c2470,images,,broad-haven-north,,content/images/beaches-south.csv,1.00,csv-only,subgroup=beaches-south
c68e6c2470,images,,broad-haven-north,,content/images/beaches-south.csv,1.00,csv-only,subgroup=beaches-south
c68e6c2470,images,,broad-haven-north,,content/images/beaches-south.csv,1.00,csv-only,subgroup=beaches-south
c68e6c2470,images,,broad-haven-north,,content/images/beaches-south.csv,1.00,csv-only,subgroup=beaches-south
b2346ac48c,images,,broughton-bay,,content/images/beaches-south.csv,1.00,csv-only,subgroup=beaches-south
7be2bae5ef,images,A View at Porth Trecastell - geograph.org.uk - 7016964.jpg,cable-bay,,content/images/beaches-north.csv,1.00,csv-only,subgroup=beaches-north
7be2bae5ef,images,Beach at Porth Trecastell - geograph.org.uk - 7375813.jpg,cable-bay,,content/images/beaches-north.csv,1.00,csv-only,subgroup=beaches-north
7be2bae5ef,images,Cable Bay in 2012.JPG,cable-bay,,content/images/beaches-north.csv,1.00,csv-only,subgroup=beaches-north
7be2bae5ef,images,Cable Bay info panel 77.JPG,cable-bay,,content/images/beaches-north.csv,1.00,csv-only,subgroup=beaches-north
7be2bae5ef,images,Cable Bay sample of original telegraph cable 78.JPG,cable-bay,,content/images/beaches-north.csv,1.00,csv-only,subgroup=beaches-north
7be2bae5ef,images,"Car Park, Porth Trecastell - geograph.org.uk - 7113287.jpg",cable-bay,,content/images/beaches-north.csv,1.00,csv-only,subgroup=beaches-north
7be2bae5ef,images,Isle of Anglesey Coastal Path above Porth Trecastell - geograph.org.uk - 3924289.jpg,cable-bay,,content/images/beaches-north.csv,1.00,csv-only,subgroup=beaches-north
7be2bae5ef,images,Porth Terfyn with Porth Trecastell behind - geograph.org.uk - 7375811.jpg,cable-bay,,content/images/beaches-north.csv,1.00,csv-only,subgroup=beaches-north
7be2bae5ef,images,Porth Trecastell (Cable Bay) - geograph.org.uk - 6581657.jpg,cable-bay,,content/images/beaches-north.csv,1.00,csv-only,subgroup=beaches-north
7be2bae5ef,images,Porth Trecastell (not Cable Bay) - geograph.org.uk - 4680255.jpg,cable-bay,,content/images/beaches-north.csv,1.00,csv-only,subgroup=beaches-north
99267b46b0,images,,cadair-idris-minffordd,,content/images/mountains.csv,1.00,csv-only,subgroup=mountains
99267b46b0,images,,cadair-idris-minffordd,,content/images/mountains.csv,1.00,csv-only,subgroup=mountains
99267b46b0,images,,cadair-idris-minffordd,,content/images/mountains.csv,1.00,csv-only,subgroup=mountains
99267b46b0,images,,cadair-idris-minffordd,,content/images/mountains.csv,1.00,csv-only,subgroup=mountains
99267b46b0,images,,cadair-idris-minffordd,,content/images/mountains.csv,1.00,csv-only,subgroup=mountains
99267b46b0,images,,cadair-idris-minffordd,,content/images/mountains.csv,1.00,csv-only,subgroup=mountains
99267b46b0,images,,cadair-idris-minffordd,,content/images/mountains.csv,1.00,csv-only,subgroup=mountains
99267b46b0,images,,cadair-idris-minffordd,,content/images/mountains.csv,1.00,csv-only,subgroup=mountains
99267b46b0,images,,cadair-idris-minffordd,,content/images/mountains.csv,1.00,csv-only,subgroup=mountains
99267b46b0,images,,cadair-idris-minffordd,,content/images/mountains.csv,1.00,csv-only,subgroup=mountains
e8206d61db,images,,cadair-idris-pony,,content/images/mountains.csv,1.00,csv-only,subgroup=mountains
e8206d61db,images,,cadair-idris-pony,,content/images/mountains.csv,1.00,csv-only,subgroup=mountains
e8206d61db,images,,cadair-idris-pony,,content/images/mountains.csv,1.00,csv-only,subgroup=mountains
e8206d61db,images,,cadair-idris-pony,,content/images/mountains.csv,1.00,csv-only,subgroup=mountains
e8206d61db,images,,cadair-idris-pony,,content/images/mountains.csv,1.00,csv-only,subgroup=mountains
e8206d61db,images,,cadair-idris-pony,,content/images/mountains.csv,1.00,csv-only,subgroup=mountains
e8206d61db,images,,cadair-idris-pony,,content/images/mountains.csv,1.00,csv-only,subgroup=mountains
e8206d61db,images,,cadair-idris-pony,,content/images/mountains.csv,1.00,csv-only,subgroup=mountains
e8206d61db,images,,cadair-idris-pony,,content/images/mountains.csv,1.00,csv-only,subgroup=mountains
e8206d61db,images,,cadair-idris-pony,,content/images/mountains.csv,1.00,csv-only,subgroup=mountains
8e6590ee7e,images,,carmarthen-fans,,content/images/mountains.csv,1.00,csv-only,subgroup=mountains
5f6130e561,images,,carneddau-aber-falls,,content/images/mountains.csv,1.00,csv-only,subgroup=mountains
5f6130e561,images,,carneddau-aber-falls,,content/images/mountains.csv,1.00,csv-only,subgroup=mountains
5f6130e561,images,,carneddau-aber-falls,,content/images/mountains.csv,1.00,csv-only,subgroup=mountains
5f6130e561,images,,carneddau-aber-falls,,content/images/mountains.csv,1.00,csv-only,subgroup=mountains
5f6130e561,images,,carneddau-aber-falls,,content/images/mountains.csv,1.00,csv-only,subgroup=mountains
5f6130e561,images,,carneddau-aber-falls,,content/images/mountains.csv,1.00,csv-only,subgroup=mountains
5f6130e561,images,,carneddau-aber-falls,,content/images/mountains.csv,1.00,csv-only,subgroup=mountains
5f6130e561,images,,carneddau-aber-falls,,content/images/mountains.csv,1.00,csv-only,subgroup=mountains
5f6130e561,images,,carneddau-aber-falls,,content/images/mountains.csv,1.00,csv-only,subgroup=mountains
5f6130e561,images,,carneddau-aber-falls,,content/images/mountains.csv,1.00,csv-only,subgroup=mountains
e2f2a4bc36,images,,carneddau-ogwen,,content/images/mountains.csv,1.00,csv-only,subgroup=mountains
e2f2a4bc36,images,,carneddau-ogwen,,content/images/mountains.csv,1.00,csv-only,subgroup=mountains
e2f2a4bc36,images,,carneddau-ogwen,,content/images/mountains.csv,1.00,csv-only,subgroup=mountains
e2f2a4bc36,images,,carneddau-ogwen,,content/images/mountains.csv,1.00,csv-only,subgroup=mountains
762d7d56c4,images,,caswell-bay,,content/images/beaches-south.csv,1.00,csv-only,subgroup=beaches-south
762d7d56c4,images,,caswell-bay,,content/images/beaches-south.csv,1.00,csv-only,subgroup=beaches-south
762d7d56c4,images,,caswell-bay,,content/images/beaches-south.csv,1.00,csv-only,subgroup=beaches-south
762d7d56c4,images,,caswell-bay,,content/images/beaches-south.csv,1.00,csv-only,subgroup=beaches-south
762d7d56c4,images,,caswell-bay,,content/images/beaches-south.csv,1.00,csv-only,subgroup=beaches-south
762d7d56c4,images,,caswell-bay,,content/images/beaches-south.csv,1.00,csv-only,subgroup=beaches-south
762d7d56c4,images,,caswell-bay,,content/images/beaches-south.csv,1.00,csv-only,subgroup=beaches-south
762d7d56c4,images,,caswell-bay,,content/images/beaches-south.csv,1.00,csv-only,subgroup=beaches-south
762d7d56c4,images,,caswell-bay,,content/images/beaches-south.csv,1.00,csv-only,subgroup=beaches-south
762d7d56c4,images,,caswell-bay,,content/images/beaches-south.csv,1.00,csv-only,subgroup=beaches-south
a34f4b2812,images,Cemaes Bay seen from Traeth Mawr - geograph.org.uk - 7560177.jpg,cemaes-bay,,content/images/beaches-north.csv,1.00,csv-only,subgroup=beaches-north
a34f4b2812,images,Traeth Mawr Cemaes Bay - geograph.org.uk - 6423496.jpg,cemaes-bay,,content/images/beaches-north.csv,1.00,csv-only,subgroup=beaches-north
a34f4b2812,images,"Beautiful Cemaes Bay, Anglesey - geograph.org.uk - 5524973.jpg",cemaes-bay,,content/images/beaches-north.csv,1.00,csv-only,subgroup=beaches-north
a34f4b2812,images,"Cemaes Bay, Anglesey.jpg",cemaes-bay,,content/images/beaches-north.csv,1.00,csv-only,subgroup=beaches-north
a34f4b2812,images,Cemaes Bay (7991552325).jpg,cemaes-bay,,content/images/beaches-north.csv,1.00,csv-only,subgroup=beaches-north
a34f4b2812,images,Cemaes Bay - geograph.org.uk - 3485481.jpg,cemaes-bay,,content/images/beaches-north.csv,1.00,csv-only,subgroup=beaches-north
a34f4b2812,images,Cemaes Bay - geograph.org.uk - 5770806.jpg,cemaes-bay,,content/images/beaches-north.csv,1.00,csv-only,subgroup=beaches-north
a34f4b2812,images,Cemaes Bay - geograph.org.uk - 5771007.jpg,cemaes-bay,,content/images/beaches-north.csv,1.00,csv-only,subgroup=beaches-north
a34f4b2812,images,Cemaes Bay Brickworks - geograph.org.uk - 7172295.jpg,cemaes-bay,,content/images/beaches-north.csv,1.00,csv-only,subgroup=beaches-north
a34f4b2812,images,Cemaes Bay Harbour - geograph.org.uk - 3203927.jpg,cemaes-bay,,content/images/beaches-north.csv,1.00,csv-only,subgroup=beaches-north
a8bf97cdf6,images,Church Bay Anglesey Wales banner.jpg,church-bay,,content/images/beaches-north.csv,1.00,csv-only,subgroup=beaches-north
a8bf97cdf6,images,"Porth Swtan (Church Bay), Anglesey - geograph.org.uk - 6196011.jpg",church-bay,,content/images/beaches-north.csv,1.00,csv-only,subgroup=beaches-north
a8bf97cdf6,images,"Porth Swtan (Church Bay), Anglesey - geograph.org.uk - 6196044.jpg",church-bay,,content/images/beaches-north.csv,1.00,csv-only,subgroup=beaches-north
a8bf97cdf6,images,Porth Swtan - Church Bay 2015 1.jpg,church-bay,,content/images/beaches-north.csv,1.00,csv-only,subgroup=beaches-north
a8bf97cdf6,images,Porth Swtan - Church Bay 2015 2.jpg,church-bay,,content/images/beaches-north.csv,1.00,csv-only,subgroup=beaches-north
a8bf97cdf6,images,Porth Swtan - Church Bay 2015 3.jpg,church-bay,,content/images/beaches-north.csv,1.00,csv-only,subgroup=beaches-north
a8bf97cdf6,images,Porth Swtan - Church Bay 2015 4.jpg,church-bay,,content/images/beaches-north.csv,1.00,csv-only,subgroup=beaches-north
a8bf97cdf6,images,The Anglesey Coastal Path approaching Porth Swtan (Church Bay) - geograph.org.uk - 6174448.jpg,church-bay,,content/images/beaches-north.csv,1.00,csv-only,subgroup=beaches-north
a8bf97cdf6,images,The Anglesey Coastal Path approaching Porth Swtan (Church Bay) - geograph.org.uk - 6196024.jpg,church-bay,,content/images/beaches-north.csv,1.00,csv-only,subgroup=beaches-north
a8bf97cdf6,images,The Anglesey Coastal Path near Porth Swtan (Church Bay) - geograph.org.uk - 6196032.jpg,church-bay,,content/images/beaches-north.csv,1.00,csv-only,subgroup=beaches-north
a419e98767,images,"Afon Clarach, Clarach Bay - geograph.org.uk - 4577849.jpg",clarach,,content/images/beaches-north.csv,1.00,csv-only,subgroup=beaches-north
a419e98767,images,Approaching Clarach Bay Holiday Village - geograph.org.uk - 4431964.jpg,clarach,,content/images/beaches-north.csv,1.00,csv-only,subgroup=beaches-north
a419e98767,images,Beach and cliffs at Clarach Bay - geograph.org.uk - 5420645.jpg,clarach,,content/images/beaches-north.csv,1.00,csv-only,subgroup=beaches-north
a419e98767,images,Blue Hydrangeas at Clarach Bay - geograph.org.uk - 3025796.jpg,clarach,,content/images/beaches-north.csv,1.00,csv-only,subgroup=beaches-north
a419e98767,images,"Clarach Bay, south end - geograph.org.uk - 5420613.jpg",clarach,,content/images/beaches-north.csv,1.00,csv-only,subgroup=beaches-north
a419e98767,images,Clarach Bay - geograph.org.uk - 2288512.jpg,clarach,,content/images/beaches-north.csv,1.00,csv-only,subgroup=beaches-north
a419e98767,images,Clarach Bay - geograph.org.uk - 4577741.jpg,clarach,,content/images/beaches-north.csv,1.00,csv-only,subgroup=beaches-north
a419e98767,images,Clarach Bay - geograph.org.uk - 4577832.jpg,clarach,,content/images/beaches-north.csv,1.00,csv-only,subgroup=beaches-north
a419e98767,images,Clarach Bay Holiday Park - geograph.org.uk - 3025788.jpg,clarach,,content/images/beaches-north.csv,1.00,csv-only,subgroup=beaches-north
a419e98767,images,Clarach Bay Holiday Village - geograph.org.uk - 4431956.jpg,clarach,,content/images/beaches-north.csv,1.00,csv-only,subgroup=beaches-north
a55e9dd978,images,,cnicht-croesor,,content/images/mountains.csv,1.00,csv-only,subgroup=mountains
3b2a85813b,images,,corn-du-pen-y-fan,,content/images/mountains.csv,1.00,csv-only,subgroup=mountains
3b2a85813b,images,,corn-du-pen-y-fan,,content/images/mountains.csv,1.00,csv-only,subgroup=mountains
3b2a85813b,images,,corn-du-pen-y-fan,,content/images/mountains.csv,1.00,csv-only,subgroup=mountains
3b2a85813b,images,,corn-du-pen-y-fan,,content/images/mountains.csv,1.00,csv-only,subgroup=mountains
3b2a85813b,images,,corn-du-pen-y-fan,,content/images/mountains.csv,1.00,csv-only,subgroup=mountains
3b2a85813b,images,,corn-du-pen-y-fan,,content/images/mountains.csv,1.00,csv-only,subgroup=mountains
3b2a85813b,images,,corn-du-pen-y-fan,,content/images/mountains.csv,1.00,csv-only,subgroup=mountains
3b2a85813b,images,,corn-du-pen-y-fan,,content/images/mountains.csv,1.00,csv-only,subgroup=mountains
3b2a85813b,images,,corn-du-pen-y-fan,,content/images/mountains.csv,1.00,csv-only,subgroup=mountains
3b2a85813b,images,,corn-du-pen-y-fan,,content/images/mountains.csv,1.00,csv-only,subgroup=mountains
0ae643ab86,images,,craig-cerrig-gleisiad,,content/images/mountains.csv,1.00,csv-only,subgroup=mountains
0ae643ab86,images,,craig-cerrig-gleisiad,,content/images/mountains.csv,1.00,csv-only,subgroup=mountains
0ae643ab86,images,,craig-cerrig-gleisiad,,content/images/mountains.csv,1.00,csv-only,subgroup=mountains
0ae643ab86,images,,craig-cerrig-gleisiad,,content/images/mountains.csv,1.00,csv-only,subgroup=mountains
0ae643ab86,images,,craig-cerrig-gleisiad,,content/images/mountains.csv,1.00,csv-only,subgroup=mountains
0ae643ab86,images,,craig-cerrig-gleisiad,,content/images/mountains.csv,1.00,csv-only,subgroup=mountains
0ae643ab86,images,,craig-cerrig-gleisiad,,content/images/mountains.csv,1.00,csv-only,subgroup=mountains
0ae643ab86,images,,craig-cerrig-gleisiad,,content/images/mountains.csv,1.00,csv-only,subgroup=mountains
0ae643ab86,images,,craig-cerrig-gleisiad,,content/images/mountains.csv,1.00,csv-only,subgroup=mountains
0ae643ab86,images,,craig-cerrig-gleisiad,,content/images/mountains.csv,1.00,csv-only,subgroup=mountains
bada858618,images,,crib-goch,,content/images/mountains.csv,1.00,csv-only,subgroup=mountains
bada858618,images,,crib-goch,,content/images/mountains.csv,1.00,csv-only,subgroup=mountains
bada858618,images,,crib-goch,,content/images/mountains.csv,1.00,csv-only,subgroup=mountains
bada858618,images,,crib-goch,,content/images/mountains.csv,1.00,csv-only,subgroup=mountains
bada858618,images,,crib-goch,,content/images/mountains.csv,1.00,csv-only,subgroup=mountains
bada858618,images,,crib-goch,,content/images/mountains.csv,1.00,csv-only,subgroup=mountains
bada858618,images,,crib-goch,,content/images/mountains.csv,1.00,csv-only,subgroup=mountains
bada858618,images,,crib-goch,,content/images/mountains.csv,1.00,csv-only,subgroup=mountains
bada858618,images,,crib-goch,,content/images/mountains.csv,1.00,csv-only,subgroup=mountains
bada858618,images,,crib-goch,,content/images/mountains.csv,1.00,csv-only,subgroup=mountains
a3375e3104,images,Criccieth Beach - geograph.org.uk - 2118043.jpg,criccieth,,content/images/beaches-north.csv,1.00,csv-only,subgroup=beaches-north
a3375e3104,images,Criccieth Beach - geograph.org.uk - 2372354.jpg,criccieth,,content/images/beaches-north.csv,1.00,csv-only,subgroup=beaches-north
a3375e3104,images,Criccieth Beach - geograph.org.uk - 2372361.jpg,criccieth,,content/images/beaches-north.csv,1.00,csv-only,subgroup=beaches-north
a3375e3104,images,Criccieth Beach - geograph.org.uk - 2372377.jpg,criccieth,,content/images/beaches-north.csv,1.00,csv-only,subgroup=beaches-north
a3375e3104,images,Criccieth Beach - geograph.org.uk - 2437524.jpg,criccieth,,content/images/beaches-north.csv,1.00,csv-only,subgroup=beaches-north
a3375e3104,images,Criccieth Beach - geograph.org.uk - 4140248.jpg,criccieth,,content/images/beaches-north.csv,1.00,csv-only,subgroup=beaches-north
a3375e3104,images,Criccieth Beach - geograph.org.uk - 4456776.jpg,criccieth,,content/images/beaches-north.csv,1.00,csv-only,subgroup=beaches-north
a3375e3104,images,Criccieth Beach - geograph.org.uk - 5046550.jpg,criccieth,,content/images/beaches-north.csv,1.00,csv-only,subgroup=beaches-north
a3375e3104,images,Criccieth Beach - geograph.org.uk - 6391271.jpg,criccieth,,content/images/beaches-north.csv,1.00,csv-only,subgroup=beaches-north
a3375e3104,images,Criccieth Beach - geograph.org.uk - 6391273.jpg,criccieth,,content/images/beaches-north.csv,1.00,csv-only,subgroup=beaches-north
26fd08aff7,images,Coastal rocks west of Criccieth - geograph.org.uk - 7259499.jpg,criccieth-west,,content/images/beaches-north.csv,1.00,csv-only,subgroup=beaches-north
26fd08aff7,images,Criccieth Castle from West Beach - geograph.org.uk - 6033945.jpg,criccieth-west,,content/images/beaches-north.csv,1.00,csv-only,subgroup=beaches-north
26fd08aff7,images,Criccieth West Beach - geograph.org.uk - 1913650.jpg,criccieth-west,,content/images/beaches-north.csv,1.00,csv-only,subgroup=beaches-north
26fd08aff7,images,Criccieth beach looking west - geograph.org.uk - 7257806.jpg,criccieth-west,,content/images/beaches-north.csv,1.00,csv-only,subgroup=beaches-north
26fd08aff7,images,Groyned beach and housing west of Criccieth Castle - geograph.org.uk - 5916537.jpg,criccieth-west,,content/images/beaches-north.csv,1.00,csv-only,subgroup=beaches-north
26fd08aff7,images,Stony Beach to the West of Criccieth - geograph.org.uk - 6631538.jpg,criccieth-west,,content/images/beaches-north.csv,1.00,csv-only,subgroup=beaches-north
26fd08aff7,images,Stony beach west of Criccieth... - geograph.org.uk - 7259457.jpg,criccieth-west,,content/images/beaches-north.csv,1.00,csv-only,subgroup=beaches-north
26fd08aff7,images,The west beach in Criccieth - geograph.org.uk - 2905359.jpg,criccieth-west,,content/images/beaches-north.csv,1.00,csv-only,subgroup=beaches-north
26fd08aff7,images,View west along Criccieth Beach - geograph.org.uk - 7253572.jpg,criccieth-west,,content/images/beaches-north.csv,1.00,csv-only,subgroup=beaches-north
26fd08aff7,images,Criccieth Beach and Castle - geograph.org.uk - 2372365.jpg,criccieth-west,,content/images/beaches-north.csv,1.00,csv-only,subgroup=beaches-north
58bfe6930f,images,Cwmtydu Beach - geograph.org.uk - 4881882.jpg,cwmtydu,,content/images/beaches-north.csv,1.00,csv-only,subgroup=beaches-north
58bfe6930f,images,Cwmtydu Beach - geograph.org.uk - 5377530.jpg,cwmtydu,,content/images/beaches-north.csv,1.00,csv-only,subgroup=beaches-north
58bfe6930f,images,The headland at Cwmtydu - geograph.org.uk - 3677567.jpg,cwmtydu,,content/images/beaches-north.csv,1.00,csv-only,subgroup=beaches-north
58bfe6930f,images,Walking the dogs on Cwmtydu Beach - geograph.org.uk - 4881878.jpg,cwmtydu,,content/images/beaches-north.csv,1.00,csv-only,subgroup=beaches-north
58bfe6930f,images,Approaching Cwmtydu - geograph.org.uk - 7905881.jpg,cwmtydu,,content/images/beaches-north.csv,1.00,csv-only,subgroup=beaches-north
58bfe6930f,images,"Arwydd Cwmtydu roadsign - Ceredigion, Wales.jpg",cwmtydu,,content/images/beaches-north.csv,1.00,csv-only,subgroup=beaches-north
58bfe6930f,images,Caravan site at Cwmtydu - geograph.org.uk - 7905867.jpg,cwmtydu,,content/images/beaches-north.csv,1.00,csv-only,subgroup=beaches-north
58bfe6930f,images,"Coastal Path, Cwmtydu - geograph.org.uk - 1769367.jpg",cwmtydu,,content/images/beaches-north.csv,1.00,csv-only,subgroup=beaches-north
58bfe6930f,images,Cwmtydu - geograph.org.uk - 1763248.jpg,cwmtydu,,content/images/beaches-north.csv,1.00,csv-only,subgroup=beaches-north
58bfe6930f,images,Cwmtydu - geograph.org.uk - 1763254.jpg,cwmtydu,,content/images/beaches-north.csv,1.00,csv-only,subgroup=beaches-north
d5cace8902,images,,druidston-haven,,content/images/beaches-south.csv,1.00,csv-only,subgroup=beaches-south
d5cace8902,images,,druidston-haven,,content/images/beaches-south.csv,1.00,csv-only,subgroup=beaches-south
d5cace8902,images,,druidston-haven,,content/images/beaches-south.csv,1.00,csv-only,subgroup=beaches-south
d5cace8902,images,,druidston-haven,,content/images/beaches-south.csv,1.00,csv-only,subgroup=beaches-south
d5cace8902,images,,druidston-haven,,content/images/beaches-south.csv,1.00,csv-only,subgroup=beaches-south
d5cace8902,images,,druidston-haven,,content/images/beaches-south.csv,1.00,csv-only,subgroup=beaches-south
d5cace8902,images,,druidston-haven,,content/images/beaches-south.csv,1.00,csv-only,subgroup=beaches-south
d5cace8902,images,,druidston-haven,,content/images/beaches-south.csv,1.00,csv-only,subgroup=beaches-south
d5cace8902,images,,druidston-haven,,content/images/beaches-south.csv,1.00,csv-only,subgroup=beaches-south
d5cace8902,images,,druidston-haven,,content/images/beaches-south.csv,1.00,csv-only,subgroup=beaches-south
e0dc1c1031,images,,drum-foel-fras,,content/images/mountains.csv,1.00,csv-only,subgroup=mountains
e0dc1c1031,images,,drum-foel-fras,,content/images/mountains.csv,1.00,csv-only,subgroup=mountains
e0dc1c1031,images,,drum-foel-fras,,content/images/mountains.csv,1.00,csv-only,subgroup=mountains
c2f5c984c8,images,,elidir-fawr,,content/images/mountains.csv,1.00,csv-only,subgroup=mountains
c2f5c984c8,images,,elidir-fawr,,content/images/mountains.csv,1.00,csv-only,subgroup=mountains
c2f5c984c8,images,,elidir-fawr,,content/images/mountains.csv,1.00,csv-only,subgroup=mountains
c2f5c984c8,images,,elidir-fawr,,content/images/mountains.csv,1.00,csv-only,subgroup=mountains
c2f5c984c8,images,,elidir-fawr,,content/images/mountains.csv,1.00,csv-only,subgroup=mountains
c2f5c984c8,images,,elidir-fawr,,content/images/mountains.csv,1.00,csv-only,subgroup=mountains
c2f5c984c8,images,,elidir-fawr,,content/images/mountains.csv,1.00,csv-only,subgroup=mountains
c2f5c984c8,images,,elidir-fawr,,content/images/mountains.csv,1.00,csv-only,subgroup=mountains
c2f5c984c8,images,,elidir-fawr,,content/images/mountains.csv,1.00,csv-only,subgroup=mountains
c2f5c984c8,images,,elidir-fawr,,content/images/mountains.csv,1.00,csv-only,subgroup=mountains
cccf6eccc7,images,,elidir-trail,,content/images/mountains.csv,1.00,csv-only,subgroup=mountains
beceec8a1d,images,Along Fairbourne Beach - geograph.org.uk - 6573537.jpg,fairbourne,,content/images/beaches-north.csv,1.00,csv-only,subgroup=beaches-north
beceec8a1d,images,At Fairbourne Beach - geograph.org.uk - 3463546.jpg,fairbourne,,content/images/beaches-north.csv,1.00,csv-only,subgroup=beaches-north
beceec8a1d,images,"Beach Road, Fairbourne - geograph.org.uk - 4726875.jpg",fairbourne,,content/images/beaches-north.csv,1.00,csv-only,subgroup=beaches-north
beceec8a1d,images,"Beach Road, Fairbourne - geograph.org.uk - 7574995.jpg",fairbourne,,content/images/beaches-north.csv,1.00,csv-only,subgroup=beaches-north
beceec8a1d,images,Beach Road Level Crossing at Fairbourne - geograph.org.uk - 6248278.jpg,fairbourne,,content/images/beaches-north.csv,1.00,csv-only,subgroup=beaches-north
beceec8a1d,images,"Beach Road level crossing, Fairbourne - geograph.org.uk - 4726860.jpg",fairbourne,,content/images/beaches-north.csv,1.00,csv-only,subgroup=beaches-north
beceec8a1d,images,Beach along the Fairbourne Spit - geograph.org.uk - 7960539.jpg,fairbourne,,content/images/beaches-north.csv,1.00,csv-only,subgroup=beaches-north
beceec8a1d,images,Beach at Fairbourne - geograph.org.uk - 6573535.jpg,fairbourne,,content/images/beaches-north.csv,1.00,csv-only,subgroup=beaches-north
beceec8a1d,images,Beach on the northern end of the Fairbourne spit - geograph.org.uk - 7943653.jpg,fairbourne,,content/images/beaches-north.csv,1.00,csv-only,subgroup=beaches-north
beceec8a1d,images,Dragon's teeth on Fairbourne beach - geograph.org.uk - 7858589.jpg,fairbourne,,content/images/beaches-north.csv,1.00,csv-only,subgroup=beaches-north
3159cd5824,images,,fall-bay,,content/images/beaches-south.csv,1.00,csv-only,subgroup=beaches-south
3159cd5824,images,,fall-bay,,content/images/beaches-south.csv,1.00,csv-only,subgroup=beaches-south
3159cd5824,images,,fall-bay,,content/images/beaches-south.csv,1.00,csv-only,subgroup=beaches-south
3159cd5824,images,,fall-bay,,content/images/beaches-south.csv,1.00,csv-only,subgroup=beaches-south
3159cd5824,images,,fall-bay,,content/images/beaches-south.csv,1.00,csv-only,subgroup=beaches-south
3159cd5824,images,,fall-bay,,content/images/beaches-south.csv,1.00,csv-only,subgroup=beaches-south
3159cd5824,images,,fall-bay,,content/images/beaches-south.csv,1.00,csv-only,subgroup=beaches-south
3159cd5824,images,,fall-bay,,content/images/beaches-south.csv,1.00,csv-only,subgroup=beaches-south
3159cd5824,images,,fall-bay,,content/images/beaches-south.csv,1.00,csv-only,subgroup=beaches-south
3159cd5824,images,,fall-bay,,content/images/beaches-south.csv,1.00,csv-only,subgroup=beaches-south
c02cd4b4e9,images,,fan-brycheiniog-llyn-y-fan-fach,,content/images/mountains.csv,1.00,csv-only,subgroup=mountains
cd21a16f9e,images,,fan-gyhirych,,content/images/mountains.csv,1.00,csv-only,subgroup=mountains
cd21a16f9e,images,,fan-gyhirych,,content/images/mountains.csv,1.00,csv-only,subgroup=mountains
cd21a16f9e,images,,fan-gyhirych,,content/images/mountains.csv,1.00,csv-only,subgroup=mountains
cd21a16f9e,images,,fan-gyhirych,,content/images/mountains.csv,1.00,csv-only,subgroup=mountains
cd21a16f9e,images,,fan-gyhirych,,content/images/mountains.csv,1.00,csv-only,subgroup=mountains
cd21a16f9e,images,,fan-gyhirych,,content/images/mountains.csv,1.00,csv-only,subgroup=mountains
cd21a16f9e,images,,fan-gyhirych,,content/images/mountains.csv,1.00,csv-only,subgroup=mountains
cd21a16f9e,images,,fan-gyhirych,,content/images/mountains.csv,1.00,csv-only,subgroup=mountains
cd21a16f9e,images,,fan-gyhirych,,content/images/mountains.csv,1.00,csv-only,subgroup=mountains
cd21a16f9e,images,,fan-gyhirych,,content/images/mountains.csv,1.00,csv-only,subgroup=mountains
b5546775a8,images,,fan-y-big-gap,,content/images/mountains.csv,1.00,csv-only,subgroup=mountains
b5546775a8,images,,fan-y-big-gap,,content/images/mountains.csv,1.00,csv-only,subgroup=mountains
b5546775a8,images,,fan-y-big-gap,,content/images/mountains.csv,1.00,csv-only,subgroup=mountains
b5546775a8,images,,fan-y-big-gap,,content/images/mountains.csv,1.00,csv-only,subgroup=mountains
b5546775a8,images,,fan-y-big-gap,,content/images/mountains.csv,1.00,csv-only,subgroup=mountains
b5546775a8,images,,fan-y-big-gap,,content/images/mountains.csv,1.00,csv-only,subgroup=mountains
b5546775a8,images,,fan-y-big-gap,,content/images/mountains.csv,1.00,csv-only,subgroup=mountains
b5546775a8,images,,fan-y-big-gap,,content/images/mountains.csv,1.00,csv-only,subgroup=mountains
b5546775a8,images,,fan-y-big-gap,,content/images/mountains.csv,1.00,csv-only,subgroup=mountains
b5546775a8,images,,fan-y-big-gap,,content/images/mountains.csv,1.00,csv-only,subgroup=mountains
5ed67d4368,images,,four-falls-trail,,content/images/mountains.csv,1.00,csv-only,subgroup=mountains
5ed67d4368,images,,four-falls-trail,,content/images/mountains.csv,1.00,csv-only,subgroup=mountains
5ed67d4368,images,,four-falls-trail,,content/images/mountains.csv,1.00,csv-only,subgroup=mountains
5ed67d4368,images,,four-falls-trail,,content/images/mountains.csv,1.00,csv-only,subgroup=mountains
5ed67d4368,images,,four-falls-trail,,content/images/mountains.csv,1.00,csv-only,subgroup=mountains
5ed67d4368,images,,four-falls-trail,,content/images/mountains.csv,1.00,csv-only,subgroup=mountains
26dce2a001,images,,freshwater-west,,content/images/beaches-south.csv,1.00,csv-only,subgroup=beaches-south
26dce2a001,images,,freshwater-west,,content/images/beaches-south.csv,1.00,csv-only,subgroup=beaches-south
26dce2a001,images,,freshwater-west,,content/images/beaches-south.csv,1.00,csv-only,subgroup=beaches-south
26dce2a001,images,,freshwater-west,,content/images/beaches-south.csv,1.00,csv-only,subgroup=beaches-south
26dce2a001,images,,freshwater-west,,content/images/beaches-south.csv,1.00,csv-only,subgroup=beaches-south
26dce2a001,images,,freshwater-west,,content/images/beaches-south.csv,1.00,csv-only,subgroup=beaches-south
26dce2a001,images,,freshwater-west,,content/images/beaches-south.csv,1.00,csv-only,subgroup=beaches-south
26dce2a001,images,,freshwater-west,,content/images/beaches-south.csv,1.00,csv-only,subgroup=beaches-south
26dce2a001,images,,freshwater-west,,content/images/beaches-south.csv,1.00,csv-only,subgroup=beaches-south
26dce2a001,images,,freshwater-west,,content/images/beaches-south.csv,1.00,csv-only,subgroup=beaches-south
1318e4282e,images,"Harlech Beach, North Wales - August 2019.jpg",harlech,,content/images/beaches-north.csv,1.00,csv-only,subgroup=beaches-north
1318e4282e,images,Harlech Beach - geograph.org.uk - 6796010.jpg,harlech,,content/images/beaches-north.csv,1.00,csv-only,subgroup=beaches-north
1318e4282e,images,Harlech Beach - geograph.org.uk - 6796012.jpg,harlech,,content/images/beaches-north.csv,1.00,csv-only,subgroup=beaches-north
1318e4282e,images,Harlech Beach - geograph.org.uk - 6878037.jpg,harlech,,content/images/beaches-north.csv,1.00,csv-only,subgroup=beaches-north
1318e4282e,images,Harlech Beach - geograph.org.uk - 6878771.jpg,harlech,,content/images/beaches-north.csv,1.00,csv-only,subgroup=beaches-north
1318e4282e,images,Harlech Beach - geograph.org.uk - 6878777.jpg,harlech,,content/images/beaches-north.csv,1.00,csv-only,subgroup=beaches-north
1318e4282e,images,Harlech beach - geograph.org.uk - 2523381.jpg,harlech,,content/images/beaches-north.csv,1.00,csv-only,subgroup=beaches-north
1318e4282e,images,Harlech beach - geograph.org.uk - 2769074.jpg,harlech,,content/images/beaches-north.csv,1.00,csv-only,subgroup=beaches-north
1318e4282e,images,Harlech beach - geograph.org.uk - 3449201.jpg,harlech,,content/images/beaches-north.csv,1.00,csv-only,subgroup=beaches-north
1318e4282e,images,Harlech beach - geograph.org.uk - 6086710.jpg,harlech,,content/images/beaches-north.csv,1.00,csv-only,subgroup=beaches-north
2e0515b61f,images,,hay-bluff,,content/images/mountains.csv,1.00,csv-only,subgroup=mountains
2e0515b61f,images,,hay-bluff,,content/images/mountains.csv,1.00,csv-only,subgroup=mountains
2e0515b61f,images,,hay-bluff,,content/images/mountains.csv,1.00,csv-only,subgroup=mountains
2e0515b61f,images,,hay-bluff,,content/images/mountains.csv,1.00,csv-only,subgroup=mountains
2e0515b61f,images,,hay-bluff,,content/images/mountains.csv,1.00,csv-only,subgroup=mountains
2e0515b61f,images,,hay-bluff,,content/images/mountains.csv,1.00,csv-only,subgroup=mountains
2e0515b61f,images,,hay-bluff,,content/images/mountains.csv,1.00,csv-only,subgroup=mountains
2e0515b61f,images,,hay-bluff,,content/images/mountains.csv,1.00,csv-only,subgroup=mountains
2e0515b61f,images,,hay-bluff,,content/images/mountains.csv,1.00,csv-only,subgroup=mountains
2e0515b61f,images,,hay-bluff,,content/images/mountains.csv,1.00,csv-only,subgroup=mountains
1c4878ec19,images,,henrhyd-falls,,content/images/mountains.csv,1.00,csv-only,subgroup=mountains
1c4878ec19,images,,henrhyd-falls,,content/images/mountains.csv,1.00,csv-only,subgroup=mountains
1c4878ec19,images,,henrhyd-falls,,content/images/mountains.csv,1.00,csv-only,subgroup=mountains
1c4878ec19,images,,henrhyd-falls,,content/images/mountains.csv,1.00,csv-only,subgroup=mountains
cbee2d1461,images,,horseshoe-falls,,content/images/swimming.csv,1.00,csv-only,subgroup=swimming
8a6dee8066,images,,horton-beach,,content/images/beaches-south.csv,1.00,csv-only,subgroup=beaches-south
8a6dee8066,images,,horton-beach,,content/images/beaches-south.csv,1.00,csv-only,subgroup=beaches-south
8a6dee8066,images,,horton-beach,,content/images/beaches-south.csv,1.00,csv-only,subgroup=beaches-south
8a6dee8066,images,,horton-beach,,content/images/beaches-south.csv,1.00,csv-only,subgroup=beaches-south
8a6dee8066,images,,horton-beach,,content/images/beaches-south.csv,1.00,csv-only,subgroup=beaches-south
049e1925ef,images,,langland-bay,,content/images/beaches-south.csv,1.00,csv-only,subgroup=beaches-south
049e1925ef,images,,langland-bay,,content/images/beaches-south.csv,1.00,csv-only,subgroup=beaches-south
049e1925ef,images,,langland-bay,,content/images/beaches-south.csv,1.00,csv-only,subgroup=beaches-south
049e1925ef,images,,langland-bay,,content/images/beaches-south.csv,1.00,csv-only,subgroup=beaches-south
049e1925ef,images,,langland-bay,,content/images/beaches-south.csv,1.00,csv-only,subgroup=beaches-south
049e1925ef,images,,langland-bay,,content/images/beaches-south.csv,1.00,csv-only,subgroup=beaches-south
049e1925ef,images,,langland-bay,,content/images/beaches-south.csv,1.00,csv-only,subgroup=beaches-south
049e1925ef,images,,langland-bay,,content/images/beaches-south.csv,1.00,csv-only,subgroup=beaches-south
049e1925ef,images,,langland-bay,,content/images/beaches-south.csv,1.00,csv-only,subgroup=beaches-south
049e1925ef,images,,langland-bay,,content/images/beaches-south.csv,1.00,csv-only,subgroup=beaches-south
3a9201853d,images,,limeslade-bay,,content/images/beaches-south.csv,1.00,csv-only,subgroup=beaches-south
3a9201853d,images,,limeslade-bay,,content/images/beaches-south.csv,1.00,csv-only,subgroup=beaches-south
5513124a4a,images,,little-haven,,content/images/beaches-south.csv,1.00,csv-only,subgroup=beaches-south
5513124a4a,images,,little-haven,,content/images/beaches-south.csv,1.00,csv-only,subgroup=beaches-south
5513124a4a,images,,little-haven,,content/images/beaches-south.csv,1.00,csv-only,subgroup=beaches-south
5513124a4a,images,,little-haven,,content/images/beaches-south.csv,1.00,csv-only,subgroup=beaches-south
5513124a4a,images,,little-haven,,content/images/beaches-south.csv,1.00,csv-only,subgroup=beaches-south
5513124a4a,images,,little-haven,,content/images/beaches-south.csv,1.00,csv-only,subgroup=beaches-south
5513124a4a,images,,little-haven,,content/images/beaches-south.csv,1.00,csv-only,subgroup=beaches-south
5513124a4a,images,,little-haven,,content/images/beaches-south.csv,1.00,csv-only,subgroup=beaches-south
5513124a4a,images,,little-haven,,content/images/beaches-south.csv,1.00,csv-only,subgroup=beaches-south
5513124a4a,images,,little-haven,,content/images/beaches-south.csv,1.00,csv-only,subgroup=beaches-south
c870766440,images,Beach Huts at Llanbedrog Beach - geograph.org.uk - 7172311.jpg,llanbedrog,,content/images/beaches-north.csv,1.00,csv-only,subgroup=beaches-north
c870766440,images,"Beach huts, Llanbedrog beach - geograph.org.uk - 7022323.jpg",llanbedrog,,content/images/beaches-north.csv,1.00,csv-only,subgroup=beaches-north
c870766440,images,Beach huts on Llanbedrog beach - geograph.org.uk - 5248243.jpg,llanbedrog,,content/images/beaches-north.csv,1.00,csv-only,subgroup=beaches-north
c870766440,images,Beach towards Llanbedrog - geograph.org.uk - 5796569.jpg,llanbedrog,,content/images/beaches-north.csv,1.00,csv-only,subgroup=beaches-north
c870766440,images,Dog walkers on Llanbedrog beach - geograph.org.uk - 6890093.jpg,llanbedrog,,content/images/beaches-north.csv,1.00,csv-only,subgroup=beaches-north
c870766440,images,Dogwalkers on Llanbedrog beach - geograph.org.uk - 6890124.jpg,llanbedrog,,content/images/beaches-north.csv,1.00,csv-only,subgroup=beaches-north
c870766440,images,Flight of steps off Llanbedrog beach - geograph.org.uk - 6890100.jpg,llanbedrog,,content/images/beaches-north.csv,1.00,csv-only,subgroup=beaches-north
c870766440,images,"Foxhall cottages, Llanbedrog Beach - geograph.org.uk - 7360766.jpg",llanbedrog,,content/images/beaches-north.csv,1.00,csv-only,subgroup=beaches-north
c870766440,images,"Foxhole Cottage, Llanbedrog beach - geograph.org.uk - 1937722.jpg",llanbedrog,,content/images/beaches-north.csv,1.00,csv-only,subgroup=beaches-north
c870766440,images,Foxhole Llanbedrog Beach - geograph.org.uk - 3662451.jpg,llanbedrog,,content/images/beaches-north.csv,1.00,csv-only,subgroup=beaches-north
133c43c55e,images,Across Llandanwg Beach - geograph.org.uk - 6572683.jpg,llandanwg,,content/images/beaches-north.csv,1.00,csv-only,subgroup=beaches-north
133c43c55e,images,Along Llandanwg beach - geograph.org.uk - 5981058.jpg,llandanwg,,content/images/beaches-north.csv,1.00,csv-only,subgroup=beaches-north
133c43c55e,images,Beach at Llandanwg (52867443908).jpg,llandanwg,,content/images/beaches-north.csv,1.00,csv-only,subgroup=beaches-north
133c43c55e,images,Beach north of Llandanwg - geograph.org.uk - 7568696.jpg,llandanwg,,content/images/beaches-north.csv,1.00,csv-only,subgroup=beaches-north
133c43c55e,images,Boulders on Llandanwg Beach - geograph.org.uk - 7568715.jpg,llandanwg,,content/images/beaches-north.csv,1.00,csv-only,subgroup=beaches-north
133c43c55e,images,Boulders on Llandanwg beach - geograph.org.uk - 6572659.jpg,llandanwg,,content/images/beaches-north.csv,1.00,csv-only,subgroup=beaches-north
133c43c55e,images,Boulders on the beach between Harlech and Llandanwg - geograph.org.uk - 7568690.jpg,llandanwg,,content/images/beaches-north.csv,1.00,csv-only,subgroup=beaches-north
133c43c55e,images,Dusk at Llandanwg beach marina. (52861665144).jpg,llandanwg,,content/images/beaches-north.csv,1.00,csv-only,subgroup=beaches-north
133c43c55e,images,Groynes on the Beach at Llandanwg - geograph.org.uk - 5140587.jpg,llandanwg,,content/images/beaches-north.csv,1.00,csv-only,subgroup=beaches-north
133c43c55e,images,High water mark at Llandanwg beach - geograph.org.uk - 6086149.jpg,llandanwg,,content/images/beaches-north.csv,1.00,csv-only,subgroup=beaches-north
b87febe56e,images,,llangennith,,content/images/beaches-south.csv,1.00,csv-only,subgroup=beaches-south
b87febe56e,images,,llangennith,,content/images/beaches-south.csv,1.00,csv-only,subgroup=beaches-south
b87febe56e,images,,llangennith,,content/images/beaches-south.csv,1.00,csv-only,subgroup=beaches-south
b87febe56e,images,,llangennith,,content/images/beaches-south.csv,1.00,csv-only,subgroup=beaches-south
b87febe56e,images,,llangennith,,content/images/beaches-south.csv,1.00,csv-only,subgroup=beaches-south
b87febe56e,images,,llangennith,,content/images/beaches-south.csv,1.00,csv-only,subgroup=beaches-south
b87febe56e,images,,llangennith,,content/images/beaches-south.csv,1.00,csv-only,subgroup=beaches-south
b87febe56e,images,,llangennith,,content/images/beaches-south.csv,1.00,csv-only,subgroup=beaches-south
b87febe56e,images,,llangennith,,content/images/beaches-south.csv,1.00,csv-only,subgroup=beaches-south
b87febe56e,images,,llangennith,,content/images/beaches-south.csv,1.00,csv-only,subgroup=beaches-south
add8aa0ec2,images,B4321 descends into Llangrannog - geograph.org.uk - 2678782.jpg,llangrannog,,content/images/beaches-north.csv,1.00,csv-only,subgroup=beaches-north
add8aa0ec2,images,"Ciborth beach, Llangrannog - geograph.org.uk - 2678830.jpg",llangrannog,,content/images/beaches-north.csv,1.00,csv-only,subgroup=beaches-north
add8aa0ec2,images,Coastline at Llangrannog - geograph.org.uk - 6323125.jpg,llangrannog,,content/images/beaches-north.csv,1.00,csv-only,subgroup=beaches-north
add8aa0ec2,images,Junction on the Llangrannog road - geograph.org.uk - 6022407.jpg,llangrannog,,content/images/beaches-north.csv,1.00,csv-only,subgroup=beaches-north
add8aa0ec2,images,Kayaks at Llangrannog slipway - geograph.org.uk - 2560172.jpg,llangrannog,,content/images/beaches-north.csv,1.00,csv-only,subgroup=beaches-north
add8aa0ec2,images,Llangrannog Village - geograph.org.uk - 7368234.jpg,llangrannog,,content/images/beaches-north.csv,1.00,csv-only,subgroup=beaches-north
add8aa0ec2,images,Llangrannog Village - geograph.org.uk - 7368253.jpg,llangrannog,,content/images/beaches-north.csv,1.00,csv-only,subgroup=beaches-north
add8aa0ec2,images,Llangrannog beach - geograph.org.uk - 6022186.jpg,llangrannog,,content/images/beaches-north.csv,1.00,csv-only,subgroup=beaches-north
add8aa0ec2,images,Llangrannog beach - geograph.org.uk - 6492721.jpg,llangrannog,,content/images/beaches-north.csv,1.00,csv-only,subgroup=beaches-north
add8aa0ec2,images,Llangrannog from the beach - geograph.org.uk - 6322425.jpg,llangrannog,,content/images/beaches-north.csv,1.00,csv-only,subgroup=beaches-north
bcf732d15e,images,,llanthony-priory,,content/images/mountains.csv,1.00,csv-only,subgroup=mountains
bcf732d15e,images,,llanthony-priory,,content/images/mountains.csv,1.00,csv-only,subgroup=mountains
bcf732d15e,images,,llanthony-priory,,content/images/mountains.csv,1.00,csv-only,subgroup=mountains
bcf732d15e,images,,llanthony-priory,,content/images/mountains.csv,1.00,csv-only,subgroup=mountains
bcf732d15e,images,,llanthony-priory,,content/images/mountains.csv,1.00,csv-only,subgroup=mountains
bcf732d15e,images,,llanthony-priory,,content/images/mountains.csv,1.00,csv-only,subgroup=mountains
bcf732d15e,images,,llanthony-priory,,content/images/mountains.csv,1.00,csv-only,subgroup=mountains
d9a28be5bc,images,"Beach Cafe, Traeth Lligwy - geograph.org.uk - 4293748.jpg",lligwy,,content/images/beaches-north.csv,1.00,csv-only,subgroup=beaches-north
d9a28be5bc,images,Butterfly and Shrub - geograph.org.uk - 577393.jpg,lligwy,,content/images/beaches-north.csv,1.00,csv-only,subgroup=beaches-north
d9a28be5bc,images,"Fish weir, Lligwy beach.jpg",lligwy,,content/images/beaches-north.csv,1.00,csv-only,subgroup=beaches-north
d9a28be5bc,images,"Gored, Traeth Lligwy - geograph.org.uk - 6923596.jpg",lligwy,,content/images/beaches-north.csv,1.00,csv-only,subgroup=beaches-north
d9a28be5bc,images,LLigwy Bay Beach (7991463044).jpg,lligwy,,content/images/beaches-north.csv,1.00,csv-only,subgroup=beaches-north
d9a28be5bc,images,Lligwy Beach - geograph.org.uk - 3178376.jpg,lligwy,,content/images/beaches-north.csv,1.00,csv-only,subgroup=beaches-north
d9a28be5bc,images,"Lligwy Beach Fish Weir, Moelfre.JPG",lligwy,,content/images/beaches-north.csv,1.00,csv-only,subgroup=beaches-north
d9a28be5bc,images,Lligwy beach - geograph.org.uk - 2069347.jpg,lligwy,,content/images/beaches-north.csv,1.00,csv-only,subgroup=beaches-north
d9a28be5bc,images,Lligwy beach - geograph.org.uk - 2069348.jpg,lligwy,,content/images/beaches-north.csv,1.00,csv-only,subgroup=beaches-north
d9a28be5bc,images,Lligwy beach - geograph.org.uk - 2069349.jpg,lligwy,,content/images/beaches-north.csv,1.00,csv-only,subgroup=beaches-north
7fd52f2538,images,,llyn-cau,,content/images/swimming.csv,1.00,csv-only,subgroup=swimming
b57bb2d524,images,,llyn-gwynant,,content/images/swimming.csv,1.00,csv-only,subgroup=swimming
4e4b6e632b,images,,llyn-idwal,,content/images/swimming.csv,1.00,csv-only,subgroup=swimming
3e81b81fa6,images,,llyn-padarn,,content/images/swimming.csv,1.00,csv-only,subgroup=swimming
e86f95116e,images,,llyn-y-fan-fawr,,content/images/mountains.csv,1.00,csv-only,subgroup=mountains
e86f95116e,images,,llyn-y-fan-fawr,,content/images/mountains.csv,1.00,csv-only,subgroup=mountains
e86f95116e,images,,llyn-y-fan-fawr,,content/images/mountains.csv,1.00,csv-only,subgroup=mountains
e86f95116e,images,,llyn-y-fan-fawr,,content/images/mountains.csv,1.00,csv-only,subgroup=mountains
e86f95116e,images,,llyn-y-fan-fawr,,content/images/mountains.csv,1.00,csv-only,subgroup=mountains
e86f95116e,images,,llyn-y-fan-fawr,,content/images/mountains.csv,1.00,csv-only,subgroup=mountains
e86f95116e,images,,llyn-y-fan-fawr,,content/images/mountains.csv,1.00,csv-only,subgroup=mountains
e86f95116e,images,,llyn-y-fan-fawr,,content/images/mountains.csv,1.00,csv-only,subgroup=mountains
e86f95116e,images,,llyn-y-fan-fawr,,content/images/mountains.csv,1.00,csv-only,subgroup=mountains
e86f95116e,images,,llyn-y-fan-fawr,,content/images/mountains.csv,1.00,csv-only,subgroup=mountains
d352ab55bf,images,,lord-herefords-knob,,content/images/mountains.csv,1.00,csv-only,subgroup=mountains
d352ab55bf,images,,lord-herefords-knob,,content/images/mountains.csv,1.00,csv-only,subgroup=mountains
d352ab55bf,images,,lord-herefords-knob,,content/images/mountains.csv,1.00,csv-only,subgroup=mountains
d352ab55bf,images,,lord-herefords-knob,,content/images/mountains.csv,1.00,csv-only,subgroup=mountains
d352ab55bf,images,,lord-herefords-knob,,content/images/mountains.csv,1.00,csv-only,subgroup=mountains
d352ab55bf,images,,lord-herefords-knob,,content/images/mountains.csv,1.00,csv-only,subgroup=mountains
d352ab55bf,images,,lord-herefords-knob,,content/images/mountains.csv,1.00,csv-only,subgroup=mountains
d352ab55bf,images,,lord-herefords-knob,,content/images/mountains.csv,1.00,csv-only,subgroup=mountains
d352ab55bf,images,,lord-herefords-knob,,content/images/mountains.csv,1.00,csv-only,subgroup=mountains
8ec9518958,images,,lydstep-haven,,content/images/beaches-south.csv,1.00,csv-only,subgroup=beaches-south
8ec9518958,images,,lydstep-haven,,content/images/beaches-south.csv,1.00,csv-only,subgroup=beaches-south
8ec9518958,images,,lydstep-haven,,content/images/beaches-south.csv,1.00,csv-only,subgroup=beaches-south
8ec9518958,images,,lydstep-haven,,content/images/beaches-south.csv,1.00,csv-only,subgroup=beaches-south
8ec9518958,images,,lydstep-haven,,content/images/beaches-south.csv,1.00,csv-only,subgroup=beaches-south
8ec9518958,images,,lydstep-haven,,content/images/beaches-south.csv,1.00,csv-only,subgroup=beaches-south
8ec9518958,images,,lydstep-haven,,content/images/beaches-south.csv,1.00,csv-only,subgroup=beaches-south
8ec9518958,images,,lydstep-haven,,content/images/beaches-south.csv,1.00,csv-only,subgroup=beaches-south
8ec9518958,images,,lydstep-haven,,content/images/beaches-south.csv,1.00,csv-only,subgroup=beaches-south
8ec9518958,images,,lydstep-haven,,content/images/beaches-south.csv,1.00,csv-only,subgroup=beaches-south
3e246ae033,images,Beach at Machroes - geograph.org.uk - 7993356.jpg,machroes,,content/images/beaches-north.csv,1.00,csv-only,subgroup=beaches-north
3e246ae033,images,"Car park, Machroes beach - geograph.org.uk - 7023355.jpg",machroes,,content/images/beaches-north.csv,1.00,csv-only,subgroup=beaches-north
3e246ae033,images,Far end of Machroes beach - geograph.org.uk - 7024223.jpg,machroes,,content/images/beaches-north.csv,1.00,csv-only,subgroup=beaches-north
3e246ae033,images,Groynes on Machroes beach - geograph.org.uk - 7733824.jpg,machroes,,content/images/beaches-north.csv,1.00,csv-only,subgroup=beaches-north
3e246ae033,images,Machroes beach - geograph.org.uk - 6233005.jpg,machroes,,content/images/beaches-north.csv,1.00,csv-only,subgroup=beaches-north
3e246ae033,images,Machroes beach picnic area - geograph.org.uk - 7589508.jpg,machroes,,content/images/beaches-north.csv,1.00,csv-only,subgroup=beaches-north
3e246ae033,images,Riders on the beach at Machroes - geograph.org.uk - 2019199.jpg,machroes,,content/images/beaches-north.csv,1.00,csv-only,subgroup=beaches-north
3e246ae033,images,Abersoch Bay from Machroes.jpg,machroes,,content/images/beaches-north.csv,1.00,csv-only,subgroup=beaches-north
3e246ae033,images,"Cim, farmhouse south of Machroes - geograph.org.uk - 2931428.jpg",machroes,,content/images/beaches-north.csv,1.00,csv-only,subgroup=beaches-north
3e246ae033,images,Minor road through Machroes - geograph.org.uk - 7023172.jpg,machroes,,content/images/beaches-north.csv,1.00,csv-only,subgroup=beaches-north
461fa4c89e,images,,manorbier,,content/images/beaches-south.csv,1.00,csv-only,subgroup=beaches-south
461fa4c89e,images,,manorbier,,content/images/beaches-south.csv,1.00,csv-only,subgroup=beaches-south
461fa4c89e,images,,manorbier,,content/images/beaches-south.csv,1.00,csv-only,subgroup=beaches-south
461fa4c89e,images,,manorbier,,content/images/beaches-south.csv,1.00,csv-only,subgroup=beaches-south
461fa4c89e,images,,manorbier,,content/images/beaches-south.csv,1.00,csv-only,subgroup=beaches-south
461fa4c89e,images,,manorbier,,content/images/beaches-south.csv,1.00,csv-only,subgroup=beaches-south
836f0dde50,images,,marloes-sands,,content/images/beaches-south.csv,1.00,csv-only,subgroup=beaches-south
836f0dde50,images,,marloes-sands,,content/images/beaches-south.csv,1.00,csv-only,subgroup=beaches-south
836f0dde50,images,,marloes-sands,,content/images/beaches-south.csv,1.00,csv-only,subgroup=beaches-south
836f0dde50,images,,marloes-sands,,content/images/beaches-south.csv,1.00,csv-only,subgroup=beaches-south
836f0dde50,images,,marloes-sands,,content/images/beaches-south.csv,1.00,csv-only,subgroup=beaches-south
836f0dde50,images,,marloes-sands,,content/images/beaches-south.csv,1.00,csv-only,subgroup=beaches-south
836f0dde50,images,,marloes-sands,,content/images/beaches-south.csv,1.00,csv-only,subgroup=beaches-south
836f0dde50,images,,marloes-sands,,content/images/beaches-south.csv,1.00,csv-only,subgroup=beaches-south
836f0dde50,images,,marloes-sands,,content/images/beaches-south.csv,1.00,csv-only,subgroup=beaches-south
836f0dde50,images,,marloes-sands,,content/images/beaches-south.csv,1.00,csv-only,subgroup=beaches-south
0a753dcb8c,images,,mawddach-estuary,,content/images/swimming.csv,1.00,csv-only,subgroup=swimming
63cc926c2b,images,,mewslade-bay,,content/images/beaches-south.csv,1.00,csv-only,subgroup=beaches-south
63cc926c2b,images,,mewslade-bay,,content/images/beaches-south.csv,1.00,csv-only,subgroup=beaches-south
63cc926c2b,images,,mewslade-bay,,content/images/beaches-south.csv,1.00,csv-only,subgroup=beaches-south
63cc926c2b,images,,mewslade-bay,,content/images/beaches-south.csv,1.00,csv-only,subgroup=beaches-south
63cc926c2b,images,,mewslade-bay,,content/images/beaches-south.csv,1.00,csv-only,subgroup=beaches-south
d60b68e4e7,images,,moel-eilio,,content/images/mountains.csv,1.00,csv-only,subgroup=mountains
d60b68e4e7,images,,moel-eilio,,content/images/mountains.csv,1.00,csv-only,subgroup=mountains
d60b68e4e7,images,,moel-eilio,,content/images/mountains.csv,1.00,csv-only,subgroup=mountains
d60b68e4e7,images,,moel-eilio,,content/images/mountains.csv,1.00,csv-only,subgroup=mountains
d60b68e4e7,images,,moel-eilio,,content/images/mountains.csv,1.00,csv-only,subgroup=mountains
d60b68e4e7,images,,moel-eilio,,content/images/mountains.csv,1.00,csv-only,subgroup=mountains
c0f5a8904a,images,,moel-hebog,,content/images/mountains.csv,1.00,csv-only,subgroup=mountains
c0f5a8904a,images,,moel-hebog,,content/images/mountains.csv,1.00,csv-only,subgroup=mountains
c0f5a8904a,images,,moel-hebog,,content/images/mountains.csv,1.00,csv-only,subgroup=mountains
c0f5a8904a,images,,moel-hebog,,content/images/mountains.csv,1.00,csv-only,subgroup=mountains
c0f5a8904a,images,,moel-hebog,,content/images/mountains.csv,1.00,csv-only,subgroup=mountains
c0f5a8904a,images,,moel-hebog,,content/images/mountains.csv,1.00,csv-only,subgroup=mountains
c0f5a8904a,images,,moel-hebog,,content/images/mountains.csv,1.00,csv-only,subgroup=mountains
c0f5a8904a,images,,moel-hebog,,content/images/mountains.csv,1.00,csv-only,subgroup=mountains
c0f5a8904a,images,,moel-hebog,,content/images/mountains.csv,1.00,csv-only,subgroup=mountains
c0f5a8904a,images,,moel-hebog,,content/images/mountains.csv,1.00,csv-only,subgroup=mountains
71c58435ec,images,,moel-siabod-daear-ddu,,content/images/mountains.csv,1.00,csv-only,subgroup=mountains
71c58435ec,images,,moel-siabod-daear-ddu,,content/images/mountains.csv,1.00,csv-only,subgroup=mountains
71c58435ec,images,,moel-siabod-daear-ddu,,content/images/mountains.csv,1.00,csv-only,subgroup=mountains
71c58435ec,images,,moel-siabod-daear-ddu,,content/images/mountains.csv,1.00,csv-only,subgroup=mountains
71c58435ec,images,,moel-siabod-daear-ddu,,content/images/mountains.csv,1.00,csv-only,subgroup=mountains
71c58435ec,images,,moel-siabod-daear-ddu,,content/images/mountains.csv,1.00,csv-only,subgroup=mountains
71c58435ec,images,,moel-siabod-daear-ddu,,content/images/mountains.csv,1.00,csv-only,subgroup=mountains
71c58435ec,images,,moel-siabod-daear-ddu,,content/images/mountains.csv,1.00,csv-only,subgroup=mountains
71c58435ec,images,,moel-siabod-daear-ddu,,content/images/mountains.csv,1.00,csv-only,subgroup=mountains
71c58435ec,images,,moel-siabod-daear-ddu,,content/images/mountains.csv,1.00,csv-only,subgroup=mountains
5279ba985c,images,,moelwyn-mawr,,content/images/mountains.csv,1.00,csv-only,subgroup=mountains
5279ba985c,images,,moelwyn-mawr,,content/images/mountains.csv,1.00,csv-only,subgroup=mountains
5279ba985c,images,,moelwyn-mawr,,content/images/mountains.csv,1.00,csv-only,subgroup=mountains
5279ba985c,images,,moelwyn-mawr,,content/images/mountains.csv,1.00,csv-only,subgroup=mountains
5279ba985c,images,,moelwyn-mawr,,content/images/mountains.csv,1.00,csv-only,subgroup=mountains
5279ba985c,images,,moelwyn-mawr,,content/images/mountains.csv,1.00,csv-only,subgroup=mountains
5279ba985c,images,,moelwyn-mawr,,content/images/mountains.csv,1.00,csv-only,subgroup=mountains
5279ba985c,images,,moelwyn-mawr,,content/images/mountains.csv,1.00,csv-only,subgroup=mountains
5279ba985c,images,,moelwyn-mawr,,content/images/mountains.csv,1.00,csv-only,subgroup=mountains
5279ba985c,images,,moelwyn-mawr,,content/images/mountains.csv,1.00,csv-only,subgroup=mountains
7001309246,images,Above Morfa Nefyn beach - geograph.org.uk - 2933597.jpg,morfa-nefyn,,content/images/beaches-north.csv,1.00,csv-only,subgroup=beaches-north
7001309246,images,"Cae'r Pwll, Morfa Nefyn - geograph.org.uk - 7893367.jpg",morfa-nefyn,,content/images/beaches-north.csv,1.00,csv-only,subgroup=beaches-north
7001309246,images,Claremont Garage - Morfa Nefyn - geograph.org.uk - 3951593.jpg,morfa-nefyn,,content/images/beaches-north.csv,1.00,csv-only,subgroup=beaches-north
7001309246,images,Groyne on the beach at Morfa Nefyn - geograph.org.uk - 2934790.jpg,morfa-nefyn,,content/images/beaches-north.csv,1.00,csv-only,subgroup=beaches-north
7001309246,images,Hazy sunshine on Morfa Nefyn beach - geograph.org.uk - 2933615.jpg,morfa-nefyn,,content/images/beaches-north.csv,1.00,csv-only,subgroup=beaches-north
7001309246,images,House building at Morfa Nefyn - geograph.org.uk - 2006572.jpg,morfa-nefyn,,content/images/beaches-north.csv,1.00,csv-only,subgroup=beaches-north
7001309246,images,"Llŷn Peninsula near Nefyn, North Wales, UK.jpg",morfa-nefyn,,content/images/beaches-north.csv,1.00,csv-only,subgroup=beaches-north
7001309246,images,Lon Isaf in Morfa Nefyn - geograph.org.uk - 5321948.jpg,morfa-nefyn,,content/images/beaches-north.csv,1.00,csv-only,subgroup=beaches-north
7001309246,images,Lon Isaf out of Morfa Nefyn - geograph.org.uk - 5321950.jpg,morfa-nefyn,,content/images/beaches-north.csv,1.00,csv-only,subgroup=beaches-north
7001309246,images,Lon Pen Rhos in Morfa Nefyn - geograph.org.uk - 5321943.jpg,morfa-nefyn,,content/images/beaches-north.csv,1.00,csv-only,subgroup=beaches-north
1f91c57098,images,"Mwnt, Ceredigion, gydag Eglwys y Grog, y traeth a Foel-y-Mwnt - Mwnt, Ceredigion, Wales 01.jpg",mwnt,,content/images/beaches-north.csv,1.00,csv-only,subgroup=beaches-north
1f91c57098,images,"Mwnt, Ceredigion, gydag Eglwys y Grog, y traeth a Foel-y-Mwnt - Mwnt, Ceredigion, Wales 02.jpg",mwnt,,content/images/beaches-north.csv,1.00,csv-only,subgroup=beaches-north
1f91c57098,images,"Mwnt, Ceredigion, gydag Eglwys y Grog, y traeth a Foel-y-Mwnt - Mwnt, Ceredigion, Wales 03.jpg",mwnt,,content/images/beaches-north.csv,1.00,csv-only,subgroup=beaches-north
1f91c57098,images,"Mwnt, Ceredigion, gydag Eglwys y Grog, y traeth a Foel-y-Mwnt - Mwnt, Ceredigion, Wales 05.jpg",mwnt,,content/images/beaches-north.csv,1.00,csv-only,subgroup=beaches-north
1f91c57098,images,"Mwnt, Ceredigion, gydag Eglwys y Grog, y traeth a Foel-y-Mwnt - Mwnt, Ceredigion, Wales 06.jpg",mwnt,,content/images/beaches-north.csv,1.00,csv-only,subgroup=beaches-north
1f91c57098,images,"Mwnt, Ceredigion, gydag Eglwys y Grog, y traeth a Foel-y-Mwnt - Mwnt, Ceredigion, Wales 08.jpg",mwnt,,content/images/beaches-north.csv,1.00,csv-only,subgroup=beaches-north
1f91c57098,images,"Mwnt, Ceredigion, gydag Eglwys y Grog, y traeth a Foel-y-Mwnt - Mwnt, Ceredigion, Wales 09.jpg",mwnt,,content/images/beaches-north.csv,1.00,csv-only,subgroup=beaches-north
1f91c57098,images,"Mwnt, Ceredigion, gydag Eglwys y Grog, y traeth a Foel-y-Mwnt - Mwnt, Ceredigion, Wales 100.jpg",mwnt,,content/images/beaches-north.csv,1.00,csv-only,subgroup=beaches-north
1f91c57098,images,"Mwnt, Ceredigion, gydag Eglwys y Grog, y traeth a Foel-y-Mwnt - Mwnt, Ceredigion, Wales 102.jpg",mwnt,,content/images/beaches-north.csv,1.00,csv-only,subgroup=beaches-north
1f91c57098,images,"Mwnt, Ceredigion, gydag Eglwys y Grog, y traeth a Foel-y-Mwnt - Mwnt, Ceredigion, Wales 104.jpg",mwnt,,content/images/beaches-north.csv,1.00,csv-only,subgroup=beaches-north
0749a63439,images,,nantlle-ridge,,content/images/mountains.csv,1.00,csv-only,subgroup=mountains
0749a63439,images,,nantlle-ridge,,content/images/mountains.csv,1.00,csv-only,subgroup=mountains
0749a63439,images,,nantlle-ridge,,content/images/mountains.csv,1.00,csv-only,subgroup=mountains
0749a63439,images,,nantlle-ridge,,content/images/mountains.csv,1.00,csv-only,subgroup=mountains
0749a63439,images,,nantlle-ridge,,content/images/mountains.csv,1.00,csv-only,subgroup=mountains
0749a63439,images,,nantlle-ridge,,content/images/mountains.csv,1.00,csv-only,subgroup=mountains
0749a63439,images,,nantlle-ridge,,content/images/mountains.csv,1.00,csv-only,subgroup=mountains
0749a63439,images,,nantlle-ridge,,content/images/mountains.csv,1.00,csv-only,subgroup=mountains
0749a63439,images,,nantlle-ridge,,content/images/mountains.csv,1.00,csv-only,subgroup=mountains
0749a63439,images,,nantlle-ridge,,content/images/mountains.csv,1.00,csv-only,subgroup=mountains
b2be3f2cc5,images,Ceredigion county Wales.jpg,new-quay-harbour,,content/images/beaches-north.csv,1.00,csv-only,subgroup=beaches-north
b2be3f2cc5,images,New Quay Wales Harbour from the Hill - panoramio.jpg,new-quay-harbour,,content/images/beaches-north.csv,1.00,csv-only,subgroup=beaches-north
b2be3f2cc5,images,New Quay beach from the harbour - geograph.org.uk - 2927272.jpg,new-quay-harbour,,content/images/beaches-north.csv,1.00,csv-only,subgroup=beaches-north
b2be3f2cc5,images,New Quay harbour and beach - geograph.org.uk - 3101826.jpg,new-quay-harbour,,content/images/beaches-north.csv,1.00,csv-only,subgroup=beaches-north
b2be3f2cc5,images,"The jetty and harbour, New Quay, Ceredigion - geograph.org.uk - 6931738.jpg",new-quay-harbour,,content/images/beaches-north.csv,1.00,csv-only,subgroup=beaches-north
b2be3f2cc5,images,"Dark green cabinet, New Quay, Ceredigion - geograph.org.uk - 7253364.jpg",new-quay-harbour,,content/images/beaches-north.csv,1.00,csv-only,subgroup=beaches-north
b2be3f2cc5,images,"Down Glanmor Terrace, New Quay, Ceredigion - geograph.org.uk - 7253102.jpg",new-quay-harbour,,content/images/beaches-north.csv,1.00,csv-only,subgroup=beaches-north
b2be3f2cc5,images,"Gomer Crescent, New Quay, Ceredigion - geograph.org.uk - 7253079.jpg",new-quay-harbour,,content/images/beaches-north.csv,1.00,csv-only,subgroup=beaches-north
b2be3f2cc5,images,"House above New Road, New Quay, Ceredigion - geograph.org.uk - 7683935.jpg",new-quay-harbour,,content/images/beaches-north.csv,1.00,csv-only,subgroup=beaches-north
b2be3f2cc5,images,"New Quay, Ceredigion - geograph.org.uk - 5899582.jpg",new-quay-harbour,,content/images/beaches-north.csv,1.00,csv-only,subgroup=beaches-north
3d5d6c697d,images,A toy gun at Llanddwyn beach.jpg,newborough,,content/images/beaches-north.csv,1.00,csv-only,subgroup=beaches-north
3d5d6c697d,images,Llanddwyn Bay - geograph.org.uk - 4032346.jpg,newborough,,content/images/beaches-north.csv,1.00,csv-only,subgroup=beaches-north
3d5d6c697d,images,"Newborough Beach, Anglesey - panoramio.jpg",newborough,,content/images/beaches-north.csv,1.00,csv-only,subgroup=beaches-north
3d5d6c697d,images,"Newborough Beach, Anglesey - panoramio (1).jpg",newborough,,content/images/beaches-north.csv,1.00,csv-only,subgroup=beaches-north
3d5d6c697d,images,"Newborough Beach, Anglesey - panoramio (2).jpg",newborough,,content/images/beaches-north.csv,1.00,csv-only,subgroup=beaches-north
3d5d6c697d,images,"Newborough Beach, Anglesey - panoramio (3).jpg",newborough,,content/images/beaches-north.csv,1.00,csv-only,subgroup=beaches-north
3d5d6c697d,images,Pilgrimage route on the Island of the Blessed (Ynys Llanddwyn Island) 05.jpg,newborough,,content/images/beaches-north.csv,1.00,csv-only,subgroup=beaches-north
3d5d6c697d,images,Sand castle at Llanddwyn beach. (28264910076).jpg,newborough,,content/images/beaches-north.csv,1.00,csv-only,subgroup=beaches-north
3d5d6c697d,images,"September shoreline, Llanddwyn Bay - geograph.org.uk - 7631401.jpg",newborough,,content/images/beaches-north.csv,1.00,csv-only,subgroup=beaches-north
3d5d6c697d,images,The beach at Llanddwyn Bay - geograph.org.uk - 4143640.jpg,newborough,,content/images/beaches-north.csv,1.00,csv-only,subgroup=beaches-north
dbc83c5f2d,images,,newgale,,content/images/beaches-south.csv,1.00,csv-only,subgroup=beaches-south
dbc83c5f2d,images,,newgale,,content/images/beaches-south.csv,1.00,csv-only,subgroup=beaches-south
dbc83c5f2d,images,,newgale,,content/images/beaches-south.csv,1.00,csv-only,subgroup=beaches-south
dbc83c5f2d,images,,newgale,,content/images/beaches-south.csv,1.00,csv-only,subgroup=beaches-south
dbc83c5f2d,images,,newgale,,content/images/beaches-south.csv,1.00,csv-only,subgroup=beaches-south
dbc83c5f2d,images,,newgale,,content/images/beaches-south.csv,1.00,csv-only,subgroup=beaches-south
dbc83c5f2d,images,,newgale,,content/images/beaches-south.csv,1.00,csv-only,subgroup=beaches-south
dbc83c5f2d,images,,newgale,,content/images/beaches-south.csv,1.00,csv-only,subgroup=beaches-south
dbc83c5f2d,images,,newgale,,content/images/beaches-south.csv,1.00,csv-only,subgroup=beaches-south
dbc83c5f2d,images,,newgale,,content/images/beaches-south.csv,1.00,csv-only,subgroup=beaches-south
bae6a2e1e1,images,,newport-sands,,content/images/beaches-south.csv,1.00,csv-only,subgroup=beaches-south
bae6a2e1e1,images,,newport-sands,,content/images/beaches-south.csv,1.00,csv-only,subgroup=beaches-south
bae6a2e1e1,images,,newport-sands,,content/images/beaches-south.csv,1.00,csv-only,subgroup=beaches-south
bae6a2e1e1,images,,newport-sands,,content/images/beaches-south.csv,1.00,csv-only,subgroup=beaches-south
bae6a2e1e1,images,,newport-sands,,content/images/beaches-south.csv,1.00,csv-only,subgroup=beaches-south
bae6a2e1e1,images,,newport-sands,,content/images/beaches-south.csv,1.00,csv-only,subgroup=beaches-south
bae6a2e1e1,images,,newport-sands,,content/images/beaches-south.csv,1.00,csv-only,subgroup=beaches-south
bae6a2e1e1,images,,newport-sands,,content/images/beaches-south.csv,1.00,csv-only,subgroup=beaches-south
bae6a2e1e1,images,,newport-sands,,content/images/beaches-south.csv,1.00,csv-only,subgroup=beaches-south
bae6a2e1e1,images,,newport-sands,,content/images/beaches-south.csv,1.00,csv-only,subgroup=beaches-south
122ef53226,images,,oxwich-bay,,content/images/beaches-south.csv,1.00,csv-only,subgroup=beaches-south
122ef53226,images,,oxwich-bay,,content/images/beaches-south.csv,0.89,csv-only,subgroup=beaches-south
122ef53226,images,,oxwich-bay,,content/images/beaches-south.csv,1.00,csv-only,subgroup=beaches-south
122ef53226,images,,oxwich-bay,,content/images/beaches-south.csv,1.00,csv-only,subgroup=beaches-south
122ef53226,images,,oxwich-bay,,content/images/beaches-south.csv,1.00,csv-only,subgroup=beaches-south
122ef53226,images,,oxwich-bay,,content/images/beaches-south.csv,1.00,csv-only,subgroup=beaches-south
122ef53226,images,,oxwich-bay,,content/images/beaches-south.csv,1.00,csv-only,subgroup=beaches-south
122ef53226,images,,oxwich-bay,,content/images/beaches-south.csv,1.00,csv-only,subgroup=beaches-south
122ef53226,images,,oxwich-bay,,content/images/beaches-south.csv,1.00,csv-only,subgroup=beaches-south
122ef53226,images,,oxwich-bay,,content/images/beaches-south.csv,1.00,csv-only,subgroup=beaches-south
2dae3fc2a1,images,,pen-y-crug,,content/images/mountains.csv,1.00,csv-only,subgroup=mountains
2dae3fc2a1,images,,pen-y-crug,,content/images/mountains.csv,1.00,csv-only,subgroup=mountains
2dae3fc2a1,images,,pen-y-crug,,content/images/mountains.csv,1.00,csv-only,subgroup=mountains
2dae3fc2a1,images,,pen-y-crug,,content/images/mountains.csv,1.00,csv-only,subgroup=mountains
2dae3fc2a1,images,,pen-y-crug,,content/images/mountains.csv,1.00,csv-only,subgroup=mountains
2dae3fc2a1,images,,pen-y-crug,,content/images/mountains.csv,1.00,csv-only,subgroup=mountains
2dae3fc2a1,images,,pen-y-crug,,content/images/mountains.csv,1.00,csv-only,subgroup=mountains
2dae3fc2a1,images,,pen-y-crug,,content/images/mountains.csv,1.00,csv-only,subgroup=mountains
2dae3fc2a1,images,,pen-y-crug,,content/images/mountains.csv,1.00,csv-only,subgroup=mountains
2dae3fc2a1,images,,pen-y-crug,,content/images/mountains.csv,1.00,csv-only,subgroup=mountains
9591e649b9,images,,pen-y-fan-pont-ar-daf,,content/images/mountains.csv,1.00,csv-only,subgroup=mountains
9591e649b9,images,,pen-y-fan-pont-ar-daf,,content/images/mountains.csv,1.00,csv-only,subgroup=mountains
9591e649b9,images,,pen-y-fan-pont-ar-daf,,content/images/mountains.csv,1.00,csv-only,subgroup=mountains
9591e649b9,images,,pen-y-fan-pont-ar-daf,,content/images/mountains.csv,1.00,csv-only,subgroup=mountains
9591e649b9,images,,pen-y-fan-pont-ar-daf,,content/images/mountains.csv,1.00,csv-only,subgroup=mountains
9591e649b9,images,,pen-y-fan-pont-ar-daf,,content/images/mountains.csv,1.00,csv-only,subgroup=mountains
9591e649b9,images,,pen-y-fan-pont-ar-daf,,content/images/mountains.csv,1.00,csv-only,subgroup=mountains
9591e649b9,images,,pen-y-fan-pont-ar-daf,,content/images/mountains.csv,1.00,csv-only,subgroup=mountains
9591e649b9,images,,pen-y-fan-pont-ar-daf,,content/images/mountains.csv,1.00,csv-only,subgroup=mountains
9591e649b9,images,,pen-y-fan-pont-ar-daf,,content/images/mountains.csv,1.00,csv-only,subgroup=mountains
6b73ee5362,images,,pen-y-fan-storey-arms,,content/images/mountains.csv,1.00,csv-only,subgroup=mountains
6b73ee5362,images,,pen-y-fan-storey-arms,,content/images/mountains.csv,1.00,csv-only,subgroup=mountains
6b73ee5362,images,,pen-y-fan-storey-arms,,content/images/mountains.csv,1.00,csv-only,subgroup=mountains
6b73ee5362,images,,pen-y-fan-storey-arms,,content/images/mountains.csv,1.00,csv-only,subgroup=mountains
6b73ee5362,images,,pen-y-fan-storey-arms,,content/images/mountains.csv,1.00,csv-only,subgroup=mountains
6b73ee5362,images,,pen-y-fan-storey-arms,,content/images/mountains.csv,1.00,csv-only,subgroup=mountains
6b73ee5362,images,,pen-y-fan-storey-arms,,content/images/mountains.csv,1.00,csv-only,subgroup=mountains
6b73ee5362,images,,pen-y-fan-storey-arms,,content/images/mountains.csv,1.00,csv-only,subgroup=mountains
6b73ee5362,images,,pen-y-fan-storey-arms,,content/images/mountains.csv,1.00,csv-only,subgroup=mountains
6b73ee5362,images,,pen-y-fan-storey-arms,,content/images/mountains.csv,1.00,csv-only,subgroup=mountains
c37569ab86,images,A glimpse of Penbryn beach - geograph.org.uk - 6024288.jpg,penbryn,,content/images/beaches-north.csv,1.00,csv-only,subgroup=beaches-north
c37569ab86,images,Carreg-y-ty and sandy beach - geograph.org.uk - 7669328.jpg,penbryn,,content/images/beaches-north.csv,1.00,csv-only,subgroup=beaches-north
c37569ab86,images,Carreg y Trothwy Waterfall Tresaith Beach - geograph.org.uk - 4960892.jpg,penbryn,,content/images/beaches-north.csv,1.00,csv-only,subgroup=beaches-north
c37569ab86,images,Carreg y Trothwy Waterfall at Tresaith Beach - geograph.org.uk - 4960894.jpg,penbryn,,content/images/beaches-north.csv,1.00,csv-only,subgroup=beaches-north
c37569ab86,images,Headland on north east part of Penbryn Beach - geograph.org.uk - 6399165.jpg,penbryn,,content/images/beaches-north.csv,1.00,csv-only,subgroup=beaches-north
c37569ab86,images,"Headland with cave, Penbryn Beach - geograph.org.uk - 4022537.jpg",penbryn,,content/images/beaches-north.csv,1.00,csv-only,subgroup=beaches-north
c37569ab86,images,"Lifeguards hut, Tresaith beach - geograph.org.uk - 5551064.jpg",penbryn,,content/images/beaches-north.csv,1.00,csv-only,subgroup=beaches-north
c37569ab86,images,Looking down on Tresaith beach from the Wales Coast Path - geograph.org.uk - 6024952.jpg,penbryn,,content/images/beaches-north.csv,1.00,csv-only,subgroup=beaches-north
c37569ab86,images,Northeast end of Traeth Penbryn - geograph.org.uk - 4022551.jpg,penbryn,,content/images/beaches-north.csv,1.00,csv-only,subgroup=beaches-north
c37569ab86,images,Penbryn Beach - geograph.org.uk - 7669344.jpg,penbryn,,content/images/beaches-north.csv,1.00,csv-only,subgroup=beaches-north
81e7667a37,images,,pobbles-bay,,content/images/beaches-south.csv,1.00,csv-only,subgroup=beaches-south
81e7667a37,images,,pobbles-bay,,content/images/beaches-south.csv,1.00,csv-only,subgroup=beaches-south
81e7667a37,images,,pobbles-bay,,content/images/beaches-south.csv,1.00,csv-only,subgroup=beaches-south
81e7667a37,images,,pobbles-bay,,content/images/beaches-south.csv,1.00,csv-only,subgroup=beaches-south
81e7667a37,images,,pobbles-bay,,content/images/beaches-south.csv,1.00,csv-only,subgroup=beaches-south
81e7667a37,images,,pobbles-bay,,content/images/beaches-south.csv,1.00,csv-only,subgroup=beaches-south
81e7667a37,images,,pobbles-bay,,content/images/beaches-south.csv,1.00,csv-only,subgroup=beaches-south
81e7667a37,images,,pobbles-bay,,content/images/beaches-south.csv,1.00,csv-only,subgroup=beaches-south
81e7667a37,images,,pobbles-bay,,content/images/beaches-south.csv,1.00,csv-only,subgroup=beaches-south
81e7667a37,images,,pobbles-bay,,content/images/beaches-south.csv,1.00,csv-only,subgroup=beaches-south
a9804f5fd0,images,,poppit-sands,,content/images/beaches-south.csv,1.00,csv-only,subgroup=beaches-south
a9804f5fd0,images,,poppit-sands,,content/images/beaches-south.csv,1.00,csv-only,subgroup=beaches-south
a9804f5fd0,images,,poppit-sands,,content/images/beaches-south.csv,1.00,csv-only,subgroup=beaches-south
a9804f5fd0,images,,poppit-sands,,content/images/beaches-south.csv,1.00,csv-only,subgroup=beaches-south
a9804f5fd0,images,,poppit-sands,,content/images/beaches-south.csv,1.00,csv-only,subgroup=beaches-south
a9804f5fd0,images,,poppit-sands,,content/images/beaches-south.csv,1.00,csv-only,subgroup=beaches-south
a9804f5fd0,images,,poppit-sands,,content/images/beaches-south.csv,1.00,csv-only,subgroup=beaches-south
a9804f5fd0,images,,poppit-sands,,content/images/beaches-south.csv,1.00,csv-only,subgroup=beaches-south
04dd45d25e,images,,port-eynon,,content/images/beaches-south.csv,1.00,csv-only,subgroup=beaches-south
04dd45d25e,images,,port-eynon,,content/images/beaches-south.csv,1.00,csv-only,subgroup=beaches-south
04dd45d25e,images,,port-eynon,,content/images/beaches-south.csv,1.00,csv-only,subgroup=beaches-south
04dd45d25e,images,,port-eynon,,content/images/beaches-south.csv,1.00,csv-only,subgroup=beaches-south
04dd45d25e,images,,port-eynon,,content/images/beaches-south.csv,1.00,csv-only,subgroup=beaches-south
04dd45d25e,images,,port-eynon,,content/images/beaches-south.csv,1.00,csv-only,subgroup=beaches-south
04dd45d25e,images,,port-eynon,,content/images/beaches-south.csv,1.00,csv-only,subgroup=beaches-south
04dd45d25e,images,,port-eynon,,content/images/beaches-south.csv,1.00,csv-only,subgroup=beaches-south
04dd45d25e,images,,port-eynon,,content/images/beaches-south.csv,1.00,csv-only,subgroup=beaches-south
04dd45d25e,images,,port-eynon,,content/images/beaches-south.csv,1.00,csv-only,subgroup=beaches-south
91fb6554ce,images,A land slump above Porth Ceiriad - geograph.org.uk - 7513033.jpg,porth-ceiriad,,content/images/beaches-north.csv,1.00,csv-only,subgroup=beaches-north
91fb6554ce,images,An ancient field boundary above Porth Ceiriad - geograph.org.uk - 7513031.jpg,porth-ceiriad,,content/images/beaches-north.csv,1.00,csv-only,subgroup=beaches-north
91fb6554ce,images,Hillside path to Porth Ceiriad - geograph.org.uk - 7993308.jpg,porth-ceiriad,,content/images/beaches-north.csv,1.00,csv-only,subgroup=beaches-north
91fb6554ce,images,New section of Wales Coast Path near Porth Ceiriad - geograph.org.uk - 4124928.jpg,porth-ceiriad,,content/images/beaches-north.csv,1.00,csv-only,subgroup=beaches-north
91fb6554ce,images,Open access land above Porth Ceiriad - geograph.org.uk - 7589571.jpg,porth-ceiriad,,content/images/beaches-north.csv,1.00,csv-only,subgroup=beaches-north
91fb6554ce,images,Path repairs at Porth Ceiriad - geograph.org.uk - 4124899.jpg,porth-ceiriad,,content/images/beaches-north.csv,1.00,csv-only,subgroup=beaches-north
91fb6554ce,images,"Porth Ceiriad, Lleyn Peninsula - geograph.org.uk - 2931453.jpg",porth-ceiriad,,content/images/beaches-north.csv,1.00,csv-only,subgroup=beaches-north
91fb6554ce,images,Porth Ceiriad - geograph.org.uk - 2321364.jpg,porth-ceiriad,,content/images/beaches-north.csv,1.00,csv-only,subgroup=beaches-north
91fb6554ce,images,Porth Ceiriad - geograph.org.uk - 5163030.jpg,porth-ceiriad,,content/images/beaches-north.csv,1.00,csv-only,subgroup=beaches-north
91fb6554ce,images,Porth Ceiriad - geograph.org.uk - 7589565.jpg,porth-ceiriad,,content/images/beaches-north.csv,1.00,csv-only,subgroup=beaches-north
18a7b95cf7,images,A geo near Porth Colmon - geograph.org.uk - 2056642.jpg,porth-colmon,,content/images/beaches-north.csv,1.00,csv-only,subgroup=beaches-north
18a7b95cf7,images,Boat trailers on the raised beach at Porth Colmon - geograph.org.uk - 2056637.jpg,porth-colmon,,content/images/beaches-north.csv,1.00,csv-only,subgroup=beaches-north
18a7b95cf7,images,"Cottages at Morfa, south of Porth Colmon - geograph.org.uk - 2053226.jpg",porth-colmon,,content/images/beaches-north.csv,1.00,csv-only,subgroup=beaches-north
18a7b95cf7,images,Farm with a holiday let at Porth Colmon - geograph.org.uk - 7085788.jpg,porth-colmon,,content/images/beaches-north.csv,1.00,csv-only,subgroup=beaches-north
18a7b95cf7,images,Fields near Porth Colmon farm - geograph.org.uk - 6280603.jpg,porth-colmon,,content/images/beaches-north.csv,1.00,csv-only,subgroup=beaches-north
18a7b95cf7,images,Fields near Porth Colmon farm - geograph.org.uk - 6280606.jpg,porth-colmon,,content/images/beaches-north.csv,1.00,csv-only,subgroup=beaches-north
18a7b95cf7,images,Flat rocks at Porth Colmon - geograph.org.uk - 2056438.jpg,porth-colmon,,content/images/beaches-north.csv,1.00,csv-only,subgroup=beaches-north
18a7b95cf7,images,"Glan-y-mor, Porth Colmon - geograph.org.uk - 2047311.jpg",porth-colmon,,content/images/beaches-north.csv,1.00,csv-only,subgroup=beaches-north
18a7b95cf7,images,"Harbour Way Cafe, Porth Colmon - geograph.org.uk - 7085793.jpg",porth-colmon,,content/images/beaches-north.csv,1.00,csv-only,subgroup=beaches-north
18a7b95cf7,images,Looking towards Porth Colmon farm - geograph.org.uk - 6280598.jpg,porth-colmon,,content/images/beaches-north.csv,1.00,csv-only,subgroup=beaches-north
f6027bedfe,images,Approaching Porth Dafarch on the Anglesey Coast Path - geograph.org.uk - 5858909.jpg,porth-dafarch,,content/images/beaches-north.csv,1.00,csv-only,subgroup=beaches-north
f6027bedfe,images,"At Porth Dafarch, Holy Island - geograph.org.uk - 5344771.jpg",porth-dafarch,,content/images/beaches-north.csv,1.00,csv-only,subgroup=beaches-north
f6027bedfe,images,Boats at Porth-y-post - geograph.org.uk - 2551681.jpg,porth-dafarch,,content/images/beaches-north.csv,1.00,csv-only,subgroup=beaches-north
f6027bedfe,images,Caravan Park at Porth Dafarch - geograph.org.uk - 5858914.jpg,porth-dafarch,,content/images/beaches-north.csv,1.00,csv-only,subgroup=beaches-north
f6027bedfe,images,Cattle at Porth Dafarch South Farm - geograph.org.uk - 5893347.jpg,porth-dafarch,,content/images/beaches-north.csv,1.00,csv-only,subgroup=beaches-north
f6027bedfe,images,Fibre Optic Cable link to Ireland at Porth Dafarch - geograph.org.uk - 3271024.jpg,porth-dafarch,,content/images/beaches-north.csv,1.00,csv-only,subgroup=beaches-north
f6027bedfe,images,Fishing boat near Trearddur Bay - geograph.org.uk - 2551574.jpg,porth-dafarch,,content/images/beaches-north.csv,1.00,csv-only,subgroup=beaches-north
f6027bedfe,images,Headland at Porth Dafarch - geograph.org.uk - 5168366.jpg,porth-dafarch,,content/images/beaches-north.csv,1.00,csv-only,subgroup=beaches-north
f6027bedfe,images,Headland near Porth Dafarch - geograph.org.uk - 5168405.jpg,porth-dafarch,,content/images/beaches-north.csv,1.00,csv-only,subgroup=beaches-north
f6027bedfe,images,High tide and rough seas at Graig Lwyd - geograph.org.uk - 2615892.jpg,porth-dafarch,,content/images/beaches-north.csv,1.00,csv-only,subgroup=beaches-north
fc3d3cbd19,images,Emergency notice near Porth Iago - geograph.org.uk - 7181956.jpg,porth-iago,,content/images/beaches-north.csv,1.00,csv-only,subgroup=beaches-north
fc3d3cbd19,images,"Llwybr Arfordir Cymru, ger Porth Oer, Pen Llŷn.jpg",porth-iago,,content/images/beaches-north.csv,1.00,csv-only,subgroup=beaches-north
fc3d3cbd19,images,"Llwybr Arfordir Cymru o Borthoer i Borth Iago, Pen Llŷn.jpg",porth-iago,,content/images/beaches-north.csv,1.00,csv-only,subgroup=beaches-north
fc3d3cbd19,images,Looking in to Porth Iago from Dinas - geograph.org.uk - 6224356.jpg,porth-iago,,content/images/beaches-north.csv,1.00,csv-only,subgroup=beaches-north
fc3d3cbd19,images,"Porth Iago, Pen Llŷn.jpg",porth-iago,,content/images/beaches-north.csv,1.00,csv-only,subgroup=beaches-north
fc3d3cbd19,images,Porth Iago - geograph.org.uk - 7174211.jpg,porth-iago,,content/images/beaches-north.csv,1.00,csv-only,subgroup=beaches-north
fc3d3cbd19,images,Porth Iago - geograph.org.uk - 7181960.jpg,porth-iago,,content/images/beaches-north.csv,1.00,csv-only,subgroup=beaches-north
fc3d3cbd19,images,Porth Iago - geograph.org.uk - 7702059.jpg,porth-iago,,content/images/beaches-north.csv,1.00,csv-only,subgroup=beaches-north
fc3d3cbd19,images,Private toll road leading to Porth Iago - geograph.org.uk - 2089997.jpg,porth-iago,,content/images/beaches-north.csv,1.00,csv-only,subgroup=beaches-north
fc3d3cbd19,images,Rocks and cliffs at Porth Iago - geograph.org.uk - 6224354.jpg,porth-iago,,content/images/beaches-north.csv,1.00,csv-only,subgroup=beaches-north
b632c079fb,images,Cawod dros Enlli o draeth Porth Neigwl.jpg,porth-neigwl,,content/images/beaches-north.csv,1.00,csv-only,subgroup=beaches-north
b632c079fb,images,"Penrallt Neigwl, Porth Neigwl - geograph.org.uk - 2102517.jpg",porth-neigwl,,content/images/beaches-north.csv,1.00,csv-only,subgroup=beaches-north
b632c079fb,images,PorthNeigwl02LB.jpg,porth-neigwl,,content/images/beaches-north.csv,1.00,csv-only,subgroup=beaches-north
b632c079fb,images,PorthNeigwl04LB.jpg,porth-neigwl,,content/images/beaches-north.csv,1.00,csv-only,subgroup=beaches-north
b632c079fb,images,"Porth Neigwl, Lleyn Peninsula (1533278).jpg",porth-neigwl,,content/images/beaches-north.csv,1.00,csv-only,subgroup=beaches-north
b632c079fb,images,"Porth Neigwl, Lleyn Peninsula (1533280).jpg",porth-neigwl,,content/images/beaches-north.csv,1.00,csv-only,subgroup=beaches-north
b632c079fb,images,"Porth Neigwl, Lleyn Peninsula (1533281).jpg",porth-neigwl,,content/images/beaches-north.csv,1.00,csv-only,subgroup=beaches-north
b632c079fb,images,"Porth Neigwl, Lleyn Peninsula (1533282).jpg",porth-neigwl,,content/images/beaches-north.csv,1.00,csv-only,subgroup=beaches-north
b632c079fb,images,"Porth Neigwl, Lleyn Peninsula (1533283).jpg",porth-neigwl,,content/images/beaches-north.csv,1.00,csv-only,subgroup=beaches-north
b632c079fb,images,Porth Neigwl-Hell's Mouth - geograph.org.uk - 7026916.jpg,porth-neigwl,,content/images/beaches-north.csv,1.00,csv-only,subgroup=beaches-north
1a322775a5,images,"Porth Oer, Whistling Sands - geograph.org.uk - 7378256.jpg",porth-oer,,content/images/beaches-north.csv,1.00,csv-only,subgroup=beaches-north
1a322775a5,images,"Porth Oer, Whistling Sands - geograph.org.uk - 7378257.jpg",porth-oer,,content/images/beaches-north.csv,1.00,csv-only,subgroup=beaches-north
1a322775a5,images,"Porth Oer, Whistling Sands - geograph.org.uk - 7378258.jpg",porth-oer,,content/images/beaches-north.csv,1.00,csv-only,subgroup=beaches-north
1a322775a5,images,"Porth Oer, or Whistling Sands - geograph.org.uk - 2932843.jpg",porth-oer,,content/images/beaches-north.csv,1.00,csv-only,subgroup=beaches-north
1a322775a5,images,"Porth Oer....Whistling Sands, Llyn Peninsula, Wales - geograph.org.uk - 4976829.jpg",porth-oer,,content/images/beaches-north.csv,1.00,csv-only,subgroup=beaches-north
1a322775a5,images,Porth Oer - Whistling Sands - geograph.org.uk - 7182435.jpg,porth-oer,,content/images/beaches-north.csv,1.00,csv-only,subgroup=beaches-north
1a322775a5,images,"The Whistling Sands, Porth Oer - geograph.org.uk - 7996788.jpg",porth-oer,,content/images/beaches-north.csv,1.00,csv-only,subgroup=beaches-north
1a322775a5,images,A geo above the north beach at Porth Oer - geograph.org.uk - 2088996.jpg,porth-oer,,content/images/beaches-north.csv,1.00,csv-only,subgroup=beaches-north
1a322775a5,images,Beach at Porth Oer - geograph.org.uk - 2134588.jpg,porth-oer,,content/images/beaches-north.csv,1.00,csv-only,subgroup=beaches-north
1a322775a5,images,Cliff top above the north beach at Porth Oer - geograph.org.uk - 2090116.jpg,porth-oer,,content/images/beaches-north.csv,1.00,csv-only,subgroup=beaches-north
fb17ddb4b1,images,Porth Ysgo - geograph.org.uk - 2903255.jpg,porth-ysgo,,content/images/beaches-north.csv,1.00,csv-only,subgroup=beaches-north
fb17ddb4b1,images,Porth Ysgo - geograph.org.uk - 3991481.jpg,porth-ysgo,,content/images/beaches-north.csv,1.00,csv-only,subgroup=beaches-north
fb17ddb4b1,images,Porth Ysgo - geograph.org.uk - 7105829.jpg,porth-ysgo,,content/images/beaches-north.csv,1.00,csv-only,subgroup=beaches-north
fb17ddb4b1,images,Stream bed descending to Porth Ysgo - geograph.org.uk - 7105847.jpg,porth-ysgo,,content/images/beaches-north.csv,1.00,csv-only,subgroup=beaches-north
fb17ddb4b1,images,Wales Coast Path heading to Porth Ysgo - geograph.org.uk - 7105780.jpg,porth-ysgo,,content/images/beaches-north.csv,1.00,csv-only,subgroup=beaches-north
fb17ddb4b1,images,Wales Coast Path near Porth Ysgo - geograph.org.uk - 7105850.jpg,porth-ysgo,,content/images/beaches-north.csv,1.00,csv-only,subgroup=beaches-north
fb17ddb4b1,images,Porth Ysgo.jpg,porth-ysgo,,content/images/beaches-north.csv,1.00,csv-only,subgroup=beaches-north
fb17ddb4b1,images,View across to Traeth Aberdaron (Aberdaron Beach) - geograph.org.uk - 7200155.jpg,porth-ysgo,,content/images/beaches-north.csv,1.00,csv-only,subgroup=beaches-north
9636f93e31,images,Looking to Carreg Ddu from the Porthdinllaen headland - geograph.org.uk - 7551906.jpg,porthdinllaen,,content/images/beaches-north.csv,1.00,csv-only,subgroup=beaches-north
9636f93e31,images,Portrayal of Porthdinllaen and the lifeboat (1525130).jpg,porthdinllaen,,content/images/beaches-north.csv,1.00,csv-only,subgroup=beaches-north
9636f93e31,images,Portrayal of Porthdinllaen and the lifeboat (1525131).jpg,porthdinllaen,,content/images/beaches-north.csv,1.00,csv-only,subgroup=beaches-north
9636f93e31,images,Portrayal of Porthdinllaen and the lifeboat (1525132).jpg,porthdinllaen,,content/images/beaches-north.csv,1.00,csv-only,subgroup=beaches-north
9636f93e31,images,Portrayal of Porthdinllaen and the lifeboat (1525133).jpg,porthdinllaen,,content/images/beaches-north.csv,1.00,csv-only,subgroup=beaches-north
9636f93e31,images,Portrayal of Porthdinllaen and the lifeboat (1525134).jpg,porthdinllaen,,content/images/beaches-north.csv,1.00,csv-only,subgroup=beaches-north
9636f93e31,images,Portrayal of Porthdinllaen and the lifeboat (1525135).jpg,porthdinllaen,,content/images/beaches-north.csv,1.00,csv-only,subgroup=beaches-north
9636f93e31,images,Portrayal of Porthdinllaen and the lifeboat (1525136).jpg,porthdinllaen,,content/images/beaches-north.csv,1.00,csv-only,subgroup=beaches-north
9636f93e31,images,Portrayal of Porthdinllaen and the lifeboat (1525137).jpg,porthdinllaen,,content/images/beaches-north.csv,1.00,csv-only,subgroup=beaches-north
9636f93e31,images,Portrayal of Porthdinllaen and the lifeboat (1525138).jpg,porthdinllaen,,content/images/beaches-north.csv,1.00,csv-only,subgroup=beaches-north
67b31b9d4d,images,,pwll-du-bay,,content/images/beaches-south.csv,1.00,csv-only,subgroup=beaches-south
67b31b9d4d,images,,pwll-du-bay,,content/images/beaches-south.csv,1.00,csv-only,subgroup=beaches-south
67b31b9d4d,images,,pwll-du-bay,,content/images/beaches-south.csv,1.00,csv-only,subgroup=beaches-south
67b31b9d4d,images,,pwll-du-bay,,content/images/beaches-south.csv,1.00,csv-only,subgroup=beaches-south
e133314d83,images,Along South Beach - geograph.org.uk - 6081791.jpg,pwllheli-south,,content/images/beaches-north.csv,1.00,csv-only,subgroup=beaches-north
e133314d83,images,Beach at Towyn south-west of Pwllheli in Gwynedd - geograph.org.uk - 7689945.jpg,pwllheli-south,,content/images/beaches-north.csv,1.00,csv-only,subgroup=beaches-north
e133314d83,images,"Eastern End of South Beach, Pwllheli - geograph.org.uk - 6628302.jpg",pwllheli-south,,content/images/beaches-north.csv,1.00,csv-only,subgroup=beaches-north
e133314d83,images,Flag beside South Beach - geograph.org.uk - 6082072.jpg,pwllheli-south,,content/images/beaches-north.csv,1.00,csv-only,subgroup=beaches-north
e133314d83,images,Skateboard ramp at Pwllheli's South Beach - geograph.org.uk - 1922833.jpg,pwllheli-south,,content/images/beaches-north.csv,1.00,csv-only,subgroup=beaches-north
e133314d83,images,"South Beach, Pwllheli - geograph.org.uk - 3312436.jpg",pwllheli-south,,content/images/beaches-north.csv,1.00,csv-only,subgroup=beaches-north
e133314d83,images,"South Beach, Pwllheli - geograph.org.uk - 4455319.jpg",pwllheli-south,,content/images/beaches-north.csv,1.00,csv-only,subgroup=beaches-north
e133314d83,images,South Beach - geograph.org.uk - 6081790.jpg,pwllheli-south,,content/images/beaches-north.csv,1.00,csv-only,subgroup=beaches-north
e133314d83,images,South Beach looking East - geograph.org.uk - 6628586.jpg,pwllheli-south,,content/images/beaches-north.csv,1.00,csv-only,subgroup=beaches-north
e133314d83,images,South Beach looking West - geograph.org.uk - 6628591.jpg,pwllheli-south,,content/images/beaches-north.csv,1.00,csv-only,subgroup=beaches-north
50141322d9,images,Early evening at Red Wharf Bay - geograph.org.uk - 2551491.jpg,red-wharf-bay,,content/images/beaches-north.csv,1.00,csv-only,subgroup=beaches-north
50141322d9,images,"Red Wharf Bay, The Ship Inn - geograph.org.uk - 7137968.jpg",red-wharf-bay,,content/images/beaches-north.csv,1.00,csv-only,subgroup=beaches-north
50141322d9,images,Red Wharf Bay - Flickr - Terry Kearney.jpg,red-wharf-bay,,content/images/beaches-north.csv,1.00,csv-only,subgroup=beaches-north
50141322d9,images,Red Wharf Bay - geograph.org.uk - 2529760.jpg,red-wharf-bay,,content/images/beaches-north.csv,1.00,csv-only,subgroup=beaches-north
50141322d9,images,Red Wharf Bay and Benllech railway station 1909.jpg,red-wharf-bay,,content/images/beaches-north.csv,1.00,csv-only,subgroup=beaches-north
50141322d9,images,"Red Wharf Limestone Formation, Red Wharf Bay, Anglesey, North Wales, UK.jpg",red-wharf-bay,,content/images/beaches-north.csv,1.00,csv-only,subgroup=beaches-north
50141322d9,images,Sunset over Red Wharf Bay - geograph.org.uk - 2529397.jpg,red-wharf-bay,,content/images/beaches-north.csv,1.00,csv-only,subgroup=beaches-north
50141322d9,images,"The Ship Inn, Red Wharf Bay - geograph.org.uk - 3178272.jpg",red-wharf-bay,,content/images/beaches-north.csv,1.00,csv-only,subgroup=beaches-north
50141322d9,images,"The Ship Inn, Red Wharf Bay - geograph.org.uk - 3396986.jpg",red-wharf-bay,,content/images/beaches-north.csv,1.00,csv-only,subgroup=beaches-north
50141322d9,images,The Ship Inn at Red Wharf Bay - geograph.org.uk - 2529583.jpg,red-wharf-bay,,content/images/beaches-north.csv,1.00,csv-only,subgroup=beaches-north
631c498555,images,,rhinog-fach-llethr,,content/images/mountains.csv,1.00,csv-only,subgroup=mountains
631c498555,images,,rhinog-fach-llethr,,content/images/mountains.csv,1.00,csv-only,subgroup=mountains
631c498555,images,,rhinog-fach-llethr,,content/images/mountains.csv,1.00,csv-only,subgroup=mountains
631c498555,images,,rhinog-fach-llethr,,content/images/mountains.csv,1.00,csv-only,subgroup=mountains
631c498555,images,,rhinog-fach-llethr,,content/images/mountains.csv,1.00,csv-only,subgroup=mountains
d2f367475d,images,,rhinog-fawr-roman-steps,,content/images/mountains.csv,1.00,csv-only,subgroup=mountains
d2f367475d,images,,rhinog-fawr-roman-steps,,content/images/mountains.csv,1.00,csv-only,subgroup=mountains
d2f367475d,images,,rhinog-fawr-roman-steps,,content/images/mountains.csv,1.00,csv-only,subgroup=mountains
d2f367475d,images,,rhinog-fawr-roman-steps,,content/images/mountains.csv,1.00,csv-only,subgroup=mountains
d2f367475d,images,,rhinog-fawr-roman-steps,,content/images/mountains.csv,1.00,csv-only,subgroup=mountains
d2f367475d,images,,rhinog-fawr-roman-steps,,content/images/mountains.csv,1.00,csv-only,subgroup=mountains
d2f367475d,images,,rhinog-fawr-roman-steps,,content/images/mountains.csv,1.00,csv-only,subgroup=mountains
d2f367475d,images,,rhinog-fawr-roman-steps,,content/images/mountains.csv,1.00,csv-only,subgroup=mountains
d2f367475d,images,,rhinog-fawr-roman-steps,,content/images/mountains.csv,1.00,csv-only,subgroup=mountains
d2f367475d,images,,rhinog-fawr-roman-steps,,content/images/mountains.csv,1.00,csv-only,subgroup=mountains
c5b587a085,images,Rhosneigr from Traeth Crigyll - geograph.org.uk - 4970135.jpg,rhosneigr,,content/images/beaches-north.csv,1.00,csv-only,subgroup=beaches-north
c5b587a085,images,"Traeth Crigyll, Rhosneigr - geograph.org.uk - 5046588.jpg",rhosneigr,,content/images/beaches-north.csv,1.00,csv-only,subgroup=beaches-north
c5b587a085,images,Traeth Crigyll - geograph.org.uk - 8094332.jpg,rhosneigr,,content/images/beaches-north.csv,1.00,csv-only,subgroup=beaches-north
c5b587a085,images,Arwerthiant yng Nghapel Rhosneigr (1469371).jpg,rhosneigr,,content/images/beaches-north.csv,1.00,csv-only,subgroup=beaches-north
c5b587a085,images,Arwerthiant yng Nghapel Rhosneigr (1469373).jpg,rhosneigr,,content/images/beaches-north.csv,1.00,csv-only,subgroup=beaches-north
c5b587a085,images,Golygfa tuag at Rhosneigr - geograph.org.uk - 7320971.jpg,rhosneigr,,content/images/beaches-north.csv,1.00,csv-only,subgroup=beaches-north
c5b587a085,images,"Kitesurfers in Cymyran Bay, Anglesey - geograph.org.uk - 6302610.jpg",rhosneigr,,content/images/beaches-north.csv,1.00,csv-only,subgroup=beaches-north
c5b587a085,images,Rhosneigr Clock Tower 01 977.PNG,rhosneigr,,content/images/beaches-north.csv,1.00,csv-only,subgroup=beaches-north
c5b587a085,images,Rhosneigr Disaster Memorial 01 977.PNG,rhosneigr,,content/images/beaches-north.csv,1.00,csv-only,subgroup=beaches-north
c5b587a085,images,Rhosneigr Swyddfa'r Post 01 977.PNG,rhosneigr,,content/images/beaches-north.csv,1.00,csv-only,subgroup=beaches-north
0edc28e6c4,images,,rhossili-bay,,content/images/beaches-south.csv,1.00,csv-only,subgroup=beaches-south
0edc28e6c4,images,,rhossili-bay,,content/images/beaches-south.csv,1.00,csv-only,subgroup=beaches-south
0edc28e6c4,images,,rhossili-bay,,content/images/beaches-south.csv,1.00,csv-only,subgroup=beaches-south
0edc28e6c4,images,,rhossili-bay,,content/images/beaches-south.csv,1.00,csv-only,subgroup=beaches-south
0edc28e6c4,images,,rhossili-bay,,content/images/beaches-south.csv,1.00,csv-only,subgroup=beaches-south
0edc28e6c4,images,,rhossili-bay,,content/images/beaches-south.csv,1.00,csv-only,subgroup=beaches-south
0edc28e6c4,images,,rhossili-bay,,content/images/beaches-south.csv,1.00,csv-only,subgroup=beaches-south
0edc28e6c4,images,,rhossili-bay,,content/images/beaches-south.csv,1.00,csv-only,subgroup=beaches-south
0edc28e6c4,images,,rhossili-bay,,content/images/beaches-south.csv,1.00,csv-only,subgroup=beaches-south
0edc28e6c4,images,,rhossili-bay,,content/images/beaches-south.csv,1.00,csv-only,subgroup=beaches-south
8570c7ad1b,images,,rotherslade-bay,,content/images/beaches-south.csv,1.00,csv-only,subgroup=beaches-south
c1f1b8855c,images,,saundersfoot,,content/images/beaches-south.csv,1.00,csv-only,subgroup=beaches-south
c1f1b8855c,images,,saundersfoot,,content/images/beaches-south.csv,1.00,csv-only,subgroup=beaches-south
c1f1b8855c,images,,saundersfoot,,content/images/beaches-south.csv,1.00,csv-only,subgroup=beaches-south
c1f1b8855c,images,,saundersfoot,,content/images/beaches-south.csv,1.00,csv-only,subgroup=beaches-south
c1f1b8855c,images,,saundersfoot,,content/images/beaches-south.csv,1.00,csv-only,subgroup=beaches-south
c1f1b8855c,images,,saundersfoot,,content/images/beaches-south.csv,1.00,csv-only,subgroup=beaches-south
5f8cbc2bbf,images,Across Shell Island - geograph.org.uk - 5988607.jpg,shell-island,,content/images/beaches-north.csv,1.00,csv-only,subgroup=beaches-north
5f8cbc2bbf,images,Camping on Shell Island (Mochras) - geograph.org.uk - 6076117.jpg,shell-island,,content/images/beaches-north.csv,1.00,csv-only,subgroup=beaches-north
5f8cbc2bbf,images,Camping on Shell Island - geograph.org.uk - 5988618.jpg,shell-island,,content/images/beaches-north.csv,1.00,csv-only,subgroup=beaches-north
5f8cbc2bbf,images,Dunes on Shell Island (Mochras) - geograph.org.uk - 6076112.jpg,shell-island,,content/images/beaches-north.csv,1.00,csv-only,subgroup=beaches-north
5f8cbc2bbf,images,Foryd ger Mochras - Estuary near Mochras (Shell Island) - geograph.org.uk - 3924146.jpg,shell-island,,content/images/beaches-north.csv,1.00,csv-only,subgroup=beaches-north
5f8cbc2bbf,images,Llandanwg Pensarn Harbour and Shell Island.jpg,shell-island,,content/images/beaches-north.csv,1.00,csv-only,subgroup=beaches-north
5f8cbc2bbf,images,Llandanwg and Shell Island beach.jpg,shell-island,,content/images/beaches-north.csv,1.00,csv-only,subgroup=beaches-north
5f8cbc2bbf,images,Mochras (Shell Island) - geograph.org.uk - 5060918.jpg,shell-island,,content/images/beaches-north.csv,1.00,csv-only,subgroup=beaches-north
5f8cbc2bbf,images,Path to Shell Island - geograph.org.uk - 6076102.jpg,shell-island,,content/images/beaches-north.csv,1.00,csv-only,subgroup=beaches-north
5f8cbc2bbf,images,Roads on Shell Island (Mochras) - geograph.org.uk - 6076114.jpg,shell-island,,content/images/beaches-north.csv,1.00,csv-only,subgroup=beaches-north
80e7d933d5,images,,skirrid-fawr,,content/images/mountains.csv,1.00,csv-only,subgroup=mountains
80e7d933d5,images,,skirrid-fawr,,content/images/mountains.csv,1.00,csv-only,subgroup=mountains
80e7d933d5,images,,skirrid-fawr,,content/images/mountains.csv,1.00,csv-only,subgroup=mountains
80e7d933d5,images,,skirrid-fawr,,content/images/mountains.csv,1.00,csv-only,subgroup=mountains
80e7d933d5,images,,skirrid-fawr,,content/images/mountains.csv,1.00,csv-only,subgroup=mountains
80e7d933d5,images,,skirrid-fawr,,content/images/mountains.csv,1.00,csv-only,subgroup=mountains
80e7d933d5,images,,skirrid-fawr,,content/images/mountains.csv,1.00,csv-only,subgroup=mountains
0a89715a32,images,,snowdon-llanberis,,content/images/mountains.csv,1.00,csv-only,subgroup=mountains
0a89715a32,images,,snowdon-llanberis,,content/images/mountains.csv,1.00,csv-only,subgroup=mountains
0a89715a32,images,,snowdon-llanberis,,content/images/mountains.csv,1.00,csv-only,subgroup=mountains
0a89715a32,images,,snowdon-llanberis,,content/images/mountains.csv,1.00,csv-only,subgroup=mountains
0a89715a32,images,,snowdon-llanberis,,content/images/mountains.csv,1.00,csv-only,subgroup=mountains
0a89715a32,images,,snowdon-llanberis,,content/images/mountains.csv,1.00,csv-only,subgroup=mountains
0a89715a32,images,,snowdon-llanberis,,content/images/mountains.csv,1.00,csv-only,subgroup=mountains
0a89715a32,images,,snowdon-llanberis,,content/images/mountains.csv,1.00,csv-only,subgroup=mountains
0a89715a32,images,,snowdon-llanberis,,content/images/mountains.csv,1.00,csv-only,subgroup=mountains
0a89715a32,images,,snowdon-llanberis,,content/images/mountains.csv,1.00,csv-only,subgroup=mountains
2802e107fc,images,,snowdon-miners,,content/images/mountains.csv,1.00,csv-only,subgroup=mountains
2802e107fc,images,,snowdon-miners,,content/images/mountains.csv,1.00,csv-only,subgroup=mountains
2802e107fc,images,,snowdon-miners,,content/images/mountains.csv,1.00,csv-only,subgroup=mountains
2802e107fc,images,,snowdon-miners,,content/images/mountains.csv,1.00,csv-only,subgroup=mountains
2802e107fc,images,,snowdon-miners,,content/images/mountains.csv,1.00,csv-only,subgroup=mountains
2802e107fc,images,,snowdon-miners,,content/images/mountains.csv,1.00,csv-only,subgroup=mountains
2802e107fc,images,,snowdon-miners,,content/images/mountains.csv,1.00,csv-only,subgroup=mountains
2802e107fc,images,,snowdon-miners,,content/images/mountains.csv,1.00,csv-only,subgroup=mountains
2802e107fc,images,,snowdon-miners,,content/images/mountains.csv,1.00,csv-only,subgroup=mountains
2802e107fc,images,,snowdon-miners,,content/images/mountains.csv,1.00,csv-only,subgroup=mountains
c9c4373394,images,,snowdon-pyg,,content/images/mountains.csv,1.00,csv-only,subgroup=mountains
c9c4373394,images,,snowdon-pyg,,content/images/mountains.csv,1.00,csv-only,subgroup=mountains
c9c4373394,images,,snowdon-pyg,,content/images/mountains.csv,1.00,csv-only,subgroup=mountains
c9c4373394,images,,snowdon-pyg,,content/images/mountains.csv,1.00,csv-only,subgroup=mountains
c9c4373394,images,,snowdon-pyg,,content/images/mountains.csv,1.00,csv-only,subgroup=mountains
c9c4373394,images,,snowdon-pyg,,content/images/mountains.csv,1.00,csv-only,subgroup=mountains
c9c4373394,images,,snowdon-pyg,,content/images/mountains.csv,1.00,csv-only,subgroup=mountains
c9c4373394,images,,snowdon-pyg,,content/images/mountains.csv,1.00,csv-only,subgroup=mountains
c9c4373394,images,,snowdon-pyg,,content/images/mountains.csv,1.00,csv-only,subgroup=mountains
c9c4373394,images,,snowdon-pyg,,content/images/mountains.csv,1.00,csv-only,subgroup=mountains
6e72b08041,images,,snowdon-ranger,,content/images/mountains.csv,1.00,csv-only,subgroup=mountains
6e72b08041,images,,snowdon-ranger,,content/images/mountains.csv,1.00,csv-only,subgroup=mountains
6e72b08041,images,,snowdon-ranger,,content/images/mountains.csv,1.00,csv-only,subgroup=mountains
6e72b08041,images,,snowdon-ranger,,content/images/mountains.csv,1.00,csv-only,subgroup=mountains
6e72b08041,images,,snowdon-ranger,,content/images/mountains.csv,1.00,csv-only,subgroup=mountains
6e72b08041,images,,snowdon-ranger,,content/images/mountains.csv,1.00,csv-only,subgroup=mountains
6e72b08041,images,,snowdon-ranger,,content/images/mountains.csv,1.00,csv-only,subgroup=mountains
6e72b08041,images,,snowdon-ranger,,content/images/mountains.csv,1.00,csv-only,subgroup=mountains
6e72b08041,images,,snowdon-ranger,,content/images/mountains.csv,1.00,csv-only,subgroup=mountains
6e72b08041,images,,snowdon-ranger,,content/images/mountains.csv,1.00,csv-only,subgroup=mountains
92f164305d,images,,snowdon-rhyd-ddu,,content/images/mountains.csv,1.00,csv-only,subgroup=mountains
92f164305d,images,,snowdon-rhyd-ddu,,content/images/mountains.csv,1.00,csv-only,subgroup=mountains
92f164305d,images,,snowdon-rhyd-ddu,,content/images/mountains.csv,1.00,csv-only,subgroup=mountains
92f164305d,images,,snowdon-rhyd-ddu,,content/images/mountains.csv,1.00,csv-only,subgroup=mountains
92f164305d,images,,snowdon-rhyd-ddu,,content/images/mountains.csv,1.00,csv-only,subgroup=mountains
92f164305d,images,,snowdon-rhyd-ddu,,content/images/mountains.csv,1.00,csv-only,subgroup=mountains
92f164305d,images,,snowdon-rhyd-ddu,,content/images/mountains.csv,1.00,csv-only,subgroup=mountains
92f164305d,images,,snowdon-rhyd-ddu,,content/images/mountains.csv,1.00,csv-only,subgroup=mountains
92f164305d,images,,snowdon-rhyd-ddu,,content/images/mountains.csv,1.00,csv-only,subgroup=mountains
92f164305d,images,,snowdon-rhyd-ddu,,content/images/mountains.csv,1.00,csv-only,subgroup=mountains
2465274680,images,,snowdon-watkin,,content/images/mountains.csv,1.00,csv-only,subgroup=mountains
2465274680,images,,snowdon-watkin,,content/images/mountains.csv,1.00,csv-only,subgroup=mountains
2465274680,images,,snowdon-watkin,,content/images/mountains.csv,1.00,csv-only,subgroup=mountains
2465274680,images,,snowdon-watkin,,content/images/mountains.csv,1.00,csv-only,subgroup=mountains
2465274680,images,,snowdon-watkin,,content/images/mountains.csv,1.00,csv-only,subgroup=mountains
2465274680,images,,snowdon-watkin,,content/images/mountains.csv,1.00,csv-only,subgroup=mountains
2465274680,images,,snowdon-watkin,,content/images/mountains.csv,1.00,csv-only,subgroup=mountains
2465274680,images,,snowdon-watkin,,content/images/mountains.csv,1.00,csv-only,subgroup=mountains
2465274680,images,,snowdon-watkin,,content/images/mountains.csv,1.00,csv-only,subgroup=mountains
2465274680,images,,snowdon-watkin,,content/images/mountains.csv,1.00,csv-only,subgroup=mountains
a77803ee43,images,,stackpole-quay,,content/images/beaches-south.csv,1.00,csv-only,subgroup=beaches-south
a77803ee43,images,,stackpole-quay,,content/images/beaches-south.csv,1.00,csv-only,subgroup=beaches-south
a77803ee43,images,,stackpole-quay,,content/images/beaches-south.csv,1.00,csv-only,subgroup=beaches-south
a77803ee43,images,,stackpole-quay,,content/images/beaches-south.csv,1.00,csv-only,subgroup=beaches-south
a77803ee43,images,,stackpole-quay,,content/images/beaches-south.csv,1.00,csv-only,subgroup=beaches-south
a77803ee43,images,,stackpole-quay,,content/images/beaches-south.csv,1.00,csv-only,subgroup=beaches-south
a77803ee43,images,,stackpole-quay,,content/images/beaches-south.csv,1.00,csv-only,subgroup=beaches-south
7074596571,images,,sugar-loaf,,content/images/mountains.csv,1.00,csv-only,subgroup=mountains
7074596571,images,,sugar-loaf,,content/images/mountains.csv,1.00,csv-only,subgroup=mountains
7074596571,images,,sugar-loaf,,content/images/mountains.csv,1.00,csv-only,subgroup=mountains
7074596571,images,,sugar-loaf,,content/images/mountains.csv,1.00,csv-only,subgroup=mountains
7074596571,images,,sugar-loaf,,content/images/mountains.csv,1.00,csv-only,subgroup=mountains
7074596571,images,,sugar-loaf,,content/images/mountains.csv,1.00,csv-only,subgroup=mountains
7074596571,images,,sugar-loaf,,content/images/mountains.csv,1.00,csv-only,subgroup=mountains
7074596571,images,,sugar-loaf,,content/images/mountains.csv,1.00,csv-only,subgroup=mountains
7074596571,images,,sugar-loaf,,content/images/mountains.csv,1.00,csv-only,subgroup=mountains
7074596571,images,,sugar-loaf,,content/images/mountains.csv,1.00,csv-only,subgroup=mountains
8ec7ad5aca,images,,table-mountain-crickhowell,,content/images/mountains.csv,1.00,csv-only,subgroup=mountains
8ec7ad5aca,images,,table-mountain-crickhowell,,content/images/mountains.csv,1.00,csv-only,subgroup=mountains
8ec7ad5aca,images,,table-mountain-crickhowell,,content/images/mountains.csv,1.00,csv-only,subgroup=mountains
8ec7ad5aca,images,,table-mountain-crickhowell,,content/images/mountains.csv,1.00,csv-only,subgroup=mountains
8ec7ad5aca,images,,table-mountain-crickhowell,,content/images/mountains.csv,1.00,csv-only,subgroup=mountains
8ec7ad5aca,images,,table-mountain-crickhowell,,content/images/mountains.csv,1.00,csv-only,subgroup=mountains
8ec7ad5aca,images,,table-mountain-crickhowell,,content/images/mountains.csv,1.00,csv-only,subgroup=mountains
8ec7ad5aca,images,,table-mountain-crickhowell,,content/images/mountains.csv,1.00,csv-only,subgroup=mountains
8ec7ad5aca,images,,table-mountain-crickhowell,,content/images/mountains.csv,1.00,csv-only,subgroup=mountains
8ec7ad5aca,images,,table-mountain-crickhowell,,content/images/mountains.csv,1.00,csv-only,subgroup=mountains
acb0b89e9f,images,,tal-y-fan,,content/images/mountains.csv,1.00,csv-only,subgroup=mountains
acb0b89e9f,images,,tal-y-fan,,content/images/mountains.csv,1.00,csv-only,subgroup=mountains
acb0b89e9f,images,,tal-y-fan,,content/images/mountains.csv,1.00,csv-only,subgroup=mountains
acb0b89e9f,images,,tal-y-fan,,content/images/mountains.csv,1.00,csv-only,subgroup=mountains
acb0b89e9f,images,,tal-y-fan,,content/images/mountains.csv,1.00,csv-only,subgroup=mountains
acb0b89e9f,images,,tal-y-fan,,content/images/mountains.csv,1.00,csv-only,subgroup=mountains
acb0b89e9f,images,,tal-y-fan,,content/images/mountains.csv,1.00,csv-only,subgroup=mountains
acb0b89e9f,images,,tal-y-fan,,content/images/mountains.csv,1.00,csv-only,subgroup=mountains
acb0b89e9f,images,,tal-y-fan,,content/images/mountains.csv,1.00,csv-only,subgroup=mountains
acb0b89e9f,images,,tal-y-fan,,content/images/mountains.csv,1.00,csv-only,subgroup=mountains
43df05fefa,images,,talybont-reservoir,,content/images/mountains.csv,1.00,csv-only,subgroup=mountains
43df05fefa,images,,talybont-reservoir,,content/images/mountains.csv,1.00,csv-only,subgroup=mountains
43df05fefa,images,,talybont-reservoir,,content/images/mountains.csv,1.00,csv-only,subgroup=mountains
43df05fefa,images,,talybont-reservoir,,content/images/mountains.csv,1.00,csv-only,subgroup=mountains
43df05fefa,images,,talybont-reservoir,,content/images/mountains.csv,1.00,csv-only,subgroup=mountains
43df05fefa,images,,talybont-reservoir,,content/images/mountains.csv,1.00,csv-only,subgroup=mountains
43df05fefa,images,,talybont-reservoir,,content/images/mountains.csv,1.00,csv-only,subgroup=mountains
43df05fefa,images,,talybont-reservoir,,content/images/mountains.csv,1.00,csv-only,subgroup=mountains
43df05fefa,images,,talybont-reservoir,,content/images/mountains.csv,1.00,csv-only,subgroup=mountains
43df05fefa,images,,talybont-reservoir,,content/images/mountains.csv,1.00,csv-only,subgroup=mountains
922d81dceb,images,,tenby-north,,content/images/beaches-south.csv,1.00,csv-only,subgroup=beaches-south
922d81dceb,images,,tenby-north,,content/images/beaches-south.csv,1.00,csv-only,subgroup=beaches-south
922d81dceb,images,,tenby-north,,content/images/beaches-south.csv,1.00,csv-only,subgroup=beaches-south
922d81dceb,images,,tenby-north,,content/images/beaches-south.csv,1.00,csv-only,subgroup=beaches-south
922d81dceb,images,,tenby-north,,content/images/beaches-south.csv,1.00,csv-only,subgroup=beaches-south
922d81dceb,images,,tenby-north,,content/images/beaches-south.csv,1.00,csv-only,subgroup=beaches-south
922d81dceb,images,,tenby-north,,content/images/beaches-south.csv,1.00,csv-only,subgroup=beaches-south
efb4324a0b,images,,tenby-south,,content/images/beaches-south.csv,1.00,csv-only,subgroup=beaches-south
efb4324a0b,images,,tenby-south,,content/images/beaches-south.csv,1.00,csv-only,subgroup=beaches-south
efb4324a0b,images,,tenby-south,,content/images/beaches-south.csv,1.00,csv-only,subgroup=beaches-south
efb4324a0b,images,,tenby-south,,content/images/beaches-south.csv,1.00,csv-only,subgroup=beaches-south
efb4324a0b,images,,tenby-south,,content/images/beaches-south.csv,1.00,csv-only,subgroup=beaches-south
efb4324a0b,images,,tenby-south,,content/images/beaches-south.csv,1.00,csv-only,subgroup=beaches-south
efb4324a0b,images,,tenby-south,,content/images/beaches-south.csv,1.00,csv-only,subgroup=beaches-south
efb4324a0b,images,,tenby-south,,content/images/beaches-south.csv,1.00,csv-only,subgroup=beaches-south
efb4324a0b,images,,tenby-south,,content/images/beaches-south.csv,1.00,csv-only,subgroup=beaches-south
efb4324a0b,images,,tenby-south,,content/images/beaches-south.csv,1.00,csv-only,subgroup=beaches-south
8cad702c79,images,,three-cliffs,,content/images/swimming.csv,1.00,csv-only,subgroup=swimming
9bf5cdbc2a,images,,three-cliffs-bay,,content/images/beaches-south.csv,1.00,csv-only,subgroup=beaches-south
9bf5cdbc2a,images,,three-cliffs-bay,,content/images/beaches-south.csv,1.00,csv-only,subgroup=beaches-south
9bf5cdbc2a,images,,three-cliffs-bay,,content/images/beaches-south.csv,1.00,csv-only,subgroup=beaches-south
9bf5cdbc2a,images,,three-cliffs-bay,,content/images/beaches-south.csv,1.00,csv-only,subgroup=beaches-south
9bf5cdbc2a,images,,three-cliffs-bay,,content/images/beaches-south.csv,1.00,csv-only,subgroup=beaches-south
9bf5cdbc2a,images,,three-cliffs-bay,,content/images/beaches-south.csv,1.00,csv-only,subgroup=beaches-south
9bf5cdbc2a,images,,three-cliffs-bay,,content/images/beaches-south.csv,1.00,csv-only,subgroup=beaches-south
9bf5cdbc2a,images,,three-cliffs-bay,,content/images/beaches-south.csv,1.00,csv-only,subgroup=beaches-south
9bf5cdbc2a,images,,three-cliffs-bay,,content/images/beaches-south.csv,1.00,csv-only,subgroup=beaches-south
9bf5cdbc2a,images,,three-cliffs-bay,,content/images/beaches-south.csv,1.00,csv-only,subgroup=beaches-south
469fa61bc3,images,,tor-bay,,content/images/beaches-south.csv,1.00,csv-only,subgroup=beaches-south
b3637c941d,images,,tor-y-foel,,content/images/mountains.csv,1.00,csv-only,subgroup=mountains
b3637c941d,images,,tor-y-foel,,content/images/mountains.csv,1.00,csv-only,subgroup=mountains
b3637c941d,images,,tor-y-foel,,content/images/mountains.csv,1.00,csv-only,subgroup=mountains
b3637c941d,images,,tor-y-foel,,content/images/mountains.csv,1.00,csv-only,subgroup=mountains
b3637c941d,images,,tor-y-foel,,content/images/mountains.csv,1.00,csv-only,subgroup=mountains
b3637c941d,images,,tor-y-foel,,content/images/mountains.csv,1.00,csv-only,subgroup=mountains
b3637c941d,images,,tor-y-foel,,content/images/mountains.csv,1.00,csv-only,subgroup=mountains
b3637c941d,images,,tor-y-foel,,content/images/mountains.csv,1.00,csv-only,subgroup=mountains
b3637c941d,images,,tor-y-foel,,content/images/mountains.csv,1.00,csv-only,subgroup=mountains
b3637c941d,images,,tor-y-foel,,content/images/mountains.csv,1.00,csv-only,subgroup=mountains
2fa49a75bc,images,Broad Haven 02.JPG,traeth-llydan,,content/images/beaches-north.csv,1.00,csv-only,subgroup=beaches-north
2fa49a75bc,images,Broad Haven 03.JPG,traeth-llydan,,content/images/beaches-north.csv,1.00,csv-only,subgroup=beaches-north
2fa49a75bc,images,Broad Haven 04.JPG,traeth-llydan,,content/images/beaches-north.csv,1.00,csv-only,subgroup=beaches-north
2fa49a75bc,images,Broad Haven 09.JPG,traeth-llydan,,content/images/beaches-north.csv,1.00,csv-only,subgroup=beaches-north
2fa49a75bc,images,Broad Haven 10.JPG,traeth-llydan,,content/images/beaches-north.csv,1.00,csv-only,subgroup=beaches-north
2fa49a75bc,images,Broad Haven 11.JPG,traeth-llydan,,content/images/beaches-north.csv,1.00,csv-only,subgroup=beaches-north
2fa49a75bc,images,Broad Haven 12.JPG,traeth-llydan,,content/images/beaches-north.csv,1.00,csv-only,subgroup=beaches-north
2fa49a75bc,images,Broad Haven 13.JPG,traeth-llydan,,content/images/beaches-north.csv,1.00,csv-only,subgroup=beaches-north
2fa49a75bc,images,Broad Haven 14.JPG,traeth-llydan,,content/images/beaches-north.csv,1.00,csv-only,subgroup=beaches-north
2fa49a75bc,images,Broad Haven 16.JPG,traeth-llydan,,content/images/beaches-north.csv,1.00,csv-only,subgroup=beaches-north
42bad84211,images,A hanging valley above Traeth Penllech - geograph.org.uk - 2056841.jpg,traeth-penllech,,content/images/beaches-north.csv,1.00,csv-only,subgroup=beaches-north
42bad84211,images,A steep section of the coastal path above Traeth Penllech - geograph.org.uk - 2056839.jpg,traeth-penllech,,content/images/beaches-north.csv,1.00,csv-only,subgroup=beaches-north
42bad84211,images,Beach headland on Traeth Penllech - geograph.org.uk - 2057218.jpg,traeth-penllech,,content/images/beaches-north.csv,1.00,csv-only,subgroup=beaches-north
42bad84211,images,Beached kelp at the southern end of Traeth Penllech - geograph.org.uk - 2056694.jpg,traeth-penllech,,content/images/beaches-north.csv,1.00,csv-only,subgroup=beaches-north
42bad84211,images,Cliff-top path above the southern end of Traeth Penllech - geograph.org.uk - 2056706.jpg,traeth-penllech,,content/images/beaches-north.csv,1.00,csv-only,subgroup=beaches-north
42bad84211,images,Cliffs above Traeth Penllech - geograph.org.uk - 2056832.jpg,traeth-penllech,,content/images/beaches-north.csv,1.00,csv-only,subgroup=beaches-north
42bad84211,images,Coastal rock on Traeth Penllech - geograph.org.uk - 6894327.jpg,traeth-penllech,,content/images/beaches-north.csv,1.00,csv-only,subgroup=beaches-north
42bad84211,images,Coastal rocks and cliff on Traeth Penllech - geograph.org.uk - 6894348.jpg,traeth-penllech,,content/images/beaches-north.csv,1.00,csv-only,subgroup=beaches-north
42bad84211,images,Coastal rocks on Traeth Penllech - geograph.org.uk - 6894307.jpg,traeth-penllech,,content/images/beaches-north.csv,1.00,csv-only,subgroup=beaches-north
42bad84211,images,Coastal rocks on Traeth Penllech - geograph.org.uk - 6894312.jpg,traeth-penllech,,content/images/beaches-north.csv,1.00,csv-only,subgroup=beaches-north
de5a0fd9ec,images,A busy Trearddur Bay - geograph.org.uk - 5924403.jpg,trearddur-bay,,content/images/beaches-north.csv,1.00,csv-only,subgroup=beaches-north
de5a0fd9ec,images,Cannon at Trearddur Bay - geograph.org.uk - 6169253.jpg,trearddur-bay,,content/images/beaches-north.csv,1.00,csv-only,subgroup=beaches-north
de5a0fd9ec,images,Canoeists at Trearddur Bay - geograph.org.uk - 5344759.jpg,trearddur-bay,,content/images/beaches-north.csv,1.00,csv-only,subgroup=beaches-north
de5a0fd9ec,images,Caravan park south of Trearddur Bay - geograph.org.uk - 5925273.jpg,trearddur-bay,,content/images/beaches-north.csv,1.00,csv-only,subgroup=beaches-north
de5a0fd9ec,images,Entrance to Trearddur Bay Hotel - geograph.org.uk - 5922898.jpg,trearddur-bay,,content/images/beaches-north.csv,1.00,csv-only,subgroup=beaches-north
de5a0fd9ec,images,Holiday park at Trearddur Bay - geograph.org.uk - 5921636.jpg,trearddur-bay,,content/images/beaches-north.csv,1.00,csv-only,subgroup=beaches-north
de5a0fd9ec,images,Hotel near Trearddur Bay - geograph.org.uk - 5921634.jpg,trearddur-bay,,content/images/beaches-north.csv,1.00,csv-only,subgroup=beaches-north
de5a0fd9ec,images,"Melin y Gof, Trearddur Bay - geograph.org.uk - 5422305.jpg",trearddur-bay,,content/images/beaches-north.csv,1.00,csv-only,subgroup=beaches-north
de5a0fd9ec,images,"Millennium Cross, Trearddur Bay - geograph.org.uk - 7137919.jpg",trearddur-bay,,content/images/beaches-north.csv,1.00,csv-only,subgroup=beaches-north
de5a0fd9ec,images,"Noddfa Eglwys Unedig, Trearddur Bay - geograph.org.uk - 3791638.jpg",trearddur-bay,,content/images/beaches-north.csv,1.00,csv-only,subgroup=beaches-north
296e221494,images,Carreg y Trothwy Waterfall Tresaith Beach - geograph.org.uk - 4960892.jpg,tresaith,,content/images/beaches-north.csv,1.00,csv-only,subgroup=beaches-north
296e221494,images,Carreg y Trothwy Waterfall at Tresaith Beach - geograph.org.uk - 4960894.jpg,tresaith,,content/images/beaches-north.csv,1.00,csv-only,subgroup=beaches-north
296e221494,images,"Lifeguards hut, Tresaith beach - geograph.org.uk - 5551064.jpg",tresaith,,content/images/beaches-north.csv,1.00,csv-only,subgroup=beaches-north
296e221494,images,Looking down on Tresaith beach from the Wales Coast Path - geograph.org.uk - 6024952.jpg,tresaith,,content/images/beaches-north.csv,1.00,csv-only,subgroup=beaches-north
296e221494,images,Rocks on Beach near Tresaith in Wales.jpg,tresaith,,content/images/beaches-north.csv,1.00,csv-only,subgroup=beaches-north
296e221494,images,The beach at Tresaith - geograph.org.uk - 6024949.jpg,tresaith,,content/images/beaches-north.csv,1.00,csv-only,subgroup=beaches-north
296e221494,images,Tresaith Beach - geograph.org.uk - 4574344.jpg,tresaith,,content/images/beaches-north.csv,1.00,csv-only,subgroup=beaches-north
296e221494,images,Tresaith Beach - geograph.org.uk - 4960117.jpg,tresaith,,content/images/beaches-north.csv,1.00,csv-only,subgroup=beaches-north
296e221494,images,Tresaith Beach - geograph.org.uk - 6896437.jpg,tresaith,,content/images/beaches-north.csv,1.00,csv-only,subgroup=beaches-north
296e221494,images,Tresaith Beach - geograph.org.uk - 7368113.jpg,tresaith,,content/images/beaches-north.csv,1.00,csv-only,subgroup=beaches-north
1d3a12b986,images,,tryfan-north-ridge,,content/images/mountains.csv,1.00,csv-only,subgroup=mountains
1d3a12b986,images,,tryfan-north-ridge,,content/images/mountains.csv,1.00,csv-only,subgroup=mountains
1d3a12b986,images,,tryfan-north-ridge,,content/images/mountains.csv,1.00,csv-only,subgroup=mountains
1d3a12b986,images,,tryfan-north-ridge,,content/images/mountains.csv,1.00,csv-only,subgroup=mountains
1d3a12b986,images,,tryfan-north-ridge,,content/images/mountains.csv,1.00,csv-only,subgroup=mountains
1d3a12b986,images,,tryfan-north-ridge,,content/images/mountains.csv,1.00,csv-only,subgroup=mountains
1d3a12b986,images,,tryfan-north-ridge,,content/images/mountains.csv,1.00,csv-only,subgroup=mountains
1d3a12b986,images,,tryfan-north-ridge,,content/images/mountains.csv,1.00,csv-only,subgroup=mountains
1d3a12b986,images,,tryfan-north-ridge,,content/images/mountains.csv,1.00,csv-only,subgroup=mountains
1d3a12b986,images,,tryfan-north-ridge,,content/images/mountains.csv,1.00,csv-only,subgroup=mountains
c780d80201,images,,tryfan-south-ridge,,content/images/mountains.csv,1.00,csv-only,subgroup=mountains
aab79228fb,images,Beach access near the car park at Tywyn - geograph.org.uk - 8147461.jpg,tywyn,,content/images/beaches-north.csv,1.00,csv-only,subgroup=beaches-north
aab79228fb,images,Beach and groyne at Tywyn - geograph.org.uk - 7511236.jpg,tywyn,,content/images/beaches-north.csv,1.00,csv-only,subgroup=beaches-north
aab79228fb,images,"Beach and groynes, Tywyn - geograph.org.uk - 7552132.jpg",tywyn,,content/images/beaches-north.csv,1.00,csv-only,subgroup=beaches-north
aab79228fb,images,Beach and promenade at Tywyn - geograph.org.uk - 6968250.jpg,tywyn,,content/images/beaches-north.csv,1.00,csv-only,subgroup=beaches-north
aab79228fb,images,Beach and sea defences at Tywyn - geograph.org.uk - 6960363.jpg,tywyn,,content/images/beaches-north.csv,1.00,csv-only,subgroup=beaches-north
aab79228fb,images,Beach at Tywyn - geograph.org.uk - 2511119.jpg,tywyn,,content/images/beaches-north.csv,1.00,csv-only,subgroup=beaches-north
aab79228fb,images,Beach at Tywyn - geograph.org.uk - 6974906.jpg,tywyn,,content/images/beaches-north.csv,1.00,csv-only,subgroup=beaches-north
aab79228fb,images,Beach at Tywyn - geograph.org.uk - 6974915.jpg,tywyn,,content/images/beaches-north.csv,1.00,csv-only,subgroup=beaches-north
aab79228fb,images,Beach at Tywyn - geograph.org.uk - 6974917.jpg,tywyn,,content/images/beaches-north.csv,1.00,csv-only,subgroup=beaches-north
aab79228fb,images,Beach at Tywyn - geograph.org.uk - 6974918.jpg,tywyn,,content/images/beaches-north.csv,1.00,csv-only,subgroup=beaches-north
9fb7bdac5f,images,,west-angle-bay,,content/images/beaches-south.csv,1.00,csv-only,subgroup=beaches-south
9fb7bdac5f,images,,west-angle-bay,,content/images/beaches-south.csv,1.00,csv-only,subgroup=beaches-south
9fb7bdac5f,images,,west-angle-bay,,content/images/beaches-south.csv,1.00,csv-only,subgroup=beaches-south
9fb7bdac5f,images,,west-angle-bay,,content/images/beaches-south.csv,1.00,csv-only,subgroup=beaches-south
9fb7bdac5f,images,,west-angle-bay,,content/images/beaches-south.csv,1.00,csv-only,subgroup=beaches-south
9fb7bdac5f,images,,west-angle-bay,,content/images/beaches-south.csv,1.00,csv-only,subgroup=beaches-south
9fb7bdac5f,images,,west-angle-bay,,content/images/beaches-south.csv,1.00,csv-only,subgroup=beaches-south
9fb7bdac5f,images,,west-angle-bay,,content/images/beaches-south.csv,1.00,csv-only,subgroup=beaches-south
9fb7bdac5f,images,,west-angle-bay,,content/images/beaches-south.csv,1.00,csv-only,subgroup=beaches-south
9fb7bdac5f,images,,west-angle-bay,,content/images/beaches-south.csv,1.00,csv-only,subgroup=beaches-south
0bfb296dad,images,,whiteford-sands,,content/images/beaches-south.csv,1.00,csv-only,subgroup=beaches-south
0bfb296dad,images,,whiteford-sands,,content/images/beaches-south.csv,1.00,csv-only,subgroup=beaches-south
0bfb296dad,images,,whiteford-sands,,content/images/beaches-south.csv,1.00,csv-only,subgroup=beaches-south
7e8af7e61c,images,,whitesands,,content/images/beaches-south.csv,1.00,csv-only,subgroup=beaches-south
7e8af7e61c,images,,whitesands,,content/images/beaches-south.csv,1.00,csv-only,subgroup=beaches-south
7e8af7e61c,images,,whitesands,,content/images/beaches-south.csv,1.00,csv-only,subgroup=beaches-south
7e8af7e61c,images,,whitesands,,content/images/beaches-south.csv,1.00,csv-only,subgroup=beaches-south
7e8af7e61c,images,,whitesands,,content/images/beaches-south.csv,1.00,csv-only,subgroup=beaches-south
7e8af7e61c,images,,whitesands,,content/images/beaches-south.csv,1.00,csv-only,subgroup=beaches-south
7e8af7e61c,images,,whitesands,,content/images/beaches-south.csv,1.00,csv-only,subgroup=beaches-south
7e8af7e61c,images,,whitesands,,content/images/beaches-south.csv,1.00,csv-only,subgroup=beaches-south
7e8af7e61c,images,,whitesands,,content/images/beaches-south.csv,1.00,csv-only,subgroup=beaches-south
7e8af7e61c,images,,whitesands,,content/images/beaches-south.csv,1.00,csv-only,subgroup=beaches-south
4e87e9f662,images,,y-garn-ogwen,,content/images/mountains.csv,1.00,csv-only,subgroup=mountains
4e87e9f662,images,,y-garn-ogwen,,content/images/mountains.csv,1.00,csv-only,subgroup=mountains
4e87e9f662,images,,y-garn-ogwen,,content/images/mountains.csv,1.00,csv-only,subgroup=mountains
4e87e9f662,images,,y-garn-ogwen,,content/images/mountains.csv,1.00,csv-only,subgroup=mountains
4e87e9f662,images,,y-garn-ogwen,,content/images/mountains.csv,1.00,csv-only,subgroup=mountains
4e87e9f662,images,,y-garn-ogwen,,content/images/mountains.csv,1.00,csv-only,subgroup=mountains
4e87e9f662,images,,y-garn-ogwen,,content/images/mountains.csv,1.00,csv-only,subgroup=mountains
4e87e9f662,images,,y-garn-ogwen,,content/images/mountains.csv,1.00,csv-only,subgroup=mountains
4e87e9f662,images,,y-garn-ogwen,,content/images/mountains.csv,1.00,csv-only,subgroup=mountains
4e87e9f662,images,,y-garn-ogwen,,content/images/mountains.csv,1.00,csv-only,subgroup=mountains
6106617a2e,images,A fine day on Ynyslas beach - geograph.org.uk - 6597158.jpg,ynyslas,,content/images/beaches-north.csv,1.00,csv-only,subgroup=beaches-north
6106617a2e,images,Aberdovey from Ynyslas - panoramio.jpg,ynyslas,,content/images/beaches-north.csv,1.00,csv-only,subgroup=beaches-north
6106617a2e,images,"Across the mouth of Afon Leri, Ynyslas - geograph.org.uk - 4206750.jpg",ynyslas,,content/images/beaches-north.csv,1.00,csv-only,subgroup=beaches-north
6106617a2e,images,Along Ynyslas beach towards Aberdovey - geograph.org.uk - 5647440.jpg,ynyslas,,content/images/beaches-north.csv,1.00,csv-only,subgroup=beaches-north
6106617a2e,images,Beach and sand dunes near Ynyslas - geograph.org.uk - 4934641.jpg,ynyslas,,content/images/beaches-north.csv,1.00,csv-only,subgroup=beaches-north
6106617a2e,images,"Beach parking, Ynyslas - geograph.org.uk - 4300996.jpg",ynyslas,,content/images/beaches-north.csv,1.00,csv-only,subgroup=beaches-north
6106617a2e,images,"Cobble bank, Ynyslas beach - geograph.org.uk - 6597154.jpg",ynyslas,,content/images/beaches-north.csv,1.00,csv-only,subgroup=beaches-north
6106617a2e,images,"Groynes, Ynyslas beach - geograph.org.uk - 6597174.jpg",ynyslas,,content/images/beaches-north.csv,1.00,csv-only,subgroup=beaches-north
6106617a2e,images,Nessie's cousin visits Ynyslas shingle beach - geograph.org.uk - 8067153.jpg,ynyslas,,content/images/beaches-north.csv,1.00,csv-only,subgroup=beaches-north
6106617a2e,images,Sand dunes and beach at Ynyslas - geograph.org.uk - 4934634.jpg,ynyslas,,content/images/beaches-north.csv,1.00,csv-only,subgroup=beaches-north
e1fa23d23d,images,,yr-aran,,content/images/mountains.csv,0.89,csv-only,subgroup=mountains
e1fa23d23d,images,,yr-aran,,content/images/mountains.csv,1.00,csv-only,subgroup=mountains
e1fa23d23d,images,,yr-aran,,content/images/mountains.csv,1.00,csv-only,subgroup=mountains
e1fa23d23d,images,,yr-aran,,content/images/mountains.csv,1.00,csv-only,subgroup=mountains
e1fa23d23d,images,,yr-aran,,content/images/mountains.csv,1.00,csv-only,subgroup=mountains
e1fa23d23d,images,,yr-aran,,content/images/mountains.csv,1.00,csv-only,subgroup=mountains
e1fa23d23d,images,,yr-aran,,content/images/mountains.csv,1.00,csv-only,subgroup=mountains
e1fa23d23d,images,,yr-aran,,content/images/mountains.csv,1.00,csv-only,subgroup=mountains
e1fa23d23d,images,,yr-aran,,content/images/mountains.csv,1.00,csv-only,subgroup=mountains
e1fa23d23d,images,,yr-aran,,content/images/mountains.csv,1.00,csv-only,subgroup=mountains
a8197e1948,images,,ysgyryd-fach,,content/images/mountains.csv,1.00,csv-only,subgroup=mountains
a8197e1948,images,,ysgyryd-fach,,content/images/mountains.csv,1.00,csv-only,subgroup=mountains
a8197e1948,images,,ysgyryd-fach,,content/images/mountains.csv,1.00,csv-only,subgroup=mountains
a8197e1948,images,,ysgyryd-fach,,content/images/mountains.csv,1.00,csv-only,subgroup=mountains
770e966bba,info,Aberdyfi Webcam,aberdyfi-webcam,Aberdyfi,content/info/webcams.csv,1.00,csv-only,subgroup=webcams
6f20156ca3,info,Aberporth Weather,aberporth-weather,Aberporth,content/info/webcams.csv,1.00,csv-only,subgroup=webcams
b647b1f0df,info,Abersoch Yacht Club,abersoch-yacht-club,Abersoch,content/info/webcams.csv,1.00,csv-only,subgroup=webcams
ed3647ddec,info,Aberystwyth Promenade,aberystwyth-promenade,Aberystwyth,content/info/webcams.csv,1.00,csv-only,subgroup=webcams
ce67a44f30,info,Angel Bay (Little Orme),angel-bay,north-wales,content/info/wildlife.csv,1.00,csv-only,subgroup=wildlife
174ea4ed01,info,Bala Lake Webcam,bala-lake-webcam,Bala,content/info/webcams.csv,1.00,csv-only,subgroup=webcams
87e32b0378,info,Bardsey Island (Ynys Enlli),bardsey-island,llyn-peninsula,content/info/wildlife.csv,1.00,csv-only,subgroup=wildlife
954042cac2,info,Barmouth Harbour,barmouth-harbour,Barmouth,content/info/webcams.csv,1.00,csv-only,subgroup=webcams
d641dbf278,info,Barry Island,barry-island,Barry,content/info/webcams.csv,1.00,csv-only,subgroup=webcams
db13d88ab3,info,Borth Beach,borth-beach,Borth,content/info/webcams.csv,1.00,csv-only,subgroup=webcams
bab54993be,info,Bosherston Lily Ponds,bosherston-lily-ponds,pembrokeshire,content/info/wildlife.csv,1.00,csv-only,subgroup=wildlife
200dca986d,info,Broad Haven Beach,broad-haven-beach,Broad Haven,content/info/webcams.csv,1.00,csv-only,subgroup=webcams
2a31f90495,info,Bwlch Nant yr Arian,bwlch-nant-yr-arian,mid-wales,content/info/wildlife.csv,1.00,csv-only,subgroup=wildlife
03a3b9b864,info,Cader Idris Weather,cader-idris-weather,Cader Idris,content/info/webcams.csv,1.00,csv-only,subgroup=webcams
af85fcb05b,info,Capel Curig Weather,capel-curig-weather,Capel Curig,content/info/webcams.csv,1.00,csv-only,subgroup=webcams
ba582e70e1,info,Cardiff Bay,cardiff-bay,Cardiff,content/info/webcams.csv,1.00,csv-only,subgroup=webcams
d68a3effbd,info,Cardigan Bay,cardigan-bay,Gwbert,content/info/webcams.csv,1.00,csv-only,subgroup=webcams
b3754e6ee8,info,New Quay (Cardigan Bay),cardigan-bay-dolphins-new-quay,mid-wales,content/info/wildlife.csv,1.00,csv-only,subgroup=wildlife
d76ac81cce,info,Caswell Bay Surf,caswell-bay-surf,Caswell Bay,content/info/webcams.csv,1.00,csv-only,subgroup=webcams
aa33a6bc0a,info,Cemlyn Bay,cemlyn-bay,anglesey,content/info/wildlife.csv,1.00,csv-only,subgroup=wildlife
e1d455e835,info,Conwy Castle,conwy-castle,Conwy,content/info/webcams.csv,1.00,csv-only,subgroup=webcams
fb2f7901a3,info,RSPB Conwy,conwy-rspb,north-wales,content/info/wildlife.csv,1.00,csv-only,subgroup=wildlife
1a612b5f5c,info,Cors Goch,cors-goch,anglesey,content/info/wildlife.csv,1.00,csv-only,subgroup=wildlife
bc9a9e574a,info,Dyfi Osprey Project,dyfi-osprey-project,mid-wales,content/info/wildlife.csv,1.00,csv-only,subgroup=wildlife
cd8326dd11,info,Elan Valley,elan-valley,mid-wales,content/info/wildlife.csv,1.00,csv-only,subgroup=wildlife
4d8ce627b2,info,Fishguard Harbour,fishguard-harbour,Fishguard,content/info/webcams.csv,1.00,csv-only,subgroup=webcams
cfee824277,info,Freshwater West Surf,freshwater-west-surf,Freshwater West,content/info/webcams.csv,1.00,csv-only,subgroup=webcams
1032424b8d,info,Gigrin Farm Red Kite Centre,gigrin-farm,mid-wales,content/info/wildlife.csv,1.00,csv-only,subgroup=wildlife
bdb825d018,info,Gilfach Nature Reserve,gilfach-farm,mid-wales,content/info/wildlife.csv,1.00,csv-only,subgroup=wildlife
54d85d7ace,info,Glaslyn Osprey Cam,glaslyn-osprey-cam,Porthmadog,content/info/webcams.csv,1.00,csv-only,subgroup=webcams
369b390fc1,info,Glaslyn Osprey Project,glaslyn-osprey-project,snowdonia,content/info/wildlife.csv,1.00,csv-only,subgroup=wildlife
d4fb7942bc,info,Goldcliff Lagoons,goldcliff-lagoons,south-wales,content/info/wildlife.csv,1.00,csv-only,subgroup=wildlife
35a2d96fec,info,Grassholm Island,grassholm-island,pembrokeshire,content/info/wildlife.csv,1.00,csv-only,subgroup=wildlife
c96b14ead7,info,Great Orme,great-orme-goats,north-wales,content/info/wildlife.csv,1.00,csv-only,subgroup=wildlife
055ea05bea,info,Gwaith Powdwr,gwaith-powdwr,snowdonia,content/info/wildlife.csv,1.00,csv-only,subgroup=wildlife
470696688c,info,Hawarden Airport,hawarden-airport,Hawarden,content/info/webcams.csv,1.00,csv-only,subgroup=webcams
e570e5f5dd,info,Hell's Mouth Surf,hell-s-mouth-surf,Porth Neigwl,content/info/webcams.csv,1.00,csv-only,subgroup=webcams
27aef3d019,info,Holyhead Breakwater,holyhead-breakwater,Holyhead,content/info/webcams.csv,1.00,csv-only,subgroup=webcams
ca9f14a28a,info,Kenfig National Nature Reserve,kenfig,south-wales,content/info/wildlife.csv,1.00,csv-only,subgroup=wildlife
ec3e4ae6a3,info,Lake Vyrnwy,lake-vyrnwy,mid-wales,content/info/wildlife.csv,1.00,csv-only,subgroup=wildlife
13fa97c9b1,info,Lake Vyrnwy Weather,lake-vyrnwy-weather,Lake Vyrnwy,content/info/webcams.csv,1.00,csv-only,subgroup=webcams
eecfed0aa8,info,Langland Bay Surf,langland-bay-surf,Langland Bay,content/info/webcams.csv,1.00,csv-only,subgroup=webcams
5f5c0bc7b3,info,Llandudno Pier,llandudno-pier,Llandudno,content/info/webcams.csv,1.00,csv-only,subgroup=webcams
4052a7cd86,info,Llangennith Surf,llangennith-surf,Llangennith,content/info/webcams.csv,1.00,csv-only,subgroup=webcams
551d66ea94,info,Manorbier Surf,manorbier-surf,Manorbier,content/info/webcams.csv,1.00,csv-only,subgroup=webcams
4d096d4540,info,Menai Suspension Bridge,menai-suspension-bridge,Menai Bridge,content/info/webcams.csv,1.00,csv-only,subgroup=webcams
ea1eb478d2,info,Milford Haven Weather,milford-haven-weather,Milford Haven,content/info/webcams.csv,1.00,csv-only,subgroup=webcams
099ae6b14b,info,Mumbles,mumbles,Mumbles,content/info/webcams.csv,1.00,csv-only,subgroup=webcams
c8e3d731bf,info,Mumbles Head Weather,mumbles-head-weather,Mumbles,content/info/webcams.csv,1.00,csv-only,subgroup=webcams
d4f3137c85,info,Mwnt,mwnt-dolphins,mid-wales,content/info/wildlife.csv,1.00,csv-only,subgroup=wildlife
e9c129f429,info,New Quay Harbour,new-quay-harbour,New Quay,content/info/webcams.csv,1.00,csv-only,subgroup=webcams
051b7d991e,info,Newborough Forest,newborough-forest,anglesey,content/info/wildlife.csv,1.00,csv-only,subgroup=wildlife
bde156ed9e,info,Newgale Surf,newgale-surf,Newgale,content/info/webcams.csv,1.00,csv-only,subgroup=webcams
00069c213b,info,Newport Wetlands,newport-wetlands,south-wales,content/info/wildlife.csv,1.00,csv-only,subgroup=wildlife
47ffda4d2d,info,Ogwen Valley,ogwen-valley,Ogwen,content/info/webcams.csv,1.00,csv-only,subgroup=webcams
9c0f60e03e,info,Pen y Fan Weather,pen-y-fan-weather,Pen y Fan,content/info/webcams.csv,1.00,csv-only,subgroup=webcams
ce20729716,info,Penarth Pier,penarth-pier,Penarth,content/info/webcams.csv,1.00,csv-only,subgroup=webcams
f48a72a5ca,info,Plas y Brenin,plas-y-brenin,Capel Curig,content/info/webcams.csv,1.00,csv-only,subgroup=webcams
3f960d9292,info,Point of Ayr,point-of-ayr,north-wales,content/info/wildlife.csv,1.00,csv-only,subgroup=wildlife
f3a6484a70,info,Porth Oer Surf,porth-oer-surf,Whistling Sands,content/info/webcams.csv,1.00,csv-only,subgroup=webcams
3355539dd7,info,Porthcawl Pier,porthcawl-pier,Porthcawl,content/info/webcams.csv,1.00,csv-only,subgroup=webcams
02b9865bf1,info,Porthcawl Rest Bay,porthcawl-rest-bay,Porthcawl,content/info/webcams.csv,1.00,csv-only,subgroup=webcams
05a82a24eb,info,Portmeirion,portmeirion,Portmeirion,content/info/webcams.csv,1.00,csv-only,subgroup=webcams
4c59b0b169,info,Puffin Island (Ynys Seiriol),puffin-island,anglesey,content/info/wildlife.csv,1.00,csv-only,subgroup=wildlife
0b26e34c85,info,Ramsey Island,ramsey-island,pembrokeshire,content/info/wildlife.csv,1.00,csv-only,subgroup=wildlife
274f46b490,info,Rhosneigr Beach,rhosneigr-beach,Rhosneigr,content/info/webcams.csv,1.00,csv-only,subgroup=webcams
079a849ca1,info,Rhossili Bay,rhossili-bay,Rhossili,content/info/webcams.csv,1.00,csv-only,subgroup=webcams
310004e000,info,Rhossili Surf,rhossili-surf,Rhossili,content/info/webcams.csv,1.00,csv-only,subgroup=webcams
8e87ca3601,info,Rhyl Beach,rhyl-beach,Rhyl,content/info/webcams.csv,1.00,csv-only,subgroup=webcams
8e13e755ad,info,Saundersfoot Harbour,saundersfoot-harbour,Saundersfoot,content/info/webcams.csv,1.00,csv-only,subgroup=webcams
699e48a19c,info,Sennybridge Weather,sennybridge-weather,Sennybridge,content/info/webcams.csv,1.00,csv-only,subgroup=webcams
3ab905d079,info,Skokholm Island,skokholm-island,pembrokeshire,content/info/wildlife.csv,1.00,csv-only,subgroup=wildlife
10ba00f98d,info,Skomer Island,skomer-island,pembrokeshire,content/info/wildlife.csv,1.00,csv-only,subgroup=wildlife
bdce659415,info,Snowdon Summit Webcam,snowdon-summit-webcam,Snowdon,content/info/webcams.csv,1.00,csv-only,subgroup=webcams
6ff7c98b39,info,South Stack Cliffs,south-stack,anglesey,content/info/wildlife.csv,1.00,csv-only,subgroup=wildlife
54b7bb3348,info,St Davids Cathedral,st-davids-cathedral,St Davids,content/info/webcams.csv,1.00,csv-only,subgroup=webcams
0bd986c58e,info,Storey Arms,storey-arms,Brecon Beacons,content/info/webcams.csv,1.00,csv-only,subgroup=webcams
005f207866,info,Surf Snowdonia,surf-snowdonia,Dolgarrog,content/info/webcams.csv,1.00,csv-only,subgroup=webcams
bbbbfa99e8,info,Teifi Marshes,teifi-marshes,mid-wales,content/info/wildlife.csv,1.00,csv-only,subgroup=wildlife
84ed83337a,info,Tenby Harbour,tenby-harbour,Tenby,content/info/webcams.csv,1.00,csv-only,subgroup=webcams
3f9ca46ed8,info,Tenby South Beach,tenby-south-beach,Tenby,content/info/webcams.csv,1.00,csv-only,subgroup=webcams
80ce50770a,info,Trearddur Bay,trearddur-bay,Trearddur Bay,content/info/webcams.csv,1.00,csv-only,subgroup=webcams
add75c86d9,info,Valley Weather,valley-weather,Valley,content/info/webcams.csv,1.00,csv-only,subgroup=webcams
6ebb81722b,info,Whitesands Bay Surf,whitesands-bay-surf,Whitesands,content/info/webcams.csv,1.00,csv-only,subgroup=webcams
68f7746f2a,info,Worm's Head,worms-head,gower,content/info/wildlife.csv,1.00,csv-only,subgroup=wildlife
6e46e7b53b,info,RSPB Ynys-hir,ynys-hir,mid-wales,content/info/wildlife.csv,1.00,csv-only,subgroup=wildlife
063e86e75b,locations,Aberdaron,aberdaron,Llŷn Peninsula,content/locations.csv,1.00,csv-only,
9499e3600f,locations,Abereiddy Blue Lagoon,abereiddy-blue-lagoon,Pembrokeshire,content/locations.csv,1.00,csv-only,
cc3579d212,locations,Abersoch,abersoch,Llŷn Peninsula,content/locations.csv,1.00,csv-only,
c4ab1ed2a3,locations,Aberystwyth,aberystwyth,Mid Wales,content/locations.csv,1.00,csv-only,
9cf95348f1,locations,Bala - White Water Centre,bala-white-water-centre,Snowdonia,content/locations.csv,1.00,csv-only,
3654b693bb,locations,Barafundle Bay,barafundle-bay,Pembrokeshire,content/locations.csv,1.00,csv-only,
0e58601c01,locations,Betws-y-Coed,betws-y-coed,Snowdonia,content/locations.csv,1.00,csv-only,
a3a77a9eb6,locations,BikePark Wales,bikepark-wales,Brecon Beacons,content/locations.csv,1.00,csv-only,
4ea2b98032,locations,Black Mountains,black-mountains,Brecon Beacons,content/locations.csv,1.00,csv-only,
08f886c7d8,locations,Blaenau Ffestiniog (Antur Stiniog),blaenau-ffestiniog-antur-stiniog,Snowdonia,content/locations.csv,1.00,csv-only,
1f2e5935cc,locations,Borth Beach,borth-beach,Mid Wales,content/locations.csv,1.00,csv-only,
50f56db868,locations,Capel Curig (Plas y Brenin),capel-curig-plas-y-brenin,Snowdonia,content/locations.csv,1.00,csv-only,
ad9163a2f9,locations,Caswell Bay,caswell-bay,Gower,content/locations.csv,1.00,csv-only,
825e86dc99,locations,Cemaes Bay,cemaes-bay,Anglesey,content/locations.csv,1.00,csv-only,
92717f1f14,locations,Church Bay,church-bay,Anglesey,content/locations.csv,1.00,csv-only,
f26cd5ef78,locations,Coed y Brenin Visitor Centre,coed-y-brenin-visitor-centre,Snowdonia,content/locations.csv,1.00,csv-only,
1e36ea7a6c,locations,Craig y Nos Castle,craig-y-nos-castle,Brecon Beacons,content/locations.csv,1.00,csv-only,
9bbd597418,locations,Criccieth,criccieth,Llŷn Peninsula,content/locations.csv,1.00,csv-only,
2c3eac1a3a,locations,Devil's Bridge,devil-s-bridge,Mid Wales,content/locations.csv,1.00,csv-only,
eae6327636,locations,Elan Valley,elan-valley,Mid Wales,content/locations.csv,1.00,csv-only,
ca1f59e883,locations,Freshwater West,freshwater-west,Pembrokeshire,content/locations.csv,1.00,csv-only,
dd9bac7618,locations,Langland Bay,langland-bay,Gower,content/locations.csv,1.00,csv-only,
e8c6388ad2,locations,Llanbedrog,llanbedrog,Llŷn Peninsula,content/locations.csv,1.00,csv-only,
1643656b38,locations,Llanberis Path,llanberis-path,Snowdonia,content/locations.csv,1.00,csv-only,
4e58d8c24f,locations,Llandegla Forest,llandegla-forest,Snowdonia/Mid Wales,content/locations.csv,1.00,csv-only,
bdeddb5803,locations,Llangennith Beach,llangennith-beach,Gower,content/locations.csv,1.00,csv-only,
c67b72531b,locations,Llangorse Lake,llangorse-lake,Brecon Beacons,content/locations.csv,1.00,csv-only,
b7fabcb946,locations,Llanthony Priory,llanthony-priory,Brecon Beacons,content/locations.csv,1.00,csv-only,
1ea7e4f4ec,locations,Llyn Clywedog,llyn-clywedog,Mid Wales,content/locations.csv,1.00,csv-only,
765769eae7,locations,Machynlleth,machynlleth,Mid Wales,content/locations.csv,1.00,csv-only,
6db7e33397,locations,Menai Bridge,menai-bridge,Anglesey,content/locations.csv,1.00,csv-only,
73d5c6ee33,locations,Morfa Nefyn,morfa-nefyn,Llŷn Peninsula,content/locations.csv,1.00,csv-only,
437cc334bf,locations,Nefyn,nefyn,Llŷn Peninsula,content/locations.csv,1.00,csv-only,
578dfc64c8,locations,Newborough Beach (Llanddwyn),newborough-beach-llanddwyn,Anglesey,content/locations.csv,1.00,csv-only,
1c94b01663,locations,Newgale Beach,newgale-beach,Pembrokeshire,content/locations.csv,1.00,csv-only,
c8abb3bcaa,locations,Oxwich Bay,oxwich-bay,Gower,content/locations.csv,1.00,csv-only,
6c4e188ec4,locations,Pen y Fan,pen-y-fan,Brecon Beacons,content/locations.csv,1.00,csv-only,
06be50a2c9,locations,Pen-y-Pass,pen-y-pass,Snowdonia,content/locations.csv,1.00,csv-only,
b9f206b34d,locations,Pennard Cliffs,pennard-cliffs,Gower,content/locations.csv,1.00,csv-only,
fdbdd39837,locations,Penrhyn Quarry,penrhyn-quarry,Snowdonia,content/locations.csv,1.00,csv-only,
e383ec3cc4,locations,Plas Menai,plas-menai,Anglesey,content/locations.csv,1.00,csv-only,
ecab9186e2,locations,Port Eynon,port-eynon,Gower,content/locations.csv,1.00,csv-only,
3cf96b5760,locations,Porth Neigwl (Hell's Mouth),porth-neigwl-hell-s-mouth,Llŷn Peninsula,content/locations.csv,1.00,csv-only,
1293b5b7b1,locations,Porthclais (TYF),porthclais-tyf,Pembrokeshire,content/locations.csv,1.00,csv-only,
b93b0e29eb,locations,Pwllheli,pwllheli,Llŷn Peninsula,content/locations.csv,1.00,csv-only,
2b8bedd0b9,locations,Ramsey Island,ramsey-island,Pembrokeshire,content/locations.csv,1.00,csv-only,
4935a60b35,locations,Red Wharf Bay,red-wharf-bay,Anglesey,content/locations.csv,1.00,csv-only,
2132c31a8a,locations,Rhosneigr Beach,rhosneigr-beach,Anglesey,content/locations.csv,1.00,csv-only,
18ee3195b0,locations,Rhossili Bay,rhossili-bay,Gower,content/locations.csv,1.00,csv-only,
4614666b4e,locations,South Stack,south-stack,Anglesey,content/locations.csv,1.00,csv-only,
a194a50211,locations,St Davids,st-davids,Pembrokeshire,content/locations.csv,1.00,csv-only,
0be9910416,locations,Stackpole Quay,stackpole-quay,Pembrokeshire,content/locations.csv,1.00,csv-only,
f015e5da55,locations,Taff Trail,taff-trail,Brecon Beacons,content/locations.csv,1.00,csv-only,
75d853547e,locations,Tenby,tenby,Pembrokeshire,content/locations.csv,1.00,csv-only,
6682384656,locations,Three Cliffs Bay,three-cliffs-bay,Gower,content/locations.csv,1.00,csv-only,
17c529d321,locations,Three Cocks (Black Mountain Adventure),three-cocks-black-mountain-adventure,Brecon Beacons,content/locations.csv,1.00,csv-only,
269557b915,locations,Trearddur Bay,trearddur-bay,Anglesey,content/locations.csv,1.00,csv-only,
fb4a1b506a,locations,Waterfall Country (Ystradfellte),waterfall-country-ystradfellte,Brecon Beacons,content/locations.csv,1.00,csv-only,
c7f62494ea,locations,Whistling Sands (Porthor),whistling-sands-porthor,Llŷn Peninsula,content/locations.csv,1.00,csv-only,
8fdb8efc8f,locations,Whitesands Beach,whitesands-beach,Pembrokeshire,content/locations.csv,1.00,csv-only,
3675c4ca9e,locations,Worm's Head,worm-s-head,Gower,content/locations.csv,1.00,csv-only,
509fd17af1,locations,Ynyslas Beach,ynyslas-beach,Mid Wales,content/locations.csv,1.00,csv-only,
08107b75f8,locations,Zip World Llechwedd,zip-world-llechwedd,Snowdonia,content/locations.csv,1.00,csv-only,
c78066dd2f,mtb,50 to 01,50-to-01,,content/mtb/trails.csv,0.93,csv-only,subgroup=trails
4be4ac0c37,mtb,A470,a470,,content/mtb/trails.csv,0.93,csv-only,subgroup=trails
9420435fb5,mtb,Afan Forest Park,afan-forest,south-wales,content/mtb/centres.csv,1.00,csv-only,subgroup=centres
7573a1fab3,mtb,Antur,antur,,content/mtb/trails.csv,0.93,csv-only,subgroup=trails
27cdcb5fe0,mtb,Antur Stiniog,antur-stiniog,snowdonia,content/mtb/centres.csv,1.00,csv-only,subgroup=centres
9656482334,mtb,BikePark Wales,bikepark-wales,brecon-beacons,content/mtb/centres.csv,1.00,csv-only,subgroup=centres
30917eb438,mtb,Black Route,black-route,,content/mtb/trails.csv,0.93,csv-only,subgroup=trails
4d8554d2c2,mtb,Blade,blade,,content/mtb/trails.csv,0.93,csv-only,subgroup=trails
92cae57d0f,mtb,Blue Route,blue-route,,content/mtb/trails.csv,0.93,csv-only,subgroup=trails
18af97238e,mtb,Blue Velvet,blue-velvet,,content/mtb/trails.csv,0.93,csv-only,subgroup=trails
6437ae6da8,mtb,Cafall Trail,cafall,,content/mtb/trails.csv,0.93,csv-only,subgroup=trails
0c98ac7302,mtb,Cambrian Way (MTB),cambrian-way,,content/mtb/routes.csv,0.94,csv-only,subgroup=routes
d1a22ba90a,mtb,Cliffhanger,cliffhanger,,content/mtb/trails.csv,0.93,csv-only,subgroup=trails
9b5a9566de,mtb,Coed y Brenin,coed-y-brenin,snowdonia,content/mtb/centres.csv,1.00,csv-only,subgroup=centres
3fa40a1970,mtb,Cwmcarn Forest,cwmcarn,south-wales,content/mtb/centres.csv,1.00,csv-only,subgroup=centres
4beff3b0e4,mtb,Cyflym Coch,cyflym-coch,,content/mtb/trails.csv,0.93,csv-only,subgroup=trails
122972e337,mtb,Dai Hard,dai-hard,,content/mtb/trails.csv,0.93,csv-only,subgroup=trails
0b90f737a9,mtb,Dragon's Back,dragons-back,,content/mtb/trails.csv,0.93,csv-only,subgroup=trails
3b7eb08cc4,mtb,Dyfi Bike Park,dyfi-bike-park,mid-wales,content/mtb/centres.csv,1.00,csv-only,subgroup=centres
d137850161,mtb,Ewok Village,ewok-village,,content/mtb/trails.csv,0.93,csv-only,subgroup=trails
1107bf35fe,mtb,Gwydir Bach,gwydir-bach,,content/mtb/trails.csv,0.93,csv-only,subgroup=trails
5b6a7ddab4,mtb,Gwydir Forest (Marin Trail),gwydir-forest,snowdonia,content/mtb/centres.csv,1.00,csv-only,subgroup=centres
5a270916e4,mtb,Gwydir Mawr (Marin Trail),gwydir-mawr,,content/mtb/trails.csv,0.93,csv-only,subgroup=trails
655fa23056,mtb,Kermit,kermit,,content/mtb/trails.csv,0.93,csv-only,subgroup=trails
1d363c054f,mtb,Coed Llandegla,llandegla,north-wales,content/mtb/centres.csv,1.00,csv-only,subgroup=centres
626dda96a7,mtb,Lôn Las Cymru,lon-las-cymru,,content/mtb/routes.csv,0.94,csv-only,subgroup=routes
06ec620619,mtb,MBR,mbr,,content/mtb/trails.csv,0.93,csv-only,subgroup=trails
cee123e5fb,mtb,MinorTaur,minor-taur,,content/mtb/trails.csv,0.93,csv-only,subgroup=trails
3ab98c7694,mtb,Nant yr Arian,nant-yr-arian,mid-wales,content/mtb/centres.csv,1.00,csv-only,subgroup=centres
7878f3f790,mtb,Pendam,pendam,,content/mtb/trails.csv,0.93,csv-only,subgroup=trails
ab4ca6f3c9,mtb,Penhydd,penhydd,,content/mtb/trails.csv,0.93,csv-only,subgroup=trails
1d883887bd,mtb,Penmachno,penmachno,snowdonia,content/mtb/centres.csv,1.00,csv-only,subgroup=centres
435b84bb7b,mtb,Red Route,red-route,,content/mtb/trails.csv,0.93,csv-only,subgroup=trails
99388b817b,mtb,Revolution Bike Park,revolution-bike-park,north-wales,content/mtb/centres.csv,1.00,csv-only,subgroup=centres
14b8581d48,mtb,Sarn Helen (Wales Coast to Coast),sarn-helen,,content/mtb/routes.csv,1.00,csv-only,subgroup=routes
b5ee6fa096,mtb,Summit Trail,summit,,content/mtb/trails.csv,0.93,csv-only,subgroup=trails
ad25ecc6df,mtb,Syfydrin,syfydrin,,content/mtb/trails.csv,0.93,csv-only,subgroup=trails
cb8ec38043,mtb,Tarw Du,tarw-du,,content/mtb/trails.csv,0.93,csv-only,subgroup=trails
170ba1b448,mtb,Temtiwr,temtiwr,,content/mtb/trails.csv,0.93,csv-only,subgroup=trails
a0942960d7,mtb,Terry's Belly,terry-s-belly,,content/mtb/trails.csv,0.93,csv-only,subgroup=trails
603f6923b1,mtb,The Beast,the-beast,,content/mtb/trails.csv,0.93,csv-only,subgroup=trails
9c97cac715,mtb,The Wall,the-wall,,content/mtb/trails.csv,0.93,csv-only,subgroup=trails
78d76ecfb6,mtb,Trans Cambrian Way,trans-cambrian-way,,content/mtb/routes.csv,1.00,csv-only,subgroup=routes
7241de2740,mtb,Traws Eryri (Trans Snowdonia),traws-eryri,,content/mtb/routes.csv,1.00,csv-only,subgroup=routes
81c1c9539a,mtb,Twrch Trail,twrch,,content/mtb/trails.csv,0.93,csv-only,subgroup=trails
aca6419ebb,mtb,Vicious Valley,vicious-valley,,content/mtb/trails.csv,0.93,csv-only,subgroup=trails
8a392665af,mtb,White's Level,whites-level,,content/mtb/trails.csv,0.93,csv-only,subgroup=trails
e23a258a27,mtb,Yr Afon,yr-afon,,content/mtb/trails.csv,0.93,csv-only,subgroup=trails
799e6de107,operators,Aber Adventures,aber-adventures,Mid Wales,content/operators.csv,0.48,csv-only,
e107db577d,operators,AberAdventures,aberadventures,Mid Wales,content/operators.csv,0.96,csv-only,
00bf2513e4,operators,Abersoch Sailing School,abersoch-sailing-school,Llŷn Peninsula,content/operators.csv,1.00,csv-only,
edd4bf7b59,operators,Abersoch Watersports,abersoch-watersports,Llŷn Peninsula,content/operators.csv,1.00,csv-only,
07c78772bf,operators,Ace Adventure,ace-adventure,South Wales,content/operators.csv,0.48,csv-only,
1f9666d2e8,operators,Activity Pembrokeshire,activity-pembrokeshire,Pembrokeshire,content/operators.csv,1.00,csv-only,
cb616010ab,operators,Adrenaline MTB,adrenaline-mtb,North Wales,content/operators.csv,0.48,csv-only,
c46dd68c4b,operators,Adventure Beyond,adventure-beyond,Mid Wales|Pembrokeshire,content/operators.csv,0.61,csv-only,
8137d8e475,operators,Adventure Britain,adventure-britain,"Brecon Beacons, Gower",content/operators.csv,1.00,csv-only,
f5f52de5e5,operators,Adventure Parc Snowdonia,adventure-parc-snowdonia,North Wales|Snowdonia,content/operators.csv,0.61,csv-only,
af6fb92c7b,operators,Adventure Tours UK,adventure-tours-uk,North Wales|South Wales,content/operators.csv,0.57,csv-only,
ce785c4f6f,operators,Adventures Wales,adventures-wales,"South Wales, Brecon Beacons",content/operators.csv,1.00,csv-only,
9ba2e4ebc6,operators,Afan A Blast,afan-a-blast,South Wales,content/operators.csv,0.48,csv-only,
3b301090b6,operators,Anglesey Adventures,anglesey-adventures,Anglesey,content/operators.csv,1.00,csv-only,
74f5dd77df,operators,Anglesey Walking Holidays,anglesey-walking-holidays,North Wales,content/operators.csv,0.61,csv-only,
eab8fbea7d,operators,Antur Stiniog,antur-stiniog,Snowdonia,content/operators.csv,1.00,csv-only,
ca6a9b94e3,operators,Arete Outdoor Centre,arete-outdoor-centre,North Wales,content/operators.csv,0.30,csv-only,
650f6dcfd6,operators,Bala Adventure & Watersports,bala-adventure-watersports,snowdonia,content/operators.csv,0.61,csv-only,
8bb8a3e680,operators,Bala Watersports,bala-watersports,Snowdonia,content/operators.csv,0.57,csv-only,
ebc66755b7,operators,Beddgelert Bikes,beddgelert-bikes,Snowdonia,content/operators.csv,0.57,csv-only,
fae7547f78,operators,Beics Betws,beics-betws,Snowdonia,content/operators.csv,0.57,csv-only,
cf78e5aff2,operators,Beics Brenin,beics-brenin,North Wales|Snowdonia,content/operators.csv,0.57,csv-only,
073d260270,operators,Big Blue Experience,big-blue-experience,Pembrokeshire,content/operators.csv,0.57,csv-only,
6090a340d4,operators,Bike Corris,bike-corris,Mid Wales,content/operators.csv,0.52,csv-only,
6b11afba4b,operators,BikePark Wales,bikepark-wales,Brecon Beacons,content/operators.csv,1.00,csv-only,
ced02d9531,operators,Black Mountain Adventure,black-mountain-adventure,Brecon Beacons,content/operators.csv,1.00,csv-only,
43b8d639ca,operators,Black Mountains Cycle Centre,black-mountains-cycle-centre,South Wales,content/operators.csv,0.52,csv-only,
3ecd943eec,operators,Blue Ocean Activities,blue-ocean-activities,South Wales|Brecon Beacons,content/operators.csv,0.57,csv-only,
07f22d543b,operators,Boulder Adventures,boulder-adventures,North Wales|Snowdonia,content/operators.csv,0.61,csv-only,
c9fb0bb2d3,operators,Caersws DH,caersws-dh,Mid Wales,content/operators.csv,0.48,csv-only,
9ee83d3562,operators,Call of the Wild,call-of-the-wild,South Wales|Brecon Beacons,content/operators.csv,0.61,csv-only,
1a32f56dac,operators,Campbell Coaching,campbell-coaching,South Wales,content/operators.csv,0.52,csv-only,
9295d9efac,operators,Cardiff International White Water,cardiff-international-white-water,south-wales,content/operators.csv,0.61,csv-only,
650d63cb8b,operators,Cardigan Bay Active,cardigan-bay-active,Mid Wales,content/operators.csv,0.26,csv-only,
880b25a9e6,operators,Celtic Canoes,celtic-canoes,Mid Wales|Wye Valley,content/operators.csv,0.57,csv-only,
36f3b586ea,operators,Cardiff International White Water,ciww,South Wales,content/operators.csv,0.61,csv-only,
5aa3916519,operators,Climb Snowdon,climb-snowdon,North Wales,content/operators.csv,0.57,csv-only,
2b1888e4af,operators,Clyne Farm Centre,clyne-farm-centre,South Wales|Gower,content/operators.csv,0.61,csv-only,
501eb1f492,operators,Coed y Brenin (NRW),coed-y-brenin-nrw,Snowdonia,content/operators.csv,0.78,csv-only,
3b7f772b30,operators,Compass Holidays,compass-holidays,North Wales|South Wales,content/operators.csv,0.61,csv-only,
8f70f869a2,operators,Contours Walking Holidays,contours-walking-holidays,North Wales|South Wales|Mid Wales,content/operators.csv,0.61,csv-only,
8ed3634b83,operators,Drover Cycles,drover-cycles,Mid Wales|Brecon Beacons,content/operators.csv,0.61,csv-only,
3f31790856,operators,Drover Holidays,drover-holidays,Mid Wales,content/operators.csv,0.61,csv-only,
4cf262df81,operators,Dyfi Bike Park,dyfi-bike-park,Mid Wales,content/operators.csv,0.52,csv-only,
e1e0a14aa3,operators,Edge of Wales Walk,edge-of-wales-walk,North Wales,content/operators.csv,0.61,csv-only,
e3a0365aab,operators,Elan Valley Lodge,elan-valley-lodge,Mid Wales,content/operators.csv,0.48,csv-only,
2cc872549e,operators,Evolution Bikes,evolution-bikes,North Wales,content/operators.csv,0.57,csv-only,
cd66b68c1c,operators,Expedition Guide,expedition-guide,North Wales|Snowdonia,content/operators.csv,0.57,csv-only,
2d949e4720,operators,Forest Freeride,forest-freeride,North Wales,content/operators.csv,0.48,csv-only,
8605e24947,operators,Funsport Rhosneigr,funsport-rhosneigr,Anglesey,content/operators.csv,1.00,csv-only,
0cf6707ad9,operators,Gaynor Lee Coaching,gaynor-lee-coaching,North Wales,content/operators.csv,0.48,csv-only,
60c13b0421,operators,Gecko Surf,gecko-surf,Anglesey,content/operators.csv,0.96,csv-only,
84f29affed,operators,Gone Mountain Biking,gone-mountain-biking,North Wales,content/operators.csv,0.48,csv-only,
bcce38117b,operators,Gower Activity Centres,gower-activity-centres,Gower,content/operators.csv,1.00,csv-only,
3eb39050d3,operators,Gower Adventures,gower-adventures,South Wales|Gower,content/operators.csv,0.61,csv-only,
58e1d5a587,operators,Gower Surf Academy,gower-surf-academy,Gower,content/operators.csv,0.48,csv-only,
a7aa9c2ddb,operators,H+I Adventures,h-plus-i-adventures,North Wales,content/operators.csv,0.52,csv-only,
ae72b63dfc,operators,Haven Sports,haven-sports,Pembrokeshire,content/operators.csv,0.57,csv-only,
174352f72d,operators,Hawk Adventures,hawk-adventures,South Wales|Brecon Beacons,content/operators.csv,0.61,csv-only,
8d8063bb70,operators,Hell's Mouth Surf School,hell-s-mouth-surf-school,Llŷn Peninsula,content/operators.csv,0.74,csv-only,
a3e833de97,operators,Hell's Mouth Surf School,hells-mouth-surf-school,ll-n-peninsula,content/operators.csv,0.52,csv-only,
f0b08e7d39,operators,HF Holidays,hf-holidays,North Wales|South Wales,content/operators.csv,0.61,csv-only,
d8ba8cc91b,operators,Kayak King,kayak-king,pembrokeshire,content/operators.csv,0.61,csv-only,
d63027ffa1,operators,Kevin Walker Mountain Activities,kevin-walker-mountain-activities,Mid Wales,content/operators.csv,0.61,csv-only,
7257821efc,operators,Large Outdoors,large-outdoors,North Wales|South Wales,content/operators.csv,0.61,csv-only,
b0cccfaf33,operators,Llŷn Adventures,ll-n-adventures,Llŷn Peninsula,content/operators.csv,0.74,csv-only,
1cb1dcd275,operators,Llangennith Surf School,llangennith-surf-school,Gower,content/operators.csv,0.96,csv-only,
a43d259491,operators,Llangorse Multi Activity Centre,llangorse-multi-activity-centre,Brecon Beacons,content/operators.csv,1.00,csv-only,
a1841f38f1,operators,Llŷn Adventures,llyn-adventures,ll-n-peninsula,content/operators.csv,0.52,csv-only,
2595c33264,operators,Llyn Cycle Centre,llyn-cycle-centre,Llŷn Peninsula,content/operators.csv,0.57,csv-only,
cf321ddbf0,operators,Ma Simes Surf Hut,ma-simes-surf-hut,Pembrokeshire,content/operators.csv,0.48,csv-only,
64c6698fd9,operators,Macs Adventure,macs-adventure,North Wales|South Wales,content/operators.csv,0.61,csv-only,
3303d66c56,operators,Marsh Tracks,marsh-tracks,North Wales,content/operators.csv,0.57,csv-only,
39265666ab,operators,Meadow Springs,meadow-springs,Mid Wales,content/operators.csv,1.00,csv-only,
daca98c37e,operators,Mickledore Walking Holidays,mickledore-walking-holidays,North Wales|South Wales|Mid Wales,content/operators.csv,0.61,csv-only,
ea91422ae6,operators,Monmouth Canoe,monmouth-canoe,South Wales|Wye Valley,content/operators.csv,0.57,csv-only,
27dc2c930b,operators,Mountain Bike Wales,mountain-bike-wales,Mid Wales,content/operators.csv,0.52,csv-only,
d669c60d18,operators,Mountain Walks,mountain-walks,North Wales,content/operators.csv,0.57,csv-only,
07ab3da150,operators,MountainXperience,mountainxperience,Snowdonia,content/operators.csv,1.00,csv-only,
562fc3dd52,operators,MTB Leadership,mtb-leadership,South Wales,content/operators.csv,0.48,csv-only,
10cdb702db,operators,MUUK Adventures,muuk-adventures,"Pembrokeshire, Snowdonia",content/operators.csv,0.96,csv-only,
2574bf67ba,operators,Newsurf,newsurf,Pembrokeshire,content/operators.csv,0.61,csv-only,
f590b7685e,operators,North Wales Active,north-wales-active,North Wales|Snowdonia,content/operators.csv,0.61,csv-only,
9daf015316,operators,One Planet Adventure (Llandegla),one-planet-adventure-llandegla,Mid Wales/North Wales,content/operators.csv,0.74,csv-only,
a4bf2e748e,operators,Oneplanet Adventure,oneplanet-adventure,North Wales,content/operators.csv,0.61,csv-only,
965f792781,operators,Outer Reef Surf School,outer-reef-surf-school,Pembrokeshire,content/operators.csv,1.00,csv-only,
960b013498,operators,Outward Bound Aberdyfi,outward-bound-aberdyfi,Mid Wales|Snowdonia,content/operators.csv,0.61,csv-only,
c8739791c7,operators,Oxwich Watersports,oxwich-watersports,Gower,content/operators.csv,1.00,csv-only,
82c81310d2,operators,Paddle West,paddle-west,pembrokeshire,content/operators.csv,0.61,csv-only,
f2b6b07d47,operators,Pearce Cycles,pearce-cycles,Mid Wales,content/operators.csv,0.52,csv-only,
5eefd67b4d,operators,Pedal MTB,pedal-mtb,North Wales,content/operators.csv,0.52,csv-only,
d3a83d165e,operators,Pedalabikeaway,pedalabikeaway,South Wales|Wye Valley,content/operators.csv,0.61,csv-only,
be711dd934,operators,Pembrokeshire Surf School,pembrokeshire-surf-school,Pembrokeshire,content/operators.csv,0.48,csv-only,
f526a68008,operators,Plas Menai,plas-menai,"Anglesey, North Wales",content/operators.csv,1.00,csv-only,
6245d265c5,operators,Plas y Brenin,plas-y-brenin,Snowdonia,content/operators.csv,1.00,csv-only,
ffc3c491ee,operators,Porthcawl Surf School,porthcawl-surf-school,South Wales,content/operators.csv,0.61,csv-only,
a92133d5d9,operators,Preseli Venture,preseli-venture,Pembrokeshire,content/operators.csv,1.00,csv-only,
7b03a3cdfd,operators,Pro-Active Adventure,pro-active-adventure,North Wales|South Wales|Mid Wales,content/operators.csv,0.61,csv-only,
c4cd38e51c,operators,Pro Kitesurfing,pro-kitesurfing,Anglesey,content/operators.csv,0.96,csv-only,
d996202824,operators,Pro Ride MTB,pro-ride-mtb,North Wales,content/operators.csv,0.48,csv-only,
518d2a3a2c,operators,Progress Surf School,progress-surf-school,Gower,content/operators.csv,0.48,csv-only,
c2ecb390de,operators,Psyched Paddleboarding,psyched-paddleboarding,anglesey,content/operators.csv,0.57,csv-only,
164b640826,operators,Quest Adventure,quest-adventure,"South Wales, Gower",content/operators.csv,1.00,csv-only,
0fe5ac6377,operators,Ramble Worldwide,ramble-worldwide,North Wales|South Wales,content/operators.csv,0.61,csv-only,
640b5673ea,operators,RAW Adventures,raw-adventures,North Wales|Snowdonia,content/operators.csv,0.61,csv-only,
62b70c5824,operators,Revolution Bike Park,revolution-bike-park,North Wales,content/operators.csv,0.48,csv-only,
5bbf4e959f,operators,Ride High MTB,ride-high-mtb,North Wales,content/operators.csv,0.48,csv-only,
19ff2e5ef5,operators,Rip N Rock,rip-n-rock,"Gower, Swansea",content/operators.csv,1.00,csv-only,
45b038adfb,operators,The Rock Climbing Company,rock-climbing-company,North Wales|Snowdonia,content/operators.csv,0.61,csv-only,
0fd1ff4991,operators,Rock UK Summit Centre,rock-uk-summit-centre,South Wales,content/operators.csv,0.61,csv-only,
734c132e4b,operators,Ropeworks Active,ropeworks-active,North Wales|Snowdonia,content/operators.csv,0.57,csv-only,
75456154d3,operators,Saundersfoot Pleasure Boats,saundersfoot-pleasure-boats,Pembrokeshire,content/operators.csv,0.52,csv-only,
b8a228df2f,operators,Sea Kayaking Wales,sea-kayaking-wales,Anglesey,content/operators.csv,0.26,csv-only,
c828733fbf,operators,Sealyham Activity Centre,sealyham-activity-centre,Pembrokeshire,content/operators.csv,1.00,csv-only,
92f3b6d522,operators,Seren Ventures,seren-ventures,North Wales|Snowdonia,content/operators.csv,0.61,csv-only,
eba6b670f3,operators,Snowdonia Adventures,snowdonia-adventures,North Wales|Snowdonia,content/operators.csv,0.61,csv-only,
654986bcc3,operators,Snowdonia Mountain Guides,snowdonia-mountain-guides,Snowdonia,content/operators.csv,1.00,csv-only,
548a2b8876,operators,Snowdonia MTB Days,snowdonia-mtb-days,North Wales,content/operators.csv,0.48,csv-only,
fa926e17a3,operators,Snowdonia Watersports,snowdonia-watersports,Snowdonia,content/operators.csv,0.61,csv-only,
b1fcf8f331,operators,Stand Up Paddle Board UK,stand-up-paddle-board-uk,north-wales,content/operators.csv,0.61,csv-only,
0404342b82,operators,Summit Cycles,summit-cycles,Mid Wales,content/operators.csv,0.61,csv-only,
260f701289,operators,Summit to Sea,summit-to-sea,Anglesey,content/operators.csv,0.26,csv-only,
b3c1d8f041,operators,Surfability UK,surfability-uk,Gower,content/operators.csv,0.48,csv-only,
5f007b258c,operators,Tenby Adventure,tenby-adventure,Pembrokeshire,content/operators.csv,1.00,csv-only,
4e9ea1a760,operators,The Gap Wales,the-gap-wales,South Wales,content/operators.csv,0.48,csv-only,
9f3523d4e2,operators,Tom Hutton MTB,tom-hutton-mtb,North Wales,content/operators.csv,0.52,csv-only,
5956c80147,operators,Ty Nant Outdoors,ty-nant-outdoors,North Wales|Mid Wales,content/operators.csv,0.61,csv-only,
b719c39349,operators,TYF Adventure,tyf-adventure,Pembrokeshire,content/operators.csv,1.00,csv-only,
45aca665bc,operators,Up4It Outdoors,up4it-outdoors,North Wales,content/operators.csv,0.26,csv-only,
4987efb9e5,operators,Wales Outdoors,wales-outdoors,South Wales,content/operators.csv,0.57,csv-only,
a64b141d8c,operators,Wales Walking Holidays,wales-walking-holidays,North Wales|South Wales|Mid Wales,content/operators.csv,0.61,csv-only,
e3186e0f57,operators,Walk Hay,walk-hay,Mid Wales,content/operators.csv,0.61,csv-only,
ae011bfdef,operators,West Coast Surf Shop,west-coast-surf-shop,Llŷn Peninsula,content/operators.csv,0.48,csv-only,
7f9a87c726,operators,West Wales Windsurf,west-wales-windsurf,Llŷn Peninsula,content/operators.csv,0.57,csv-only,
eee5ad7ec3,operators,Wild Trails Wales,wild-trails-wales,South Wales,content/operators.csv,0.57,csv-only,
639e9b025a,operators,WyeMTB,wye-mtb,Mid Wales,content/operators.csv,0.52,csv-only,
f3918f76eb,operators,Wye Valley Canoes,wye-valley-canoes,Mid Wales|Wye Valley,content/operators.csv,0.57,csv-only,
bf53decc49,operators,Zip World,zip-world,"Snowdonia, South Wales",content/operators.csv,1.00,csv-only,
d774a51463,spots/beaches,Aberdaron Beach,aberdaron,llyn-peninsula,content/spots/beaches/llyn.csv,1.00,csv-only,subgroup=llyn
4f5e700bde,spots/beaches,Aberdovey Beach,aberdovey,snowdonia,content/spots/beaches/snowdonia-coast.csv,1.00,csv-only,subgroup=snowdonia-coast
4191f94f81,spots/beaches,Abereiddy,abereiddy,pembrokeshire,content/spots/beaches/pembrokeshire.csv,1.00,csv-only,subgroup=pembrokeshire
48ef0ea95f,spots/beaches,Aberffraw (Traeth Mawr),aberffraw,anglesey,content/spots/beaches/anglesey.csv,1.00,csv-only,subgroup=anglesey
0da78671be,spots/beaches,Abermawr,abermawr,pembrokeshire,content/spots/beaches/pembrokeshire.csv,1.00,csv-only,subgroup=pembrokeshire
e47b5025b0,spots/beaches,Aberporth Beach,aberporth,ceredigion,content/spots/beaches/ceredigion.csv,1.00,csv-only,subgroup=ceredigion
d6d341531b,spots/beaches,Abersoch Main Beach,abersoch-main,llyn-peninsula,content/spots/beaches/llyn.csv,1.00,csv-only,subgroup=llyn
2ce5c64a9a,spots/beaches,Aberystwyth North Beach,aberystwyth-north,ceredigion,content/spots/beaches/ceredigion.csv,1.00,csv-only,subgroup=ceredigion
80660ff997,spots/beaches,Amroth,amroth,pembrokeshire,content/spots/beaches/pembrokeshire.csv,1.00,csv-only,subgroup=pembrokeshire
71569876ca,spots/beaches,Barafundle Bay,barafundle,pembrokeshire,content/spots/beaches/pembrokeshire.csv,0.78,csv-only,subgroup=pembrokeshire
e96717d119,spots/beaches,Barafundle Bay,barafundle-bay,pembrokeshire,content/spots/beaches/pembrokeshire.csv,1.00,csv-only,subgroup=pembrokeshire
6668dae28e,spots/beaches,Barmouth Beach (Abermaw),barmouth,snowdonia,content/spots/beaches/snowdonia-coast.csv,1.00,csv-only,subgroup=snowdonia-coast
b4fa0b0a7b,spots/beaches,Benllech,benllech,anglesey,content/spots/beaches/anglesey.csv,1.00,csv-only,subgroup=anglesey
384610cfea,spots/beaches,Bennar Beach (Dyffryn),bennar,snowdonia,content/spots/beaches/snowdonia-coast.csv,1.00,csv-only,subgroup=snowdonia-coast
5e76652761,spots/beaches,Black Rock Sands (Morfa Bychan),black-rock-sands,llyn-peninsula,content/spots/beaches/snowdonia-coast.csv,1.00,csv-only,subgroup=snowdonia-coast
6fe05b6212,spots/beaches,Blue Pool Bay,blue-pool-bay,gower,content/spots/beaches/gower.csv,0.96,csv-only,subgroup=gower
fdf9c3f555,spots/beaches,Blue Pool (Ceibwr),blue-pool-ceibwr,ceredigion,content/spots/beaches/ceredigion.csv,1.00,csv-only,subgroup=ceredigion
9e032ad59d,spots/beaches,Borth Beach,borth,ceredigion,content/spots/beaches/ceredigion.csv,1.00,csv-only,subgroup=ceredigion
5e41f25350,spots/beaches,Bracelet Bay,bracelet-bay,gower,content/spots/beaches/gower.csv,1.00,csv-only,subgroup=gower
9be603e06a,spots/beaches,Broad Haven,broad-haven,pembrokeshire,content/spots/beaches/pembrokeshire.csv,0.78,csv-only,subgroup=pembrokeshire
9b4a7168fd,spots/beaches,Broad Haven North,broad-haven-north,pembrokeshire,content/spots/beaches/pembrokeshire.csv,1.00,csv-only,subgroup=pembrokeshire
13bf320dc1,spots/beaches,Broughton Bay,broughton-bay,gower,content/spots/beaches/gower.csv,0.96,csv-only,subgroup=gower
c30737e8b6,spots/beaches,Cable Bay (Porth Trecastell),cable-bay,anglesey,content/spots/beaches/anglesey.csv,1.00,csv-only,subgroup=anglesey
8896d0ac8c,spots/beaches,Caswell Bay,caswell-bay,gower,content/spots/beaches/gower.csv,1.00,csv-only,subgroup=gower
d91b602f3e,spots/beaches,Cemaes Bay (Traeth Mawr),cemaes-bay,anglesey,content/spots/beaches/anglesey.csv,1.00,csv-only,subgroup=anglesey
005b1e310f,spots/beaches,Church Bay (Porth Swtan),church-bay,anglesey,content/spots/beaches/anglesey.csv,1.00,csv-only,subgroup=anglesey
a242e16efb,spots/beaches,Clarach Bay,clarach,ceredigion,content/spots/beaches/ceredigion.csv,1.00,csv-only,subgroup=ceredigion
4f8708263d,spots/beaches,Criccieth Beach,criccieth,llyn-peninsula,content/spots/beaches/snowdonia-coast.csv,1.00,csv-only,subgroup=snowdonia-coast
4ca41ad20c,spots/beaches,Criccieth West Beach,criccieth-west,llyn-peninsula,content/spots/beaches/llyn.csv,1.00,csv-only,subgroup=llyn
28de2be547,spots/beaches,Cwmtydu Beach,cwmtydu,ceredigion,content/spots/beaches/ceredigion.csv,1.00,csv-only,subgroup=ceredigion
dd095bfc70,spots/beaches,Druidston Haven,druidston-haven,pembrokeshire,content/spots/beaches/pembrokeshire.csv,1.00,csv-only,subgroup=pembrokeshire
b9ec74c0b9,spots/beaches,Fairbourne Beach,fairbourne,snowdonia,content/spots/beaches/snowdonia-coast.csv,1.00,csv-only,subgroup=snowdonia-coast
04909d0636,spots/beaches,Fall Bay,fall-bay,gower,content/spots/beaches/gower.csv,0.96,csv-only,subgroup=gower
67f794ebcc,spots/beaches,Freshwater West,freshwater-west,pembrokeshire,content/spots/beaches/pembrokeshire.csv,1.00,csv-only,subgroup=pembrokeshire
0a4312a161,spots/beaches,Harlech Beach,harlech,snowdonia,content/spots/beaches/snowdonia-coast.csv,1.00,csv-only,subgroup=snowdonia-coast
ff0d9338ab,spots/beaches,Horton Beach,horton-beach,gower,content/spots/beaches/gower.csv,0.96,csv-only,subgroup=gower
46fc61f62b,spots/beaches,Hunts Bay,hunts-bay,gower,content/spots/beaches/gower.csv,0.96,csv-only,subgroup=gower
e7ad616a7a,spots/beaches,Langland Bay,langland-bay,gower,content/spots/beaches/gower.csv,1.00,csv-only,subgroup=gower
e04cf33205,spots/beaches,Limeslade Bay,limeslade-bay,gower,content/spots/beaches/gower.csv,0.96,csv-only,subgroup=gower
fd604b9bc2,spots/beaches,Little Haven,little-haven,pembrokeshire,content/spots/beaches/pembrokeshire.csv,1.00,csv-only,subgroup=pembrokeshire
4d6ded983b,spots/beaches,Llanbedrog Beach,llanbedrog,llyn-peninsula,content/spots/beaches/llyn.csv,1.00,csv-only,subgroup=llyn
a6d8f9839d,spots/beaches,Llandanwg Beach,llandanwg,snowdonia,content/spots/beaches/snowdonia-coast.csv,1.00,csv-only,subgroup=snowdonia-coast
7dc3988201,spots/beaches,Llandudno West Shore,llandudno-west,north-wales,content/spots/beaches/snowdonia-coast.csv,0.78,csv-only,subgroup=snowdonia-coast
1596ea6a4c,spots/beaches,Llangennith (Rhossili North),llangennith,gower,content/spots/beaches/gower.csv,1.00,csv-only,subgroup=gower
fbd42a3e98,spots/beaches,Llangrannog,llangrannog,ceredigion,content/spots/beaches/ceredigion.csv,1.00,csv-only,subgroup=ceredigion
562cc0d112,spots/beaches,Lligwy Beach,lligwy,anglesey,content/spots/beaches/anglesey.csv,1.00,csv-only,subgroup=anglesey
54cdc388b7,spots/beaches,Lydstep Haven,lydstep-haven,pembrokeshire,content/spots/beaches/pembrokeshire.csv,1.00,csv-only,subgroup=pembrokeshire
39a8f7a50e,spots/beaches,Machroes Beach,machroes,llyn-peninsula,content/spots/beaches/llyn.csv,1.00,csv-only,subgroup=llyn
adfa878552,spots/beaches,Manorbier Beach,manorbier,pembrokeshire,content/spots/beaches/pembrokeshire.csv,1.00,csv-only,subgroup=pembrokeshire
11a484bcb0,spots/beaches,Marloes Sands,marloes-sands,pembrokeshire,content/spots/beaches/pembrokeshire.csv,1.00,csv-only,subgroup=pembrokeshire
d889581613,spots/beaches,Mewslade Bay,mewslade-bay,gower,content/spots/beaches/gower.csv,0.96,csv-only,subgroup=gower
91792222e6,spots/beaches,Morfa Nefyn,morfa-nefyn,llyn-peninsula,content/spots/beaches/llyn.csv,1.00,csv-only,subgroup=llyn
39c38df241,spots/beaches,Mwnt,mwnt,ceredigion,content/spots/beaches/ceredigion.csv,1.00,csv-only,subgroup=ceredigion
8a91ab4dd0,spots/beaches,New Quay Harbour Beach,new-quay-harbour,ceredigion,content/spots/beaches/ceredigion.csv,1.00,csv-only,subgroup=ceredigion
202778d0cf,spots/beaches,Newborough Beach (Llanddwyn),newborough,anglesey,content/spots/beaches/anglesey.csv,1.00,csv-only,subgroup=anglesey
7476a69dfd,spots/beaches,Newgale Beach,newgale,pembrokeshire,content/spots/beaches/pembrokeshire.csv,1.00,csv-only,subgroup=pembrokeshire
c5333c6a96,spots/beaches,Newport Sands (Traeth Mawr),newport-sands,pembrokeshire,content/spots/beaches/pembrokeshire.csv,1.00,csv-only,subgroup=pembrokeshire
f90b91ed02,spots/beaches,Oxwich Bay,oxwich,gower,content/spots/beaches/gower.csv,0.78,csv-only,subgroup=gower
1bccb43301,spots/beaches,Oxwich Bay,oxwich-bay,gower,content/spots/beaches/gower.csv,1.00,csv-only,subgroup=gower
22cdd04756,spots/beaches,Penbryn Beach,penbryn,ceredigion,content/spots/beaches/ceredigion.csv,1.00,csv-only,subgroup=ceredigion
68130afcd1,spots/beaches,Pobbles Bay,pobbles-bay,gower,content/spots/beaches/gower.csv,1.00,csv-only,subgroup=gower
a3cffdedca,spots/beaches,Poppit Sands,poppit-sands,pembrokeshire,content/spots/beaches/pembrokeshire.csv,1.00,csv-only,subgroup=pembrokeshire
28ebc8b6f1,spots/beaches,Port Eynon,port-eynon,gower,content/spots/beaches/gower.csv,1.00,csv-only,subgroup=gower
54b219e2a0,spots/beaches,Porth Ceiriad,porth-ceiriad,llyn-peninsula,content/spots/beaches/llyn.csv,1.00,csv-only,subgroup=llyn
466bd683ec,spots/beaches,Porth Colmon,porth-colmon,llyn-peninsula,content/spots/beaches/llyn.csv,1.00,csv-only,subgroup=llyn
768278f4e7,spots/beaches,Porth Dafarch,porth-dafarch,anglesey,content/spots/beaches/anglesey.csv,1.00,csv-only,subgroup=anglesey
ce108f3e18,spots/beaches,Porth Iago,porth-iago,llyn-peninsula,content/spots/beaches/llyn.csv,1.00,csv-only,subgroup=llyn
303e713bc1,spots/beaches,Porth Neigwl (Hell's Mouth),porth-neigwl,llyn-peninsula,content/spots/beaches/llyn.csv,1.00,csv-only,subgroup=llyn
8bd1d1b562,spots/beaches,Porth Oer (Whistling Sands),porth-oer,llyn-peninsula,content/spots/beaches/llyn.csv,1.00,csv-only,subgroup=llyn
0fbb518ef9,spots/beaches,Porth Ysgo,porth-ysgo,llyn-peninsula,content/spots/beaches/llyn.csv,1.00,csv-only,subgroup=llyn
374cc063ca,spots/beaches,Porthdinllaen,porthdinllaen,llyn-peninsula,content/spots/beaches/llyn.csv,1.00,csv-only,subgroup=llyn
cbb1a83564,spots/beaches,Pwll Du Bay,pwll-du-bay,gower,content/spots/beaches/gower.csv,0.96,csv-only,subgroup=gower
e37c5613fb,spots/beaches,Pwllheli South Beach,pwllheli-south,llyn-peninsula,content/spots/beaches/llyn.csv,1.00,csv-only,subgroup=llyn
460515ec03,spots/beaches,Red Wharf Bay (Traeth Coch),red-wharf-bay,anglesey,content/spots/beaches/anglesey.csv,1.00,csv-only,subgroup=anglesey
586c3448e8,spots/beaches,Rhosneigr (Traeth Crigyll),rhosneigr,anglesey,content/spots/beaches/anglesey.csv,1.00,csv-only,subgroup=anglesey
0f5f9ad6a6,spots/beaches,Rhossili Bay,rhossili,gower,content/spots/beaches/gower.csv,0.78,csv-only,subgroup=gower
17e7f9fdb1,spots/beaches,Rhossili Bay,rhossili-bay,gower,content/spots/beaches/gower.csv,1.00,csv-only,subgroup=gower
79739d2316,spots/beaches,Rotherslade Bay,rotherslade-bay,gower,content/spots/beaches/gower.csv,0.96,csv-only,subgroup=gower
59a5b0b490,spots/beaches,Saundersfoot Beach,saundersfoot,pembrokeshire,content/spots/beaches/pembrokeshire.csv,1.00,csv-only,subgroup=pembrokeshire
bc154b374f,spots/beaches,Shell Island (Mochras),shell-island,snowdonia,content/spots/beaches/snowdonia-coast.csv,1.00,csv-only,subgroup=snowdonia-coast
3111857b13,spots/beaches,Stackpole Quay,stackpole-quay,pembrokeshire,content/spots/beaches/pembrokeshire.csv,1.00,csv-only,subgroup=pembrokeshire
40dba2ba06,spots/beaches,Tenby North Beach,tenby-north,pembrokeshire,content/spots/beaches/pembrokeshire.csv,1.00,csv-only,subgroup=pembrokeshire
25892ebfb1,spots/beaches,Tenby South Beach,tenby-south,pembrokeshire,content/spots/beaches/pembrokeshire.csv,1.00,csv-only,subgroup=pembrokeshire
850a00ddc8,spots/beaches,Three Cliffs Bay,three-cliffs,gower,content/spots/beaches/gower.csv,0.78,csv-only,subgroup=gower
2261900ee8,spots/beaches,Three Cliffs Bay,three-cliffs-bay,gower,content/spots/beaches/gower.csv,1.00,csv-only,subgroup=gower
04bb574f87,spots/beaches,Tor Bay,tor-bay,gower,content/spots/beaches/gower.csv,1.00,csv-only,subgroup=gower
3927c20152,spots/beaches,Traeth Llydan (Broad Beach),traeth-llydan,anglesey,content/spots/beaches/anglesey.csv,1.00,csv-only,subgroup=anglesey
a5f27f9266,spots/beaches,Traeth Penllech,traeth-penllech,llyn-peninsula,content/spots/beaches/llyn.csv,1.00,csv-only,subgroup=llyn
7fea484adb,spots/beaches,Trearddur Bay,trearddur-bay,anglesey,content/spots/beaches/anglesey.csv,1.00,csv-only,subgroup=anglesey
f469847f35,spots/beaches,Tresaith Beach,tresaith,ceredigion,content/spots/beaches/ceredigion.csv,1.00,csv-only,subgroup=ceredigion
838d4b8bf3,spots/beaches,Tywyn Beach,tywyn,snowdonia,content/spots/beaches/snowdonia-coast.csv,1.00,csv-only,subgroup=snowdonia-coast
c05e48cc7d,spots/beaches,West Angle Bay,west-angle-bay,pembrokeshire,content/spots/beaches/pembrokeshire.csv,1.00,csv-only,subgroup=pembrokeshire
aeea3233be,spots/beaches,Whiteford Sands,whiteford-sands,gower,content/spots/beaches/gower.csv,0.96,csv-only,subgroup=gower
2d9cd0ff24,spots/beaches,Whitesands Bay,whitesands,pembrokeshire,content/spots/beaches/pembrokeshire.csv,1.00,csv-only,subgroup=pembrokeshire
d8c16631de,spots/beaches,Ynyslas Beach,ynyslas,ceredigion,content/spots/beaches/ceredigion.csv,1.00,csv-only,subgroup=ceredigion
0f84168ce9,spots/climbing,Cilan Head,cilan,llyn-peninsula,content/spots/climbing/crags.csv,1.00,csv-only,subgroup=crags
2b4cdd28fa,spots/climbing,Clogwyn Du'r Arddu,clogwyn-dur-arddu,snowdonia,content/spots/climbing/crags.csv,1.00,csv-only,subgroup=crags
046238dfb3,spots/climbing,Craig y Forwyn,craig-y-forwyn,north-wales,content/spots/climbing/crags.csv,1.00,csv-only,subgroup=crags
d654e097dc,spots/climbing,Gogarth,gogarth,anglesey,content/spots/climbing/crags.csv,1.00,csv-only,subgroup=crags
a1c5d6aa8d,spots/climbing,Llanberis Pass,llanberis-pass,snowdonia,content/spots/climbing/crags.csv,1.00,csv-only,subgroup=crags
8608f44654,spots/climbing,Llanbradach Quarry,llanbradach,south-wales,content/spots/climbing/crags.csv,1.00,csv-only,subgroup=crags
cd1daddacf,spots/climbing,Ogmore,ogmore,south-wales,content/spots/climbing/crags.csv,1.00,csv-only,subgroup=crags
d0bd3f9b12,spots/climbing,Pembroke,pembroke,pembrokeshire,content/spots/climbing/crags.csv,1.00,csv-only,subgroup=crags
06ede13913,spots/climbing,Pen Trwyn (Great Orme),pen-trwyn,north-wales,content/spots/climbing/crags.csv,1.00,csv-only,subgroup=crags
4d10890f3c,spots/climbing,Rhoscolyn,rhoscolyn,anglesey,content/spots/climbing/crags.csv,1.00,csv-only,subgroup=crags
3ab7d3179f,spots/climbing,Dinorwig Slate Quarries,slate,snowdonia,content/spots/climbing/crags.csv,1.00,csv-only,subgroup=crags
33ad7b52f4,spots/climbing,Tremadog,tremadog,snowdonia,content/spots/climbing/crags.csv,1.00,csv-only,subgroup=crags
3f52dbffaa,spots/coasteering,Aberdaron,aberdaron,llyn-peninsula,content/spots/coasteering/spots.csv,1.00,csv-only,subgroup=spots
751b09c55b,spots/coasteering,Abereiddy (Blue Lagoon),abereiddy,pembrokeshire,content/spots/coasteering/spots.csv,1.00,csv-only,subgroup=spots
f08714ef02,spots/coasteering,Abermawr,abermawr,pembrokeshire,content/spots/coasteering/spots.csv,1.00,csv-only,subgroup=spots
ff2628fa71,spots/coasteering,Barry Island,barry-island,south-wales,content/spots/coasteering/spots.csv,1.00,csv-only,subgroup=spots
554b0be485,spots/coasteering,Caswell Bay,caswell-bay,gower,content/spots/coasteering/spots.csv,1.00,csv-only,subgroup=spots
c102ae5ba6,spots/coasteering,Lydstep Caverns,lydstep,pembrokeshire,content/spots/coasteering/spots.csv,1.00,csv-only,subgroup=spots
6f4c23bc19,spots/coasteering,Mewslade Bay,mewslade,gower,content/spots/coasteering/spots.csv,1.00,csv-only,subgroup=spots
6730030fcb,spots/coasteering,Morfa Nefyn,morfa-nefyn,llyn-peninsula,content/spots/coasteering/spots.csv,1.00,csv-only,subgroup=spots
85221ace3a,spots/coasteering,Porthclais Harbour,porth-clais,pembrokeshire,content/spots/coasteering/spots.csv,1.00,csv-only,subgroup=spots
1c8dbae92c,spots/coasteering,Porth Dafarch,porth-dafarch,anglesey,content/spots/coasteering/spots.csv,1.00,csv-only,subgroup=spots
d3ca1f9e75,spots/coasteering,Rhoscolyn (Bwa Gwyn),rhoscolyn,anglesey,content/spots/coasteering/spots.csv,1.00,csv-only,subgroup=spots
0ee283cd45,spots/coasteering,Rhossili (Worm's Head),rhossili,gower,content/spots/coasteering/spots.csv,1.00,csv-only,subgroup=spots
d519e0cd09,spots/coasteering,South Stack,south-stack,anglesey,content/spots/coasteering/spots.csv,1.00,csv-only,subgroup=spots
13c8c7be35,spots/coasteering,St Davids (St Non's),st-davids,pembrokeshire,content/spots/coasteering/spots.csv,1.00,csv-only,subgroup=spots
7b30b631c2,spots/coasteering,Stackpole Quay,stackpole,pembrokeshire,content/spots/coasteering/spots.csv,1.00,csv-only,subgroup=spots
d0ef16a718,spots/coasteering,Trearddur Bay,trearddur-bay,anglesey,content/spots/coasteering/spots.csv,1.00,csv-only,subgroup=spots
28c2976393,spots/hiking,Aberystwyth to Borth,aberystwyth-borth,mid-wales,content/spots/hiking/coastal.csv,1.00,csv-only,subgroup=coastal
ffec17ecd4,spots/hiking,Aran Fawddwy,aran-fawddwy,Snowdonia,content/spots/hiking/snowdonia.csv,1.00,csv-only,subgroup=snowdonia
ca18b27423,spots/hiking,Arenig Fawr,arenig-fawr,Snowdonia,content/spots/hiking/snowdonia.csv,1.00,csv-only,subgroup=snowdonia
af83e1ef11,spots/hiking,The Blorenge,blorenge,brecon-beacons,content/spots/hiking/brecon.csv,1.00,csv-only,subgroup=brecon
531707d6c6,spots/hiking,Cadair Idris Minffordd Path,cadair-idris-minffordd,Snowdonia,content/spots/hiking/snowdonia.csv,1.00,csv-only,subgroup=snowdonia
5fbc8898d5,spots/hiking,Cadair Idris Pony Path,cadair-idris-pony,Snowdonia,content/spots/hiking/snowdonia.csv,1.00,csv-only,subgroup=snowdonia
366b5a5111,spots/hiking,The Carmarthen Fans (Picws Du),carmarthen-fans,brecon-beacons,content/spots/hiking/brecon.csv,1.00,csv-only,subgroup=brecon
d3c1ec04a3,spots/hiking,Carneddau via Aber Falls,carneddau-aber-falls,Snowdonia,content/spots/hiking/snowdonia.csv,1.00,csv-only,subgroup=snowdonia
a78ea0a627,spots/hiking,Carnedd Llewelyn & Dafydd,carneddau-ogwen,Snowdonia,content/spots/hiking/snowdonia.csv,1.00,csv-only,subgroup=snowdonia
1a41e31f02,spots/hiking,Cnicht (Welsh Matterhorn),cnicht-croesor,Snowdonia,content/spots/hiking/snowdonia.csv,1.00,csv-only,subgroup=snowdonia
bf3ced4782,spots/hiking,Corn Du & Pen y Fan Circular,corn-du-pen-y-fan,brecon-beacons,content/spots/hiking/brecon.csv,1.00,csv-only,subgroup=brecon
a1e5633ebd,spots/hiking,Craig Cerrig Gleisiad,craig-cerrig-gleisiad,brecon-beacons,content/spots/hiking/brecon.csv,1.00,csv-only,subgroup=brecon
53d42637a6,spots/hiking,Crib Goch,crib-goch,Snowdonia,content/spots/hiking/snowdonia.csv,1.00,csv-only,subgroup=snowdonia
c2da71cd0d,spots/hiking,Dinas Head,dinas-island,pembrokeshire,content/spots/hiking/coastal.csv,1.00,csv-only,subgroup=coastal
c0d32b217e,spots/hiking,Drum and Foel Fras,drum-foel-fras,Snowdonia,content/spots/hiking/snowdonia.csv,1.00,csv-only,subgroup=snowdonia
a49c1ce667,spots/hiking,Elidir Fawr,elidir-fawr,Snowdonia,content/spots/hiking/snowdonia.csv,1.00,csv-only,subgroup=snowdonia
162e995e69,spots/hiking,Elidir Trail (Waterfall Country),elidir-trail,brecon-beacons,content/spots/hiking/brecon.csv,1.00,csv-only,subgroup=brecon
b71a2aef15,spots/hiking,Fan Brycheiniog & Llyn y Fan Fach,fan-brycheiniog-llyn-y-fan-fach,brecon-beacons,content/spots/hiking/brecon.csv,1.00,csv-only,subgroup=brecon
00c375fca9,spots/hiking,Fan Gyhirych,fan-gyhirych,brecon-beacons,content/spots/hiking/brecon.csv,1.00,csv-only,subgroup=brecon
ecbfcc3526,spots/hiking,Horseshoe Ridge,fan-y-big,brecon-beacons,content/spots/hiking/brecon.csv,0.88,csv-only,subgroup=brecon
9184d31bf0,spots/hiking,Fan y Big via The Gap,fan-y-big-gap,brecon-beacons,content/spots/hiking/brecon.csv,1.00,csv-only,subgroup=brecon
9f70f88a3a,spots/hiking,Four Falls Trail,four-falls-trail,brecon-beacons,content/spots/hiking/brecon.csv,1.00,csv-only,subgroup=brecon
dd0e714b99,spots/hiking,Glyderau Bochlwyd Horseshoe,glyderau-bochlwyd-horseshoe,Snowdonia,content/spots/hiking/snowdonia.csv,1.00,csv-only,subgroup=snowdonia
9383927872,spots/hiking,Hay Bluff,hay-bluff,brecon-beacons,content/spots/hiking/brecon.csv,1.00,csv-only,subgroup=brecon
7ac68fa5c0,spots/hiking,Henrhyd Falls & Nant Llech,henrhyd-falls,brecon-beacons,content/spots/hiking/brecon.csv,1.00,csv-only,subgroup=brecon
7faf66e87a,spots/hiking,Holyhead Mountain,holyhead-mountain,anglesey,content/spots/hiking/coastal.csv,1.00,csv-only,subgroup=coastal
686eb404f6,spots/hiking,Newborough & Llanddwyn Island,llanddwyn-island,anglesey,content/spots/hiking/coastal.csv,1.00,csv-only,subgroup=coastal
5808f10590,spots/hiking,Llangrannog & Ynys Lochtyn,llangrannog-lochtyn,mid-wales,content/spots/hiking/coastal.csv,1.00,csv-only,subgroup=coastal
1015c97e02,spots/hiking,Llanthony Priory Circular,llanthony-priory,brecon-beacons,content/spots/hiking/brecon.csv,1.00,csv-only,subgroup=brecon
b362dbb424,spots/hiking,Llyn y Fan Fawr,llyn-y-fan-fawr,brecon-beacons,content/spots/hiking/brecon.csv,1.00,csv-only,subgroup=brecon
fd383e1d93,spots/hiking,Twmpa (Lord Hereford's Knob),lord-herefords-knob,brecon-beacons,content/spots/hiking/brecon.csv,1.00,csv-only,subgroup=brecon
98a81f81d5,spots/hiking,Marloes Peninsula,marloes-sands,pembrokeshire,content/spots/hiking/coastal.csv,1.00,csv-only,subgroup=coastal
4d3a624a9a,spots/hiking,Moel Eilio Ridge,moel-eilio,Snowdonia,content/spots/hiking/snowdonia.csv,1.00,csv-only,subgroup=snowdonia
db75c5b9d5,spots/hiking,Moel Hebog from Beddgelert,moel-hebog,Snowdonia,content/spots/hiking/snowdonia.csv,1.00,csv-only,subgroup=snowdonia
342aeeafcc,spots/hiking,Moel Siabod,moel-siabod,snowdonia,content/spots/hiking/snowdonia.csv,0.91,csv-only,subgroup=snowdonia
4efc8e815e,spots/hiking,Moel Siabod via Daear Ddu,moel-siabod-daear-ddu,Snowdonia,content/spots/hiking/snowdonia.csv,1.00,csv-only,subgroup=snowdonia
0a30774096,spots/hiking,Moelfre to Lligwy,moelfre-coast,anglesey,content/spots/hiking/coastal.csv,1.00,csv-only,subgroup=coastal
569fb1fa5e,spots/hiking,Moelwyn Mawr,moelwyn-mawr,Snowdonia,content/spots/hiking/snowdonia.csv,1.00,csv-only,subgroup=snowdonia
aa6a31370e,spots/hiking,Mwnt & Foel y Mwnt,mwnt,mid-wales,content/spots/hiking/coastal.csv,1.00,csv-only,subgroup=coastal
09879ae661,spots/hiking,Aberdaron & Mynydd Mawr,mynydd-mawr,llyn-peninsula,content/spots/hiking/coastal.csv,1.00,csv-only,subgroup=coastal
23f38f7ae7,spots/hiking,Nantlle Ridge,nantlle-ridge,Snowdonia,content/spots/hiking/snowdonia.csv,1.00,csv-only,subgroup=snowdonia
79bdb84a01,spots/hiking,New Quay to Cwmtydu,new-quay-cwmtydu,mid-wales,content/spots/hiking/coastal.csv,1.00,csv-only,subgroup=coastal
f82203be9d,spots/hiking,Oxwich Point,oxwich-point,gower,content/spots/hiking/coastal.csv,1.00,csv-only,subgroup=coastal
dad1b7dc82,spots/hiking,Pembrokeshire Coast Path,pembrokeshire-coast-path,pembrokeshire,content/spots/hiking/coastal.csv,0.88,csv-only,subgroup=coastal
c353fe39c3,spots/hiking,Pen y Crug,pen-y-crug,brecon-beacons,content/spots/hiking/brecon.csv,1.00,csv-only,subgroup=brecon
1d79a6990a,spots/hiking,Pen y Fan,pen-y-fan,brecon-beacons,content/spots/hiking/brecon.csv,0.88,csv-only,subgroup=brecon
9f9154cfa1,spots/hiking,Pen y Fan Horseshoe,pen-y-fan-horseshoe,brecon-beacons,content/spots/hiking/brecon.csv,1.00,csv-only,subgroup=brecon
32ecc9026c,spots/hiking,Pen y Fan via Pont ar Daf,pen-y-fan-pont-ar-daf,brecon-beacons,content/spots/hiking/brecon.csv,1.00,csv-only,subgroup=brecon
dcbeecfb61,spots/hiking,Pen y Fan via Storey Arms,pen-y-fan-storey-arms,brecon-beacons,content/spots/hiking/brecon.csv,1.00,csv-only,subgroup=brecon
567cdaa4ad,spots/hiking,Porth Cwyfan (Church in the Sea),porth-cwyfan,anglesey,content/spots/hiking/coastal.csv,1.00,csv-only,subgroup=coastal
aee0ac6395,spots/hiking,Porth Oer (Whistling Sands),porth-oer,llyn-peninsula,content/spots/hiking/coastal.csv,1.00,csv-only,subgroup=coastal
d98a7127b8,spots/hiking,Porthdinllaen & Morfa Nefyn,porthdinllaen,llyn-peninsula,content/spots/hiking/coastal.csv,1.00,csv-only,subgroup=coastal
65c9cdbb70,spots/hiking,Rhinog Fach & Y Llethr,rhinog-fach-llethr,Snowdonia,content/spots/hiking/snowdonia.csv,1.00,csv-only,subgroup=snowdonia
aa175e06f8,spots/hiking,Rhinog Fawr via Roman Steps,rhinog-fawr-roman-steps,Snowdonia,content/spots/hiking/snowdonia.csv,1.00,csv-only,subgroup=snowdonia
acc9830dfd,spots/hiking,Worm's Head,rhossili-worms-head,gower,content/spots/hiking/coastal.csv,0.88,csv-only,subgroup=coastal
87fe8d11c1,spots/hiking,The Skirrid (Skirrid Fawr),skirrid-fawr,brecon-beacons,content/spots/hiking/brecon.csv,1.00,csv-only,subgroup=brecon
a42d40c6f4,spots/hiking,Snowdon Llanberis Path,snowdon-llanberis,Snowdonia,content/spots/hiking/snowdonia.csv,1.00,csv-only,subgroup=snowdonia
be76d1f0dc,spots/hiking,Snowdon Miners' Track,snowdon-miners,Snowdonia,content/spots/hiking/snowdonia.csv,1.00,csv-only,subgroup=snowdonia
6918dcddcb,spots/hiking,Snowdon Pyg Track,snowdon-pyg,Snowdonia,content/spots/hiking/snowdonia.csv,1.00,csv-only,subgroup=snowdonia
cbfac4b42f,spots/hiking,Snowdon Ranger Path,snowdon-ranger,Snowdonia,content/spots/hiking/snowdonia.csv,1.00,csv-only,subgroup=snowdonia
94e66e036b,spots/hiking,Snowdon Rhyd Ddu Path,snowdon-rhyd-ddu,Snowdonia,content/spots/hiking/snowdonia.csv,1.00,csv-only,subgroup=snowdonia
7ed6542795,spots/hiking,Snowdon Watkin Path,snowdon-watkin,Snowdonia,content/spots/hiking/snowdonia.csv,1.00,csv-only,subgroup=snowdonia
385ba8b29d,spots/hiking,South Stack Cliffs,south-stack-cliffs,anglesey,content/spots/hiking/snowdonia.csv,0.91,csv-only,subgroup=snowdonia
746eddc5d1,spots/hiking,St Davids Head Circular,st-davids-head,pembrokeshire,content/spots/hiking/coastal.csv,1.00,csv-only,subgroup=coastal
6298b51ffc,spots/hiking,Stackpole & Barafundle,stackpole-head,pembrokeshire,content/spots/hiking/coastal.csv,1.00,csv-only,subgroup=coastal
3213bf10e3,spots/hiking,Sugar Loaf,sugar-loaf,brecon-beacons,content/spots/hiking/brecon.csv,1.00,csv-only,subgroup=brecon
eb3a9c05ca,spots/hiking,Sychnant Pass to Conwy,sychnant-pass,north-wales,content/spots/hiking/coastal.csv,0.88,csv-only,subgroup=coastal
2c01e11390,spots/hiking,Table Mountain (Crug Hywel),table-mountain-crickhowell,brecon-beacons,content/spots/hiking/brecon.csv,1.00,csv-only,subgroup=brecon
18c9c13abe,spots/hiking,Tal y Fan,tal-y-fan,Snowdonia,content/spots/hiking/snowdonia.csv,1.00,csv-only,subgroup=snowdonia
d77f7f6df1,spots/hiking,Talybont Reservoir Walk,talybont-reservoir,brecon-beacons,content/spots/hiking/brecon.csv,1.00,csv-only,subgroup=brecon
cb47e595c9,spots/hiking,Three Cliffs Bay,three-cliffs-bay,gower,content/spots/hiking/coastal.csv,1.00,csv-only,subgroup=coastal
cad45adeaa,spots/hiking,Tor y Foel,tor-y-foel,brecon-beacons,content/spots/hiking/brecon.csv,1.00,csv-only,subgroup=brecon
295b59b2e5,spots/hiking,Tryfan North Ridge,tryfan-north,snowdonia,content/spots/hiking/snowdonia.csv,0.91,csv-only,subgroup=snowdonia
a7aa730c91,spots/hiking,Tryfan North Ridge,tryfan-north-ridge,Snowdonia,content/spots/hiking/snowdonia.csv,1.00,csv-only,subgroup=snowdonia
22abe2d43a,spots/hiking,Tryfan South Ridge,tryfan-south-ridge,Snowdonia,content/spots/hiking/snowdonia.csv,1.00,csv-only,subgroup=snowdonia
b2d437e3d4,spots/hiking,Watkin Path,watkin-path,snowdonia,content/spots/hiking/snowdonia.csv,0.91,csv-only,subgroup=snowdonia
84ad15c52b,spots/hiking,Waun Fach & The Dragon's Back,waun-fach-dragons-back,brecon-beacons,content/spots/hiking/brecon.csv,1.00,csv-only,subgroup=brecon
0b2c646c19,spots/hiking,Whiteford Point & Lighthouse,whiteford-point,gower,content/spots/hiking/coastal.csv,1.00,csv-only,subgroup=coastal
b0ca9aa8d7,spots/hiking,Y Garn via Devil's Kitchen,y-garn-ogwen,Snowdonia,content/spots/hiking/snowdonia.csv,1.00,csv-only,subgroup=snowdonia
3c013a7b74,spots/hiking,Yr Aran,yr-aran,Snowdonia,content/spots/hiking/snowdonia.csv,1.00,csv-only,subgroup=snowdonia
dda53b3930,spots/hiking,Yr Eifl (The Rivals),yr-eifl,llyn-peninsula,content/spots/hiking/coastal.csv,1.00,csv-only,subgroup=coastal
f811b3343c,spots/hiking,Ysgyryd Fach (Little Skirrid),ysgyryd-fach,brecon-beacons,content/spots/hiking/brecon.csv,1.00,csv-only,subgroup=brecon
aed2836245,spots/surfing,Abereiddy,abereiddy,pembrokeshire,content/spots/surfing/pembrokeshire.csv,1.00,csv-only,subgroup=pembrokeshire
00cbaf0232,spots/surfing,Aberffraw,aberffraw,anglesey,content/spots/surfing/north-wales.csv,1.00,csv-only,subgroup=north-wales
e72df0c332,spots/surfing,Abersoch,abersoch,llyn-peninsula,content/spots/surfing/north-wales.csv,1.00,csv-only,subgroup=north-wales
8c00dbdac8,spots/surfing,Broad Haven (North),broad-haven,pembrokeshire,content/spots/surfing/pembrokeshire.csv,1.00,csv-only,subgroup=pembrokeshire
5ea1e025b3,spots/surfing,Broad Haven South,broad-haven-south,pembrokeshire,content/spots/surfing/pembrokeshire.csv,1.00,csv-only,subgroup=pembrokeshire
e8795fb4ae,spots/surfing,Broughton Bay,broughton,Gower,content/spots/surfing/gower.csv,1.00,csv-only,subgroup=gower
6785fbd516,spots/surfing,Cable Bay (Porth Trecastell),cable-bay,anglesey,content/spots/surfing/north-wales.csv,1.00,csv-only,subgroup=north-wales
a0c159fb24,spots/surfing,Caswell Bay,caswell,Gower,content/spots/surfing/gower.csv,1.00,csv-only,subgroup=gower
c38d2e04cc,spots/surfing,Crab Island,crab-island,Gower,content/spots/surfing/gower.csv,1.00,csv-only,subgroup=gower
d28a6756ec,spots/surfing,Criccieth,criccieth,llyn-peninsula,content/spots/surfing/north-wales.csv,1.00,csv-only,subgroup=north-wales
4466436d72,spots/surfing,Freshwater West,freshwater-west,pembrokeshire,content/spots/surfing/pembrokeshire.csv,1.00,csv-only,subgroup=pembrokeshire
72eeb7c415,spots/surfing,Horton,horton,Gower,content/spots/surfing/gower.csv,1.00,csv-only,subgroup=gower
8221e5a140,spots/surfing,Langland Bay,langland,Gower,content/spots/surfing/gower.csv,1.00,csv-only,subgroup=gower
e0dc384c21,spots/surfing,Llangennith,llangennith,Gower,content/spots/surfing/gower.csv,1.00,csv-only,subgroup=gower
4bb6df2972,spots/surfing,Manorbier,manorbier,pembrokeshire,content/spots/surfing/pembrokeshire.csv,1.00,csv-only,subgroup=pembrokeshire
8cf50d28b9,spots/surfing,Marloes Sands,marloes-sands,pembrokeshire,content/spots/surfing/pembrokeshire.csv,1.00,csv-only,subgroup=pembrokeshire
650bc426d1,spots/surfing,Newborough Beach (Llanddwyn),newborough,anglesey,content/spots/surfing/north-wales.csv,1.00,csv-only,subgroup=north-wales
ea1111b3b2,spots/surfing,Newgale,newgale,pembrokeshire,content/spots/surfing/pembrokeshire.csv,1.00,csv-only,subgroup=pembrokeshire
598184b666,spots/surfing,Oxwich Bay,oxwich,Gower,content/spots/surfing/gower.csv,1.00,csv-only,subgroup=gower
6303c7b3e2,spots/surfing,Port Eynon,port-eynon,Gower,content/spots/surfing/gower.csv,1.00,csv-only,subgroup=gower
e801035ba3,spots/surfing,Porth Ceiriad,porth-ceiriad,llyn-peninsula,content/spots/surfing/north-wales.csv,1.00,csv-only,subgroup=north-wales
781166619a,spots/surfing,Porth Neigwl (Hell's Mouth),porth-neigwl,llyn-peninsula,content/spots/surfing/north-wales.csv,1.00,csv-only,subgroup=north-wales
1bfbdb5dc6,spots/surfing,Porth Oer (Whistling Sands),porth-oer,llyn-peninsula,content/spots/surfing/north-wales.csv,1.00,csv-only,subgroup=north-wales
5f20ba2111,spots/surfing,Pwll Du,pwll-du,Gower,content/spots/surfing/gower.csv,1.00,csv-only,subgroup=gower
fa308ceeaa,spots/surfing,Rest Bay,rest-bay,south-wales,content/spots/surfing/gower.csv,0.91,csv-only,subgroup=gower
dabba70184,spots/surfing,Rhosneigr,rhosneigr,anglesey,content/spots/surfing/north-wales.csv,1.00,csv-only,subgroup=north-wales
292959fa51,spots/surfing,Rhossili Bay,rhossili,Gower,content/spots/surfing/gower.csv,1.00,csv-only,subgroup=gower
8196bda46e,spots/surfing,The Slade,slade,Gower,content/spots/surfing/gower.csv,1.00,csv-only,subgroup=gower
eda80c690a,spots/surfing,Tenby South Beach,tenby-south,pembrokeshire,content/spots/surfing/pembrokeshire.csv,1.00,csv-only,subgroup=pembrokeshire
a53e12895f,spots/surfing,Three Peaks,three-peaks,Gower,content/spots/surfing/gower.csv,1.00,csv-only,subgroup=gower
8ba7fed583,spots/surfing,Traeth Llydan (Broad Beach),traeth-llydan,anglesey,content/spots/surfing/north-wales.csv,1.00,csv-only,subgroup=north-wales
292f690dd3,spots/surfing,West Angle Bay,west-angle,pembrokeshire,content/spots/surfing/pembrokeshire.csv,1.00,csv-only,subgroup=pembrokeshire
b853cc6309,spots/surfing,Whitesands Bay,whitesands,pembrokeshire,content/spots/surfing/pembrokeshire.csv,1.00,csv-only,subgroup=pembrokeshire
2a3fbe1113,spots/swimming,Aber Falls,aber-falls,snowdonia,content/spots/swimming/rivers.csv,0.90,csv-only,subgroup=rivers
f69472b223,spots/swimming,Cenarth Falls,cenarth-falls,mid-wales,content/spots/swimming/rivers.csv,0.70,csv-only,subgroup=rivers
b86ec08edc,spots/swimming,Conwy Falls,conwy-falls,snowdonia,content/spots/swimming/rivers.csv,0.70,csv-only,subgroup=rivers
6ecb433971,spots/swimming,Devil's Bridge Falls,devils-bridge,mid-wales,content/spots/swimming/rivers.csv,0.70,csv-only,subgroup=rivers
ffd4fae5c8,spots/swimming,Fairy Glen,fairy-glen,snowdonia,content/spots/swimming/rivers.csv,1.00,csv-only,subgroup=rivers
e7afdb585d,spots/swimming,Henrhyd Falls,henrhyd-falls,brecon-beacons,content/spots/swimming/rivers.csv,0.90,csv-only,subgroup=rivers
b6e114072e,spots/swimming,Horseshoe Falls,horseshoe-falls,north-wales,content/spots/swimming/rivers.csv,1.00,csv-only,subgroup=rivers
b9b12c2d10,spots/swimming,Llyn Arenig Fawr,llyn-arenig-fawr,snowdonia,content/spots/swimming/lakes.csv,1.00,csv-only,subgroup=lakes
5ce870564e,spots/swimming,Llyn Bodlyn,llyn-bodlyn,snowdonia,content/spots/swimming/lakes.csv,1.00,csv-only,subgroup=lakes
270d0a4b94,spots/swimming,Llyn Cau,llyn-cau,snowdonia,content/spots/swimming/lakes.csv,1.00,csv-only,subgroup=lakes
160517d67d,spots/swimming,Llyn Cowlyd,llyn-cowlyd,snowdonia,content/spots/swimming/lakes.csv,1.00,csv-only,subgroup=lakes
eba9600888,spots/swimming,Llyn Crafnant,llyn-crafnant,snowdonia,content/spots/swimming/lakes.csv,1.00,csv-only,subgroup=lakes
57af40bdd7,spots/swimming,Llyn Cwellyn,llyn-cwellyn,snowdonia,content/spots/swimming/lakes.csv,1.00,csv-only,subgroup=lakes
177ba6fc83,spots/swimming,Llyn Dinas,llyn-dinas,snowdonia,content/spots/swimming/lakes.csv,1.00,csv-only,subgroup=lakes
b0ec64d82f,spots/swimming,Llyn Dulyn,llyn-dulyn,snowdonia,content/spots/swimming/lakes.csv,1.00,csv-only,subgroup=lakes
b1d341ebd6,spots/swimming,Llyn Eigiau,llyn-eigiau,snowdonia,content/spots/swimming/lakes.csv,1.00,csv-only,subgroup=lakes
26d6d1ff82,spots/swimming,Llyn Geirionydd,llyn-geirionydd,snowdonia,content/spots/swimming/lakes.csv,1.00,csv-only,subgroup=lakes
8820871a15,spots/swimming,Llyn Gwynant,llyn-gwynant,snowdonia,content/spots/swimming/lakes.csv,1.00,csv-only,subgroup=lakes
02d5f0cb56,spots/swimming,Llyn Idwal,llyn-idwal,snowdonia,content/spots/swimming/lakes.csv,1.00,csv-only,subgroup=lakes
fb96800534,spots/swimming,Llyn Llydaw,llyn-llydaw,snowdonia,content/spots/swimming/lakes.csv,1.00,csv-only,subgroup=lakes
0e91ab7336,spots/swimming,Llyn Ogwen,llyn-ogwen,snowdonia,content/spots/swimming/lakes.csv,1.00,csv-only,subgroup=lakes
f640f06756,spots/swimming,Llyn Padarn,llyn-padarn,snowdonia,content/spots/swimming/lakes.csv,1.00,csv-only,subgroup=lakes
d2190708e9,spots/swimming,Llyn Tegid (Bala Lake),llyn-tegid,snowdonia,content/spots/swimming/lakes.csv,1.00,csv-only,subgroup=lakes
c986d3485b,spots/swimming,Llyn y Fan Fach,llyn-y-fan-fach,brecon-beacons,content/spots/swimming/lakes.csv,1.00,csv-only,subgroup=lakes
51fc6794a0,spots/swimming,Llyn y Fan Fawr,llyn-y-fan-fawr,brecon-beacons,content/spots/swimming/lakes.csv,1.00,csv-only,subgroup=lakes
34cfdd7d05,spots/swimming,Llynnau Mymbyr,llynnau-mymbyr,snowdonia,content/spots/swimming/lakes.csv,1.00,csv-only,subgroup=lakes
4fa21abd5e,spots/swimming,Melincourt Falls,melincourt-falls,south-wales,content/spots/swimming/rivers.csv,0.80,csv-only,subgroup=rivers
3c8c7b99fd,spots/swimming,Pistyll Rhaeadr,pistyll-rhaeadr,powys,content/spots/swimming/rivers.csv,0.70,csv-only,subgroup=rivers
da2dde1365,spots/swimming,Swallow Falls,rhaeadr-ewynnol,snowdonia,content/spots/swimming/rivers.csv,1.00,csv-only,subgroup=rivers
f9ee2f6d0a,spots/swimming,Sgwd Gwladus,sgwd-gwladus,brecon-beacons,content/spots/swimming/rivers.csv,0.90,csv-only,subgroup=rivers
717f1ed65f,spots/swimming,Skenfrith Castle,skenfrith-castle,south-wales,content/spots/swimming/rivers.csv,0.90,csv-only,subgroup=rivers
90f6effa27,spots/swimming,Tal-y-llyn Lake (Llyn Mwyngil),tal-y-llyn,snowdonia,content/spots/swimming/lakes.csv,1.00,csv-only,subgroup=lakes
e93845d894,spots/swimming,The Warren,the-warren,mid-wales,content/spots/swimming/rivers.csv,0.90,csv-only,subgroup=rivers
fd7affa253,spots/swimming,Watkin Path Pools,watkin-path-pools,snowdonia,content/spots/swimming/rivers.csv,0.90,csv-only,subgroup=rivers
3528e540ab,spots/swimming,Wolf's Leap,wolfs-leap,mid-wales,content/spots/swimming/rivers.csv,0.80,csv-only,subgroup=rivers
a60487afac,spots/wild-swimming,Barafundle Bay,barafundle,pembrokeshire,content/spots/wild-swimming/spots.csv,1.00,csv-only,subgroup=spots
27f1f04422,spots/wild-swimming,Blue Lagoon,blue-lagoon-abereiddy,pembrokeshire,content/spots/wild-swimming/spots.csv,1.00,csv-only,subgroup=spots
e53029082b,spots/wild-swimming,Blue Pool (Ceibwr),blue-pool-ceredigion,pembrokeshire,content/spots/wild-swimming/spots.csv,1.00,csv-only,subgroup=spots
f17d20509c,spots/wild-swimming,Fairy Glen,fairy-glen,snowdonia,content/spots/wild-swimming/spots.csv,1.00,csv-only,subgroup=spots
c00db3435e,spots/wild-swimming,Horseshoe Falls,horseshoe-falls,north-wales,content/spots/wild-swimming/spots.csv,1.00,csv-only,subgroup=spots
022b469014,spots/wild-swimming,Llyn Cau,llyn-cau,snowdonia,content/spots/wild-swimming/spots.csv,1.00,csv-only,subgroup=spots
68e68048e6,spots/wild-swimming,Llyn Gwynant,llyn-gwynant,snowdonia,content/spots/wild-swimming/spots.csv,1.00,csv-only,subgroup=spots
3421787927,spots/wild-swimming,Llyn Idwal,llyn-idwal,snowdonia,content/spots/wild-swimming/spots.csv,1.00,csv-only,subgroup=spots
197c22ce52,spots/wild-swimming,Llyn Padarn,llyn-padarn,snowdonia,content/spots/wild-swimming/spots.csv,1.00,csv-only,subgroup=spots
381a5c7db4,spots/wild-swimming,Mawddach Estuary,mawddach-estuary,snowdonia,content/spots/wild-swimming/spots.csv,1.00,csv-only,subgroup=spots
9dae35599a,spots/wild-swimming,Swallow Falls,rhaeadr-ewynnol,snowdonia,content/spots/wild-swimming/spots.csv,1.00,csv-only,subgroup=spots
3c0f416ef4,spots/wild-swimming,Three Cliffs Bay,three-cliffs,gower,content/spots/wild-swimming/spots.csv,1.00,csv-only,subgroup=spots
7ebfbfd85f,transport,114 (Swansea-Rhossili),114-swansea-rhossili,Gower,content/transport/buses.csv,0.64,csv-only,subgroup=buses
2b46787933,transport,115 (Swansea-Llangennith),115-swansea-llangennith,Gower,content/transport/buses.csv,0.64,csv-only,subgroup=buses
7b84ddd2ad,transport,118 (Swansea-Port Eynon),118-swansea-port-eynon,Gower,content/transport/buses.csv,0.64,csv-only,subgroup=buses
d3cd3b463c,transport,119 (Swansea-Oxwich),119-swansea-oxwich,Gower,content/transport/buses.csv,0.64,csv-only,subgroup=buses
f36397b561,transport,315 (Haverfordwest-Marloes),315-haverfordwest-marloes,Pembrokeshire,content/transport/buses.csv,0.64,csv-only,subgroup=buses
5f0a93a4b2,transport,349 (Tenby-Pembroke),349-tenby-pembroke,Pembrokeshire,content/transport/buses.csv,0.64,csv-only,subgroup=buses
d7ea11ad89,transport,351 (Tenby-Amroth),351-tenby-amroth,Pembrokeshire,content/transport/buses.csv,0.64,csv-only,subgroup=buses
bd03c21859,transport,4 (Llangefni-Rhosneigr),4-llangefni-rhosneigr,Anglesey,content/transport/buses.csv,0.64,csv-only,subgroup=buses
7551ea8350,transport,42 (Bangor-Holyhead),42-bangor-holyhead,Anglesey,content/transport/buses.csv,0.64,csv-only,subgroup=buses
67680a407c,transport,Aberdare,aberdare,South Wales,content/transport/trains.csv,1.00,csv-only,subgroup=trains
d3877ca489,transport,Abergavenny,abergavenny,South Wales,content/transport/trains.csv,1.00,csv-only,subgroup=trains
f336c4fd7a,transport,Aberystwyth,aberystwyth,Mid Wales,content/transport/trains.csv,1.00,csv-only,subgroup=trains
a83d227880,transport,Antur Stiniog,antur-stiniog,Snowdonia,content/transport/buses.csv,0.64,csv-only,subgroup=buses
7b18926cf6,transport,Antur Stiniog Uplift,antur-stiniog-uplift,Snowdonia,content/transport/buses.csv,0.64,csv-only,subgroup=buses
4664421ec5,transport,Bangor,bangor,North Wales,content/transport/trains.csv,0.38,csv-only,subgroup=trains
74aab7674f,transport,Bangor (Gwynedd),bangor-gwynedd,North Wales,content/transport/trains.csv,1.00,csv-only,subgroup=trains
59683dbacf,transport,Barmouth,barmouth,Mid Wales,content/transport/trains.csv,1.00,csv-only,subgroup=trains
202c1ecebc,transport,Barry Island,barry-island,South Wales,content/transport/trains.csv,1.00,csv-only,subgroup=trains
36b7a91e7a,transport,Beics Brenin (Coed y Brenin),beics-brenin-coed-y-brenin,Snowdonia,content/transport/buses.csv,0.64,csv-only,subgroup=buses
684be1ff2f,transport,Betws-y-Coed,betws-y-coed,North Wales,content/transport/trains.csv,1.00,csv-only,subgroup=trains
1e9a9eeca4,transport,BikePark Wales Hire,bikepark-wales-hire,Brecon Beacons,content/transport/buses.csv,0.64,csv-only,subgroup=buses
d6ea26a059,transport,BikePark Wales Shuttle,bikepark-wales-shuttle,Brecon Beacons,content/transport/buses.csv,0.64,csv-only,subgroup=buses
0aeb124085,transport,Blaenau Ffestiniog,blaenau-ffestiniog,North Wales,content/transport/trains.csv,1.00,csv-only,subgroup=trains
1c98cc0eb4,transport,Bodorgan,bodorgan,Anglesey,content/transport/trains.csv,1.00,csv-only,subgroup=trains
ae25a5856b,transport,Borth,borth,Mid Wales,content/transport/trains.csv,1.00,csv-only,subgroup=trains
066eaf98b1,transport,Bridgend,bridgend,South Wales,content/transport/trains.csv,1.00,csv-only,subgroup=trains
935ba68234,transport,Cardiff Central,cardiff-central,South Wales,content/transport/trains.csv,0.38,csv-only,subgroup=trains
c27f376edc,transport,Carmarthen,carmarthen,South Wales,content/transport/trains.csv,1.00,csv-only,subgroup=trains
e4044c77d0,transport,Celtic Coaster 403,celtic-coaster-403,Pembrokeshire,content/transport/buses.csv,1.00,csv-only,subgroup=buses
d26eb2c3b1,transport,Chepstow,chepstow,South Wales,content/transport/trains.csv,1.00,csv-only,subgroup=trains
abab21c226,transport,Chirk,chirk,North Wales,content/transport/trains.csv,1.00,csv-only,subgroup=trains
742371871b,transport,Coastal Bus Shuttles,coastal-bus-shuttles,Pembrokeshire,content/transport/buses.csv,0.64,csv-only,subgroup=buses
78161ce5e3,transport,Coastal Cruiser 387,coastal-cruiser-387,Pembrokeshire,content/transport/buses.csv,1.00,csv-only,subgroup=buses
4993afeeb6,transport,Coastal Cruiser (387/388),coastal-cruiser-387-388,Pembrokeshire,content/transport/buses.csv,0.64,csv-only,subgroup=buses
040640a24c,transport,Conwy,conwy,North Wales,content/transport/trains.csv,1.00,csv-only,subgroup=trains
06aeea47e0,transport,Criccieth,criccieth,North Wales,content/transport/trains.csv,1.00,csv-only,subgroup=trains
6adf8413e3,transport,Dolgellau (via Machynlleth),dolgellau-via-machynlleth,Mid Wales,content/transport/trains.csv,0.38,csv-only,subgroup=trains
a14d094981,transport,Dolwyddelan,dolwyddelan,North Wales,content/transport/trains.csv,1.00,csv-only,subgroup=trains
2ae64b3095,transport,Dovey Junction,dovey-junction,Mid Wales,content/transport/trains.csv,1.00,csv-only,subgroup=trains
41d5a28d6e,transport,Dyffryn Ardudwy,dyffryn-ardudwy,Mid Wales,content/transport/trains.csv,1.00,csv-only,subgroup=trains
39764285bf,transport,Fairbourne,fairbourne,Mid Wales,content/transport/trains.csv,1.00,csv-only,subgroup=trains
47b9a0bff2,transport,Ferryside,ferryside,South Wales,content/transport/trains.csv,1.00,csv-only,subgroup=trains
7deee67d31,transport,Fflecsi (on-demand),fflecsi-on-demand,Pembrokeshire,content/transport/buses.csv,0.64,csv-only,subgroup=buses
d17c531a66,transport,Fishguard & Goodwick,fishguard-and-goodwick,Pembrokeshire,content/transport/trains.csv,1.00,csv-only,subgroup=trains
e7b64b9d0b,transport,Fishguard Harbour,fishguard-harbour,Pembrokeshire,content/transport/trains.csv,0.38,csv-only,subgroup=trains
ec3c73cc9a,transport,Flint,flint,North Wales,content/transport/trains.csv,1.00,csv-only,subgroup=trains
e862fd2724,transport,Funsport Rhosneigr,funsport-rhosneigr,Anglesey,content/transport/buses.csv,0.64,csv-only,subgroup=buses
df940e3a93,transport,Gecko Surf,gecko-surf,Anglesey,content/transport/buses.csv,0.64,csv-only,subgroup=buses
9673c41685,transport,Gower 114,gower-114,South Wales,content/transport/buses.csv,1.00,csv-only,subgroup=buses
5dbaad6f26,transport,Gower 118,gower-118,South Wales,content/transport/buses.csv,1.00,csv-only,subgroup=buses
1bd42a036b,transport,Gower 119,gower-119,South Wales,content/transport/buses.csv,1.00,csv-only,subgroup=buses
bb2101297e,transport,Gowerton,gowerton,South Wales,content/transport/trains.csv,1.00,csv-only,subgroup=trains
096241c999,transport,Harlech,harlech,Mid Wales,content/transport/trains.csv,1.00,csv-only,subgroup=trains
dbd2cc6668,transport,Haverfordwest,haverfordwest,Pembrokeshire,content/transport/trains.csv,1.00,csv-only,subgroup=trains
cf16e14097,transport,Holyhead,holyhead,North Wales,content/transport/trains.csv,1.00,csv-only,subgroup=trains
88197ef150,transport,Kidwelly,kidwelly,South Wales,content/transport/trains.csv,1.00,csv-only,subgroup=trains
2df723934d,transport,Knighton,knighton,Mid Wales,content/transport/trains.csv,1.00,csv-only,subgroup=trains
a394234e5b,transport,Llandegla Shuttle,llandegla-shuttle,North Wales,content/transport/buses.csv,0.64,csv-only,subgroup=buses
58a162f7e1,transport,Llandovery,llandovery,Mid Wales,content/transport/trains.csv,1.00,csv-only,subgroup=trains
6f6fa42afb,transport,Llandrindod,llandrindod,Mid Wales,content/transport/trains.csv,1.00,csv-only,subgroup=trains
b62878c3a5,transport,Llandudno Junction,llandudno-junction,North Wales,content/transport/trains.csv,1.00,csv-only,subgroup=trains
fe22602cc3,transport,Llanelli,llanelli,South Wales,content/transport/trains.csv,1.00,csv-only,subgroup=trains
f8bcc8d407,transport,Llanfairfechan,llanfairfechan,North Wales,content/transport/trains.csv,1.00,csv-only,subgroup=trains
ef0ae9e9d2,transport,Llanwrtyd,llanwrtyd,Mid Wales,content/transport/trains.csv,1.00,csv-only,subgroup=trains
f6859e2cff,transport,Llwyngwril,llwyngwril,Mid Wales,content/transport/trains.csv,1.00,csv-only,subgroup=trains
fdcf3e8b57,transport,Machynlleth,machynlleth,Mid Wales,content/transport/trains.csv,1.00,csv-only,subgroup=trains
351bbb0c3a,transport,Merthyr Tydfil,merthyr-tydfil,South Wales,content/transport/trains.csv,1.00,csv-only,subgroup=trains
e08aa391b3,transport,Milford Haven,milford-haven,Pembrokeshire,content/transport/trains.csv,1.00,csv-only,subgroup=trains
d213d4f4e8,transport,Minffordd,minffordd,North Wales,content/transport/trains.csv,1.00,csv-only,subgroup=trains
9e60b0612a,transport,Morfa Mawddach,morfa-mawddach,Mid Wales,content/transport/trains.csv,1.00,csv-only,subgroup=trains
bd33a51f90,transport,Neath,neath,South Wales,content/transport/trains.csv,1.00,csv-only,subgroup=trains
0e61b7f001,transport,One Planet Adventure,one-planet-adventure,North Wales,content/transport/buses.csv,0.64,csv-only,subgroup=buses
2cf08c9515,transport,Pembrey & Burry Port,pembrey-and-burry-port,South Wales,content/transport/trains.csv,1.00,csv-only,subgroup=trains
de45dda16b,transport,Pembroke,pembroke,Pembrokeshire,content/transport/trains.csv,1.00,csv-only,subgroup=trains
f1dc7c2365,transport,Pembroke/Pembroke Dock,pembroke-pembroke-dock,Pembrokeshire,content/transport/trains.csv,0.38,csv-only,subgroup=trains
8c204deb32,transport,Penmaenmawr,penmaenmawr,North Wales,content/transport/trains.csv,1.00,csv-only,subgroup=trains
69c01b455c,transport,Plas y Brenin,plas-y-brenin,Snowdonia,content/transport/buses.csv,0.64,csv-only,subgroup=buses
25dafb7ae2,transport,Pont-y-Pant,pont-y-pant,North Wales,content/transport/trains.csv,1.00,csv-only,subgroup=trains
6fa5f0b3ca,transport,Pontypool & New Inn,pontypool-and-new-inn,South Wales,content/transport/trains.csv,1.00,csv-only,subgroup=trains
6b33d3102d,transport,Poppit Rocket 405,poppit-rocket-405,Pembrokeshire,content/transport/buses.csv,1.00,csv-only,subgroup=buses
699a983cb4,transport,Port Talbot Parkway,port-talbot-parkway,South Wales,content/transport/trains.csv,1.00,csv-only,subgroup=trains
df2125defe,transport,Porthmadog,porthmadog,North Wales,content/transport/trains.csv,1.00,csv-only,subgroup=trains
f1968e7fe1,transport,Preseli Venture,preseli-venture,Pembrokeshire,content/transport/buses.csv,0.64,csv-only,subgroup=buses
bd5a4cf076,transport,Prestatyn,prestatyn,North Wales,content/transport/trains.csv,1.00,csv-only,subgroup=trains
49bec5deb8,transport,Puffin Shuttle 400,puffin-shuttle-400,Pembrokeshire,content/transport/buses.csv,1.00,csv-only,subgroup=buses
38919aa2f6,transport,Pwllheli,pwllheli,North Wales,content/transport/trains.csv,1.00,csv-only,subgroup=trains
c50faffd75,transport,Rhosneigr,rhosneigr,Anglesey,content/transport/trains.csv,1.00,csv-only,subgroup=trains
f177b9214a,transport,Rhymney,rhymney,South Wales,content/transport/trains.csv,1.00,csv-only,subgroup=trains
1b22f082a3,transport,Ruabon,ruabon,North Wales,content/transport/trains.csv,1.00,csv-only,subgroup=trains
41323cd44b,transport,S1 (Llanberis-Bangor),s1-llanberis-bangor,North Wales,content/transport/buses.csv,0.64,csv-only,subgroup=buses
b3b0aa69a1,transport,S2 (Betws-y-Coed),s2-betws-y-coed,North Wales,content/transport/buses.csv,0.64,csv-only,subgroup=buses
f37457a55d,transport,S97 (Pen-y-Pass),s97-pen-y-pass,North Wales,content/transport/buses.csv,0.64,csv-only,subgroup=buses
74c6a87880,transport,Saundersfoot,saundersfoot,Pembrokeshire,content/transport/trains.csv,1.00,csv-only,subgroup=trains
22f6192940,transport,Service 315,service-315,Pembrokeshire,content/transport/buses.csv,1.00,csv-only,subgroup=buses
1f4c3f2224,transport,Service 349,service-349,Pembrokeshire,content/transport/buses.csv,1.00,csv-only,subgroup=buses
e354ec05a1,transport,Service 351,service-351,Pembrokeshire,content/transport/buses.csv,1.00,csv-only,subgroup=buses
ae46e1cb7a,transport,Service 4,service-4,Anglesey,content/transport/buses.csv,1.00,csv-only,subgroup=buses
1be2f704cf,transport,Service 42,service-42,Anglesey,content/transport/buses.csv,1.00,csv-only,subgroup=buses
166ddd16b3,transport,Service 83,service-83,South Wales,content/transport/buses.csv,1.00,csv-only,subgroup=buses
f1c1899afa,transport,Service X1,service-x1,North Wales,content/transport/buses.csv,1.00,csv-only,subgroup=buses
6cd3e3b2fb,transport,Service X4,service-x4,Anglesey,content/transport/buses.csv,1.00,csv-only,subgroup=buses
5837f4bb4c,transport,Service X43,service-x43,South Wales,content/transport/buses.csv,1.00,csv-only,subgroup=buses
8308623370,transport,Service X50,service-x50,North Wales,content/transport/buses.csv,1.00,csv-only,subgroup=buses
e3874905a5,transport,Snowdon Sherpa,snowdon-sherpa,Snowdonia,content/transport/buses.csv,0.64,csv-only,subgroup=buses
c68a1dc8a0,transport,Snowdon Sherpa S1,snowdon-sherpa-s1,North Wales,content/transport/buses.csv,1.00,csv-only,subgroup=buses
c3e533f0a4,transport,Snowdon Sherpa S2,snowdon-sherpa-s2,North Wales,content/transport/buses.csv,1.00,csv-only,subgroup=buses
0911eca244,transport,Snowdon Sherpa S4,snowdon-sherpa-s4,North Wales,content/transport/buses.csv,1.00,csv-only,subgroup=buses
425cef3f33,transport,Snowdon Sherpa S97,snowdon-sherpa-s97,North Wales,content/transport/buses.csv,1.00,csv-only,subgroup=buses
3e48ba4b04,transport,Strumble Shuttle 404,strumble-shuttle-404,Pembrokeshire,content/transport/buses.csv,1.00,csv-only,subgroup=buses
3e6b836bf2,transport,Sugar Loaf,sugar-loaf,Mid Wales,content/transport/trains.csv,1.00,csv-only,subgroup=trains
74ad0f3e58,transport,Swansea,swansea,South Wales,content/transport/trains.csv,1.00,csv-only,subgroup=trains
b1edbc6e7d,transport,T12 (TrawsCymru),t12-trawscymru,Mid Wales,content/transport/buses.csv,0.64,csv-only,subgroup=buses
7d2d55e340,transport,T2 (TrawsCymru),t2-trawscymru,North/Mid Wales,content/transport/buses.csv,0.64,csv-only,subgroup=buses
fc34b6515b,transport,T4 (TrawsCymru),t4-trawscymru,South/Mid Wales,content/transport/buses.csv,0.64,csv-only,subgroup=buses
9ca0f42ab7,transport,T6 (TrawsCymru),t6-trawscymru,South Wales,content/transport/buses.csv,0.64,csv-only,subgroup=buses
fec789855b,transport,Taff Trail Bus,taff-trail-bus,South Wales,content/transport/buses.csv,0.64,csv-only,subgroup=buses
06520aa112,transport,Tenby,tenby,Pembrokeshire,content/transport/trains.csv,1.00,csv-only,subgroup=trains
955a2c50e3,transport,TrawsCymru T1,trawscymru-t1,Mid Wales,content/transport/buses.csv,1.00,csv-only,subgroup=buses
578f0f3f74,transport,TrawsCymru T10,trawscymru-t10,North Wales,content/transport/buses.csv,1.00,csv-only,subgroup=buses
1c08f48bb7,transport,TrawsCymru T11,trawscymru-t11,Pembrokeshire,content/transport/buses.csv,1.00,csv-only,subgroup=buses
f59312c6a0,transport,TrawsCymru T12,trawscymru-t12,Mid Wales,content/transport/buses.csv,1.00,csv-only,subgroup=buses
deef9acad4,transport,TrawsCymru T19,trawscymru-t19,North Wales,content/transport/buses.csv,1.00,csv-only,subgroup=buses
3c274ba733,transport,TrawsCymru T2,trawscymru-t2,Mid Wales,content/transport/buses.csv,1.00,csv-only,subgroup=buses
534ac5170e,transport,TrawsCymru T22,trawscymru-t22,North Wales,content/transport/buses.csv,1.00,csv-only,subgroup=buses
022595b398,transport,TrawsCymru T3,trawscymru-t3,North Wales,content/transport/buses.csv,1.00,csv-only,subgroup=buses
a87224925b,transport,TrawsCymru T4,trawscymru-t4,South Wales,content/transport/buses.csv,1.00,csv-only,subgroup=buses
7ca58ffc0a,transport,TrawsCymru T5,trawscymru-t5,Pembrokeshire,content/transport/buses.csv,1.00,csv-only,subgroup=buses
39d7114d40,transport,TrawsCymru T6,trawscymru-t6,South Wales,content/transport/buses.csv,1.00,csv-only,subgroup=buses
02b215b3e9,transport,Treherbert,treherbert,South Wales,content/transport/trains.csv,1.00,csv-only,subgroup=trains
812938ac39,transport,Ty Croes,ty-croes,Anglesey,content/transport/trains.csv,1.00,csv-only,subgroup=trains
9f29290062,transport,TYF Adventure,tyf-adventure,Pembrokeshire,content/transport/buses.csv,0.64,csv-only,subgroup=buses
27af2750bb,transport,TYF Bike Hire,tyf-bike-hire,Pembrokeshire,content/transport/buses.csv,0.64,csv-only,subgroup=buses
d4fa4a25a6,transport,Tywyn,tywyn,Mid Wales,content/transport/trains.csv,1.00,csv-only,subgroup=trains
7f2f8e16a1,transport,X1 (Wrexham-Llandudno),x1-wrexham-llandudno,North Wales,content/transport/buses.csv,0.64,csv-only,subgroup=buses
d4707c84f2,transport,X4 (Holyhead-Llandudno),x4-holyhead-llandudno,Anglesey/North Wales,content/transport/buses.csv,0.64,csv-only,subgroup=buses
09110240ee,transport,X43 (Brecon-Abergavenny),x43-brecon-abergavenny,South Wales,content/transport/buses.csv,0.64,csv-only,subgroup=buses
fe9a338fd8,transport,X50 (Wrexham-Denbigh-Rhyl),x50-wrexham-denbigh-rhyl,Mid/North Wales,content/transport/buses.csv,0.64,csv-only,subgroup=buses
